machine_id,started_at,inferred_ended_at,event_type,status_code,status_description,event_seq_code,source_generation
203,2026-07-16 16:19:39.879-05,2026-07-16 16:20:40.943-05,B,139,Rewind Material,,legacy
203,2026-07-16 16:20:40.943-05,2026-07-16 16:29:42.34-05,G,150,Run Production,,legacy
203,2026-07-16 16:29:42.34-05,2026-07-16 17:07:48.432-05,B,354,Housekeeping,,legacy
203,2026-07-16 17:07:48.432-05,2026-07-16 18:10:59.07-05,G,150,Run Production,,legacy
203,2026-07-16 18:10:59.07-05,2026-07-16 20:11:25.134-05,B,82,Dr. Blade Change,,legacy
203,2026-07-16 20:11:25.134-05,2026-07-16 21:35:36.957-05,B,95,Press Problem / Impression,,legacy
203,2026-07-16 21:35:36.957-05,2026-07-17 00:45:04.373-05,G,150,Run Production,,legacy
203,2026-07-17 00:45:04.373-05,2026-07-17 01:25:12.499-05,B,145-98,Quality Hold,,legacy
203,2026-07-17 01:25:12.499-05,2026-07-17 05:15:48.184-05,G,150,Run Production,,legacy
203,2026-07-17 05:15:48.184-05,2026-07-17 06:23:58.564-05,B,82,Dr. Blade Change,,legacy
203,2026-07-17 06:23:58.564-05,2026-07-17 14:29:25.4-05,B,145-6,Ink Spill,,legacy
203,2026-07-17 14:29:25.4-05,2026-07-17 14:47:28.046-05,B,125,Substrate - Other,,legacy
203,2026-07-17 14:47:28.046-05,2026-07-17 15:43:35.501-05,G,150,Run Production,,legacy
203,2026-07-17 15:43:35.501-05,2026-07-17 15:48:36.164-05,B,64,Mech - Press Other,,legacy
203,2026-07-17 15:48:36.164-05,2026-07-17 17:08:47.244-05,B,29,Electrical: Press Other,,legacy
203,2026-07-17 17:08:47.244-05,2026-07-17 17:38:51.128-05,B,350,Roll Change,,legacy
203,2026-07-17 17:38:51.128-05,2026-07-17 17:49:52.67-05,G,150,Run Production,,legacy
203,2026-07-17 17:49:52.67-05,2026-07-17 17:58:53.82-05,B,83,Drum: Clean,,legacy
203,2026-07-17 17:58:53.82-05,2026-07-17 20:17:21.92-05,B,125,Substrate - Other,,legacy
203,2026-07-17 20:17:21.92-05,2026-07-20 20:07:50.119-05,B,450,Non Productive,,legacy
203,2026-07-20 20:07:50.119-05,2026-07-20 20:08:50.301-05,M,47,Make Ready - Time Required to Setup Job,,legacy
203,2026-07-20 20:08:50.301-05,2026-07-20 20:46:55.128-05,G,150,Run Production,,legacy
203,2026-07-20 20:46:55.128-05,2026-07-20 21:03:57.788-05,B,350,Roll Change,,legacy
203,2026-07-20 21:03:57.788-05,2026-07-20 21:50:07.899-05,B,126,Substrate - Web Break,,legacy
203,2026-07-20 21:50:07.899-05,2026-07-20 22:08:11.646-05,B,64,Mech - Press Other,,legacy
203,2026-07-20 22:08:11.646-05,2026-07-20 22:23:15.262-05,B,99,Plates: Wash,,legacy
203,2026-07-20 22:23:15.262-05,2026-07-20 23:05:24.798-05,G,150,Run Production,,legacy
203,2026-07-20 23:05:24.798-05,2026-07-20 23:14:26.936-05,B,145-4,Plate Wash,,legacy
203,2026-07-20 23:14:26.936-05,2026-07-21 00:09:34.191-05,G,150,Run Production,,legacy
203,2026-07-21 00:09:34.191-05,2026-07-21 00:21:35.733-05,B,145-4,Plate Wash,,legacy
203,2026-07-21 00:21:35.733-05,2026-07-21 00:32:37.13-05,G,150,Run Production,,legacy
203,2026-07-21 00:32:37.13-05,2026-07-21 00:45:38.597-05,B,350,Roll Change,,legacy
203,2026-07-21 00:45:38.597-05,2026-07-21 01:25:43.792-05,G,150,Run Production,,legacy
203,2026-07-21 01:25:43.792-05,2026-07-21 01:26:43.914-05,B,350,Roll Change,,legacy
203,2026-07-21 01:26:43.914-05,2026-07-21 01:46:46.383-05,G,150,Run Production,,legacy
203,2026-07-21 01:46:46.383-05,2026-07-21 02:21:50.782-05,B,350,Roll Change,,legacy
203,2026-07-21 02:21:50.782-05,2026-07-21 03:11:57.252-05,G,150,Run Production,,legacy
203,2026-07-21 03:11:57.252-05,2026-07-21 03:30:00.991-05,B,350,Roll Change,,legacy
203,2026-07-21 03:30:00.991-05,2026-07-21 04:18:11.326-05,G,150,Run Production,,legacy
203,2026-07-21 04:18:11.326-05,2026-07-21 04:33:14.841-05,B,350,Roll Change,,legacy
203,2026-07-21 04:33:14.841-05,2026-07-21 04:35:15.289-05,G,150,Run Production,,legacy
203,2026-07-21 04:35:15.289-05,2026-07-21 05:03:21.615-05,B,354,Housekeeping,,legacy
203,2026-07-21 05:03:21.615-05,2026-07-21 05:21:25.521-05,G,150,Run Production,,legacy
203,2026-07-21 05:21:25.521-05,2026-07-21 05:35:28.118-05,B,350,Roll Change,,legacy
203,2026-07-21 05:35:28.118-05,2026-07-21 11:38:39.343-05,G,150,Run Production,,legacy
203,2026-07-21 11:38:39.343-05,2026-07-21 11:47:40.611-05,B,82,Dr. Blade Change,,legacy
203,2026-07-21 11:47:40.611-05,2026-07-21 13:40:56.595-05,G,150,Run Production,,legacy
203,2026-07-21 13:40:56.595-05,2026-07-21 13:48:57.662-05,B,64,Mech - Press Other,,legacy
203,2026-07-21 13:48:57.662-05,2026-07-21 15:07:14.734-05,G,150,Run Production,,legacy
203,2026-07-21 15:07:14.734-05,2026-07-21 16:03:26.598-05,M,48,Make Ready Sleeves,,legacy
203,2026-07-21 16:03:26.598-05,2026-07-21 16:04:26.845-05,B,29,Electrical: Press Other,,legacy
203,2026-07-21 16:04:26.845-05,2026-07-21 19:12:52.987-05,M,47,Make Ready - Time Required to Setup Job,,legacy
203,2026-07-21 19:12:52.987-05,2026-07-21 19:31:55.185-05,G,150,Run Production,,legacy
203,2026-07-21 19:31:55.185-05,2026-07-21 19:46:56.973-05,B,350,Roll Change,,legacy
203,2026-07-21 19:46:56.973-05,2026-07-21 19:48:57.252-05,B,41-2,Maintenance - Electrical,,legacy
203,2026-07-21 19:48:57.252-05,2026-07-21 19:51:57.957-05,B,350,Roll Change,,legacy
203,2026-07-21 19:51:57.957-05,2026-07-21 20:16:02.892-05,G,150,Run Production,,legacy
203,2026-07-21 20:16:02.892-05,2026-07-21 20:49:10.066-05,B,145-98,Quality Hold,,legacy
203,2026-07-21 20:49:10.066-05,2026-07-21 21:46:21.769-05,G,150,Run Production,,legacy
203,2026-07-21 21:46:21.769-05,2026-07-21 21:57:24.355-05,B,350,Roll Change,,legacy
203,2026-07-21 21:57:24.355-05,2026-07-21 22:43:32.891-05,G,150,Run Production,,legacy
203,2026-07-21 22:43:32.891-05,2026-07-21 23:06:36.011-05,B,350,Roll Change,,legacy
203,2026-07-21 23:06:36.011-05,2026-07-21 23:45:41.276-05,G,150,Run Production,,legacy
203,2026-07-21 23:45:41.276-05,2026-07-22 00:03:43.695-05,B,350,Roll Change,,legacy
203,2026-07-22 00:03:43.695-05,2026-07-22 00:05:43.888-05,G,150,Run Production,,legacy
203,2026-07-22 00:05:43.888-05,2026-07-22 00:23:46.394-05,B,350,Roll Change,,legacy
203,2026-07-22 00:23:46.394-05,2026-07-22 01:04:52.194-05,G,150,Run Production,,legacy
203,2026-07-22 01:04:52.194-05,2026-07-22 01:09:52.857-05,B,350,Roll Change,,legacy
203,2026-07-22 01:09:52.857-05,2026-07-22 02:05:01.996-05,B,145-98,Quality Hold,,legacy
203,2026-07-22 02:05:01.996-05,2026-07-22 02:20:05.882-05,B,350,Roll Change,,legacy
203,2026-07-22 02:20:05.882-05,2026-07-22 03:04:16.132-05,G,150,Run Production,,legacy
203,2026-07-22 03:04:16.132-05,2026-07-22 03:54:27.629-05,B,350,Roll Change,,legacy
203,2026-07-22 03:54:27.629-05,2026-07-22 04:37:33.53-05,G,150,Run Production,,legacy
203,2026-07-22 04:37:33.53-05,2026-07-22 04:54:36.806-05,B,350,Roll Change,,legacy
203,2026-07-22 04:54:36.806-05,2026-07-22 05:37:42.579-05,G,150,Run Production,,legacy
203,2026-07-22 05:37:42.579-05,2026-07-22 05:55:45.247-05,B,350,Roll Change,,legacy
203,2026-07-22 05:55:45.247-05,2026-07-22 06:00:45.945-05,B,82,Dr. Blade Change,,legacy
203,2026-07-22 06:00:45.945-05,2026-07-22 08:47:21.012-05,B,145-98,Quality Hold,,legacy
203,2026-07-22 08:47:21.012-05,2026-07-22 08:50:21.78-05,B,82,Dr. Blade Change,,legacy
203,2026-07-22 08:50:21.78-05,2026-07-22 08:51:22.027-05,B,126,Substrate - Web Break,,legacy
203,2026-07-22 08:51:22.027-05,2026-07-22 08:52:22.281-05,B,125,Substrate - Other,,legacy
203,2026-07-22 08:52:22.281-05,2026-07-22 08:53:22.543-05,S,400,Sort,,legacy
203,2026-07-22 08:53:22.543-05,2026-07-22 10:41:42.739-05,B,125,Substrate - Other,,legacy
203,2026-07-22 10:41:42.739-05,2026-07-22 11:01:45.984-05,G,150,Run Production,,legacy
203,2026-07-22 11:01:45.984-05,2026-07-22 11:14:48.875-05,B,83,Drum: Clean,,legacy
203,2026-07-22 11:14:48.875-05,2026-07-22 13:12:14.2-05,G,150,Run Production,,legacy
203,2026-07-22 13:12:14.2-05,2026-07-22 13:21:16.612-05,B,95,Press Problem / Impression,,legacy
203,2026-07-22 13:21:16.612-05,2026-07-22 13:28:18.679-05,G,150,Run Production,,legacy
203,2026-07-22 13:28:18.679-05,2026-07-22 13:58:26.249-05,B,450,Non Productive,,legacy
203,2026-07-22 13:58:26.249-05,2026-07-22 13:59:26.442-05,M,47,Make Ready - Time Required to Setup Job,,legacy
203,2026-07-22 13:59:26.442-05,2026-07-22 14:49:35.141-05,G,150,Run Production,,legacy
203,2026-07-22 14:49:35.141-05,2026-07-22 15:06:37.547-05,B,83,Drum: Clean,,legacy
203,2026-07-22 15:06:37.547-05,2026-07-22 15:08:37.866-05,G,150,Run Production,,legacy
203,2026-07-22 15:08:37.866-05,2026-07-22 15:22:39.871-05,M,47-17,Make Ready Dirty Anilox,,legacy
203,2026-07-22 15:22:39.871-05,2026-07-22 16:11:47.441-05,B,125,Substrate - Other,,legacy
203,2026-07-22 16:11:47.441-05,2026-07-22 17:04:55.312-05,G,150,Run Production,,legacy
203,2026-07-22 17:04:55.312-05,2026-07-22 17:14:56.794-05,B,354,Housekeeping,,legacy
203,2026-07-22 17:14:56.794-05,2026-07-22 17:59:06.37-05,G,150,Run Production,,legacy
203,2026-07-22 17:59:06.37-05,2026-07-22 20:25:36.762-05,B,450,Non Productive,,legacy
203,2026-07-22 20:25:36.762-05,2026-07-22 20:26:36.91-05,S,400,Sort,,legacy
203,2026-07-22 20:26:36.91-05,2026-07-22 20:34:38.307-05,B,99,Plates: Wash,,legacy
203,2026-07-22 20:34:38.307-05,2026-07-22 21:40:47.648-05,G,150,Run Production,,legacy
203,2026-07-22 21:40:47.648-05,2026-07-22 21:53:49.536-05,B,350,Roll Change,,legacy
203,2026-07-22 21:53:49.536-05,2026-07-22 22:14:52.438-05,B,64,Mech - Press Other,,legacy
203,2026-07-22 22:14:52.438-05,2026-07-22 22:25:53.716-05,B,82,Dr. Blade Change,,legacy
203,2026-07-22 22:25:53.716-05,2026-07-22 22:37:55.39-05,G,150,Run Production,,legacy
203,2026-07-22 22:37:55.39-05,2026-07-22 23:01:59.55-05,B,82,Dr. Blade Change,,legacy
203,2026-07-22 23:01:59.55-05,2026-07-22 23:35:07.118-05,G,150,Run Production,,legacy
203,2026-07-22 23:35:07.118-05,2026-07-22 23:56:12.089-05,B,350,Roll Change,,legacy
203,2026-07-22 23:56:12.089-05,2026-07-24 14:32:32.917-05,G,150,Run Production,,legacy
203,2026-07-24 14:32:32.917-05,2026-07-24 14:55:38.106-05,G,20,Run,,legacy
203,2026-07-24 14:55:38.106-05,2026-07-24 15:05:40.42-05,B,301,Cambio de Rollo,,legacy
203,2026-07-24 15:05:40.42-05,2026-07-24 15:14:42.211-05,B,351,Falla electrica,,legacy
203,2026-07-24 15:14:42.211-05,2026-07-24 15:41:48.558-05,G,150,Run Production,,legacy
203,2026-07-24 15:41:48.558-05,2026-07-24 15:45:49.401-05,G,20,Run,,legacy
203,2026-07-24 15:45:49.401-05,2026-07-24 15:46:49.593-05,B,450,Non Productive,,legacy
203,2026-07-24 15:46:49.593-05,2026-07-24 15:53:51.063-05,M,47,Make Ready - Time Required to Setup Job,,legacy
203,2026-07-24 15:53:51.063-05,2026-07-24 16:47:02.374-05,G,150,Run Production,,legacy
203,2026-07-24 16:47:02.374-05,2026-07-24 16:50:03.138-05,B,82,Dr. Blade Change,,legacy
203,2026-07-24 16:50:03.138-05,2026-07-24 16:54:03.976-05,B,29,Electrical: Press Other,,legacy
203,2026-07-24 16:54:03.976-05,2026-07-24 17:15:08.828-05,B,82,Dr. Blade Change,,legacy
203,2026-07-24 17:15:08.828-05,2026-07-24 17:42:14.618-05,B,83,Drum: Clean,,legacy
203,2026-07-24 17:42:14.618-05,2026-07-25 06:06:03.319-05,B,450,Non Productive,,legacy
203,2026-07-25 06:06:03.319-05,2026-07-25 06:55:14.246-05,M,47,Make Ready - Time Required to Setup Job,,legacy
203,2026-07-25 06:55:14.246-05,2026-07-25 07:58:29.488-05,B,82,Dr. Blade Change,,legacy
203,2026-07-25 07:58:29.488-05,2026-07-25 09:45:54.084-05,B,95,Press Problem / Impression,,legacy
203,2026-07-25 09:45:54.084-05,2026-07-25 10:29:03.622-05,B,88,Pump Problem,,legacy
203,2026-07-25 10:29:03.622-05,2026-07-25 12:46:34.208-05,B,95,Press Problem / Impression,,legacy
203,2026-07-25 12:46:34.208-05,2026-07-25 13:44:47.204-05,B,126,Substrate - Web Break,,legacy
203,2026-07-25 13:44:47.204-05,2026-07-25 14:07:52.166-05,B,95,Press Problem / Impression,,legacy
203,2026-07-25 14:07:52.166-05,2026-07-25 17:34:42.304-05,G,150,Run Production,,legacy
203,2026-07-25 17:34:42.304-05,2026-07-25 17:36:42.747-05,B,OPDT012,Waiting for lead approval,,legacy
203,2026-07-25 17:36:42.747-05,2026-07-25 17:37:42.974-05,B,128,Core Waste (Obsolete),,legacy
203,2026-07-25 17:37:42.974-05,2026-07-25 17:38:43.18-05,B,139,Rewind Material,,legacy
203,2026-07-25 17:38:43.18-05,2026-07-25 17:39:43.413-05,M,47,Make Ready - Time Required to Setup Job,,legacy
203,2026-07-25 17:39:43.413-05,2026-07-28 03:04:42.832-05,B,450,Non Productive,,legacy
203,2026-07-28 03:04:42.832-05,2026-07-28 03:06:43.231-05,M,47,Make Ready - Time Required to Setup Job,,legacy
203,2026-07-28 03:06:43.231-05,2026-07-28 03:55:54.078-05,G,150,Run Production,,legacy
203,2026-07-28 03:55:54.078-05,2026-07-28 03:58:54.837-05,M,47,Make Ready - Time Required to Setup Job,,legacy
203,2026-07-28 03:58:54.837-05,2026-07-28 05:48:19.337-05,G,150,Run Production,,legacy
203,2026-07-28 05:48:19.337-05,2026-07-28 05:56:21.006-05,B,350,Roll Change,,legacy
203,2026-07-28 05:56:21.006-05,2026-07-28 06:08:23.635-05,B,125,Substrate - Other,,legacy
203,2026-07-28 06:08:23.635-05,2026-07-28 06:18:26.243-05,G,150,Run Production,,legacy
203,2026-07-28 06:18:26.243-05,2026-07-28 06:26:28.223-05,B,145-4,Plate Wash,,legacy
203,2026-07-28 06:26:28.223-05,2026-07-28 07:40:45.48-05,G,150,Run Production,,legacy
203,2026-07-28 07:40:45.48-05,2026-07-28 07:55:48.835-05,B,95,Press Problem / Impression,,legacy
203,2026-07-28 07:55:48.835-05,2026-07-28 08:53:01.615-05,G,150,Run Production,,legacy
203,2026-07-28 08:53:01.615-05,2026-07-28 09:17:06.603-05,B,82,Dr. Blade Change,,legacy
203,2026-07-28 09:17:06.603-05,2026-07-28 11:36:37.829-05,G,150,Run Production,,legacy
203,2026-07-28 11:36:37.829-05,2026-07-28 11:42:39.094-05,B,125,Substrate - Other,,legacy
203,2026-07-28 11:42:39.094-05,2026-07-28 12:15:46.464-05,G,150,Run Production,,legacy
203,2026-07-28 12:15:46.464-05,2026-07-28 12:28:49.62-05,B,125,Substrate - Other,,legacy
203,2026-07-28 12:28:49.62-05,2026-07-28 13:10:58.839-05,G,150,Run Production,,legacy
203,2026-07-28 13:10:58.839-05,2026-07-28 13:47:07.123-05,B,125,Substrate - Other,,legacy
203,2026-07-28 13:47:07.123-05,2026-07-28 14:15:13.184-05,G,150,Run Production,,legacy
203,2026-07-28 14:15:13.184-05,2026-07-28 14:27:15.747-05,B,95,Press Problem / Impression,,legacy
203,2026-07-28 14:27:15.747-05,2026-07-28 14:57:22.295-05,B,83,Drum: Clean,,legacy
203,2026-07-28 14:57:22.295-05,2026-07-28 15:24:28.737-05,G,150,Run Production,,legacy
203,2026-07-28 15:24:28.737-05,2026-07-28 15:27:29.539-05,B,82,Dr. Blade Change,,legacy
203,2026-07-28 15:27:29.539-05,2026-07-28 15:39:33.243-05,B,99,Plates: Wash,,legacy
203,2026-07-28 15:39:33.243-05,2026-07-28 16:21:42.784-05,G,150,Run Production,,legacy
203,2026-07-28 16:21:42.784-05,2026-07-28 16:31:44.988-05,B,95,Press Problem / Impression,,legacy
203,2026-07-28 16:31:44.988-05,2026-07-28 16:36:46.015-05,G,150,Run Production,,legacy
203,2026-07-28 16:36:46.015-05,2026-07-28 16:39:46.802-05,B,95,Press Problem / Impression,,legacy
203,2026-07-28 16:39:46.802-05,2026-07-28 16:57:50.617-05,B,82,Dr. Blade Change,,legacy
203,2026-07-28 16:57:50.617-05,2026-07-28 17:23:56.463-05,B,95,Press Problem / Impression,,legacy
203,2026-07-28 17:23:56.463-05,2026-07-28 17:27:57.22-05,B,354,Housekeeping,,legacy
203,2026-07-28 17:27:57.22-05,2026-07-28 18:27:10.927-05,G,150,Run Production,,legacy
203,2026-07-28 18:27:10.927-05,2026-07-28 18:52:16.487-05,B,41-1,Maintenance - Mechanical,,legacy
203,2026-07-28 18:52:16.487-05,2026-07-28 18:54:16.887-05,G,150,Run Production,,legacy
203,2026-07-28 18:54:16.887-05,2026-07-28 19:09:20.032-05,B,99,Plates: Wash,,legacy
203,2026-07-28 19:09:20.032-05,2026-07-28 20:13:34.705-05,B,95,Press Problem / Impression,,legacy
203,2026-07-28 20:13:34.705-05,2026-07-28 20:48:43.101-05,B,145-98,Quality Hold,,legacy
203,2026-07-28 20:48:43.101-05,2026-07-28 21:51:56.601-05,B,126,Substrate - Web Break,,legacy
203,2026-07-28 21:51:56.601-05,2026-07-28 21:52:56.978-05,G,150,Run Production,,legacy
203,2026-07-28 21:52:56.978-05,2026-07-28 21:58:58.252-05,B,350,Roll Change,,legacy
203,2026-07-28 21:58:58.252-05,2026-07-28 23:49:23.868-05,G,150,Run Production,,legacy
203,2026-07-28 23:49:23.868-05,2026-07-29 00:06:27.589-05,B,350,Roll Change,,legacy
203,2026-07-29 00:06:27.589-05,2026-07-29 00:09:28.272-05,G,150,Run Production,,legacy
203,2026-07-29 00:09:28.272-05,2026-07-29 00:10:28.763-05,B,350,Roll Change,,legacy
203,2026-07-29 00:10:28.763-05,2026-07-29 01:05:41.838-05,B,145-98,Quality Hold,,legacy
203,2026-07-29 01:05:41.838-05,2026-07-29 03:15:10.328-05,G,150,Run Production,,legacy
203,2026-07-29 03:15:10.328-05,2026-07-29 03:38:15.848-05,B,350,Roll Change,,legacy
203,2026-07-29 03:38:15.848-05,2026-07-29 06:29:56.533-05,G,150,Run Production,,legacy
203,2026-07-29 06:29:56.533-05,2026-07-29 06:54:01.847-05,B,99,Plates: Wash,,legacy
203,2026-07-29 06:54:01.847-05,2026-07-29 10:00:45.352-05,G,150,Run Production,,legacy
203,2026-07-29 10:00:45.352-05,2026-07-29 10:04:46.28-05,B,82,Dr. Blade Change,,legacy
203,2026-07-29 10:04:46.28-05,2026-07-29 10:41:54.434-05,M,16,Make Ready,,legacy
203,2026-07-29 10:41:54.434-05,2026-07-29 10:43:54.849-05,G,150,Run Production,,legacy
203,2026-07-29 10:43:54.849-05,2026-07-29 10:57:57.995-05,G,20,Run,,legacy
203,2026-07-29 10:57:57.995-05,2026-07-29 10:59:58.523-05,B,95,Press Problem / Impression,,legacy
203,2026-07-29 10:59:58.523-05,2026-07-29 11:22:04.12-05,G,20,Run,,legacy
203,2026-07-29 11:22:04.12-05,2026-07-29 11:31:06.04-05,G,150,Run Production,,legacy
203,2026-07-29 11:31:06.04-05,2026-07-29 11:33:06.465-05,B,301,Cambio de Rollo,,legacy
203,2026-07-29 11:33:06.465-05,2026-07-29 11:43:08.709-05,G,20,Run,,legacy
203,2026-07-29 11:43:08.709-05,2026-07-29 11:52:11.166-05,G,150,Run Production,,legacy
203,2026-07-29 11:52:11.166-05,2026-07-29 11:58:12.587-05,B,99,Plates: Wash,,legacy
203,2026-07-29 11:58:12.587-05,2026-07-29 12:11:15.513-05,G,150,Run Production,,legacy
203,2026-07-29 12:11:15.513-05,2026-07-29 12:13:16.294-05,B,301,Cambio de Rollo,,legacy
203,2026-07-29 12:13:16.294-05,2026-07-29 12:44:23.304-05,G,20,Run,,legacy
203,2026-07-29 12:44:23.304-05,2026-07-29 12:52:25.079-05,G,150,Run Production,,legacy
203,2026-07-29 12:52:25.079-05,2026-07-29 12:58:26.465-05,B,99,Plates: Wash,,legacy
203,2026-07-29 12:58:26.465-05,2026-07-29 13:12:29.733-05,G,150,Run Production,,legacy
203,2026-07-29 13:12:29.733-05,2026-07-29 13:13:29.918-05,B,301,Cambio de Rollo,,legacy
203,2026-07-29 13:13:29.918-05,2026-07-29 13:50:38.292-05,G,20,Run,,legacy
203,2026-07-29 13:50:38.292-05,2026-07-29 13:51:38.517-05,B,301,Cambio de Rollo,,legacy
203,2026-07-29 13:51:38.517-05,2026-07-29 13:56:39.591-05,G,150,Run Production,,legacy
203,2026-07-29 13:56:39.591-05,2026-07-29 13:58:40.035-05,G,20,Run,,legacy
203,2026-07-29 13:58:40.035-05,2026-07-29 14:01:40.724-05,B,95,Press Problem / Impression,,legacy
203,2026-07-29 14:01:40.724-05,2026-07-29 14:59:53.516-05,G,20,Run,,legacy
203,2026-07-29 14:59:53.516-05,2026-07-29 15:05:54.961-05,G,150,Run Production,,legacy
203,2026-07-29 15:05:54.961-05,2026-07-29 15:27:59.942-05,G,20,Run,,legacy
203,2026-07-29 15:27:59.942-05,2026-07-29 15:39:02.518-05,G,150,Run Production,,legacy
203,2026-07-29 15:39:02.518-05,2026-07-29 15:43:04.014-05,B,95,Press Problem / Impression,,legacy
203,2026-07-29 15:43:04.014-05,2026-07-29 15:46:04.646-05,B,301,Cambio de Rollo,,legacy
203,2026-07-29 15:46:04.646-05,2026-07-29 15:52:06.17-05,G,150,Run Production,,legacy
203,2026-07-29 15:52:06.17-05,2026-07-29 16:40:18.99-05,G,20,Run,,legacy
203,2026-07-29 16:40:18.99-05,2026-07-29 16:42:19.44-05,G,150,Run Production,,legacy
203,2026-07-29 16:42:19.44-05,2026-07-29 17:06:25.427-05,G,20,Run,,legacy
203,2026-07-29 17:06:25.427-05,2026-07-29 17:07:25.614-05,B,301,Cambio de Rollo,,legacy
203,2026-07-29 17:07:25.614-05,2026-07-29 17:34:32.779-05,G,20,Run,,legacy
203,2026-07-29 17:34:32.779-05,2026-07-29 17:36:33.196-05,G,150,Run Production,,legacy
203,2026-07-29 17:36:33.196-05,2026-07-29 17:38:33.724-05,B,354,Housekeeping,,legacy
203,2026-07-29 17:38:33.724-05,2026-07-29 17:42:34.581-05,B,301,Cambio de Rollo,,legacy
203,2026-07-29 17:42:34.581-05,2026-07-29 18:06:40.5-05,B,378,Cambio de Turno,,legacy
203,2026-07-29 18:06:40.5-05,2026-07-29 18:27:45.393-05,B,125,Substrate - Other,,legacy
203,2026-07-29 18:27:45.393-05,2026-07-29 18:53:51.145-05,G,20,Run,,legacy
203,2026-07-29 18:53:51.145-05,2026-07-29 18:56:51.858-05,B,301,Cambio de Rollo,,legacy
203,2026-07-29 18:56:51.858-05,2026-07-29 19:27:59.106-05,G,20,Run,,legacy
203,2026-07-29 19:27:59.106-05,2026-07-29 19:30:59.806-05,B,301,Cambio de Rollo,,legacy
203,2026-07-29 19:30:59.806-05,2026-07-29 19:58:05.933-05,G,20,Run,,legacy
203,2026-07-29 19:58:05.933-05,2026-07-29 20:01:06.763-05,B,145-2,Poor Print,,legacy
203,2026-07-29 20:01:06.763-05,2026-07-29 20:22:11.773-05,G,20,Run,,legacy
203,2026-07-29 20:22:11.773-05,2026-07-30 07:46:51.685-05,B,450,Non Productive,,legacy
203,2026-07-30 07:46:51.685-05,2026-07-30 07:47:51.925-05,M,47,Make Ready - Time Required to Setup Job,,legacy
203,2026-07-30 07:47:51.925-05,2026-07-30 07:57:54.218-05,B,82,Dr. Blade Change,,legacy
203,2026-07-30 07:57:54.218-05,2026-07-30 07:58:54.447-05,B,139,Rewind Material,,legacy
203,2026-07-30 07:58:54.447-05,2026-07-30 08:43:07.124-05,B,450,Non Productive,,legacy
203,2026-07-30 08:43:07.124-05,2026-07-30 09:01:11.436-05,B,145-3,Drum Clean,,legacy
203,2026-07-30 09:01:11.436-05,2026-07-30 09:07:12.822-05,B,95,Press Problem / Impression,,legacy
203,2026-07-30 09:07:12.822-05,2026-07-30 09:27:18.055-05,G,150,Run Production,,legacy
203,2026-07-30 09:27:18.055-05,2026-07-30 09:53:24.602-05,B,41-2,Maintenance - Electrical,,legacy
203,2026-07-30 09:53:24.602-05,2026-07-30 09:54:24.85-05,G,150,Run Production,,legacy
203,2026-07-30 09:54:24.85-05,2026-07-30 09:55:25.128-05,B,450,Non Productive,,legacy
203,2026-07-30 09:55:25.128-05,2026-07-30 12:00:56.025-05,G,150,Run Production,,legacy
203,2026-07-30 12:00:56.025-05,2026-07-30 12:12:58.748-05,B,41-2,Maintenance - Electrical,,legacy
203,2026-07-30 12:12:58.748-05,2026-07-30 17:09:14.732-05,G,150,Run Production,,legacy
203,2026-07-30 17:09:14.732-05,2026-07-31 06:42:23.882-05,B,450,Non Productive,,legacy
203,2026-07-31 06:42:23.882-05,2026-07-31 06:43:24.143-05,M,48,Make Ready Sleeves,,legacy
203,2026-07-31 06:43:24.143-05,2026-07-31 06:54:27.278-05,M,47,Make Ready - Time Required to Setup Job,,legacy
203,2026-07-31 06:54:27.278-05,2026-07-31 07:15:32.14-05,B,41-2,Maintenance - Electrical,,legacy
203,2026-07-31 07:15:32.14-05,2026-07-31 07:21:33.687-05,B,95,Press Problem / Impression,,legacy
203,2026-07-31 07:21:33.687-05,2026-07-31 13:36:58.927-05,G,150,Run Production,,legacy
203,2026-07-31 13:36:58.927-05,2026-07-31 13:47:01.098-05,B,350,Roll Change,,legacy
203,2026-07-31 13:47:01.098-05,2026-07-31 14:22:08.757-05,B,126,Substrate - Web Break,,legacy
203,2026-07-31 14:22:08.757-05,2026-07-31 17:19:52.615-05,G,150,Run Production,,legacy
203,2026-07-31 17:19:52.615-05,2026-07-31 17:27:54.322-05,B,354,Housekeeping,,legacy
203,2026-07-31 17:27:54.322-05,2026-07-31 17:28:54.545-05,G,150,Run Production,,legacy
203,2026-07-31 17:28:54.545-05,2026-07-31 18:44:12.773-05,B,450,Non Productive,,legacy
203,2026-07-31 18:44:12.773-05,2026-07-31 19:08:18.701-05,B,145-8,Dr. Blade Change,,legacy
203,2026-07-31 19:08:18.701-05,2026-07-31 19:36:25.348-05,B,99,Plates: Wash,,legacy
203,2026-07-31 19:36:25.348-05,2026-07-31 20:17:35.7-05,M,47-17,Make Ready Dirty Anilox,,legacy
203,2026-07-31 20:17:35.7-05,2026-07-31 20:22:36.821-05,S,400,Sort,,legacy
203,2026-07-31 20:22:36.821-05,2026-08-01 00:55:36.746-05,G,150,Run Production,,legacy
203,2026-08-01 00:55:36.746-05,2026-08-01 01:43:47.066-05,B,125,Substrate - Other,,legacy
203,2026-08-01 01:43:47.066-05,2026-08-01 02:03:51.331-05,G,150,Run Production,,legacy
203,2026-08-01 02:03:51.331-05,2026-08-01 02:59:03.714-05,B,41-5,Maintenance - CI Section,,legacy
203,2026-08-01 02:59:03.714-05,2026-08-01 06:31:54.172-05,G,150,Run Production,,legacy
203,2026-08-01 06:31:54.172-05,2026-08-01 06:36:55.23-05,B,99,Plates: Wash,,legacy
203,2026-08-01 06:36:55.23-05,2026-08-01 10:01:39.6-05,G,150,Run Production,,legacy
203,2026-08-01 10:01:39.6-05,2026-08-01 10:06:40.614-05,B,82,Dr. Blade Change,,legacy
203,2026-08-01 10:06:40.614-05,2026-08-01 11:23:58.111-05,G,150,Run Production,,legacy
203,2026-08-01 11:23:58.111-05,2026-08-01 13:04:20.202-05,B,95,Press Problem / Impression,,legacy
203,2026-08-01 13:04:20.202-05,2026-08-01 15:18:50.524-05,G,150,Run Production,,legacy
203,2026-08-01 15:18:50.524-05,2026-08-01 17:01:12.681-05,B,64,Mech - Press Other,,legacy
203,2026-08-01 17:01:12.681-05,2026-08-01 17:32:19.491-05,B,83,Drum: Clean,,legacy
203,2026-08-01 17:32:19.491-05,2026-08-01 22:21:24.145-05,G,150,Run Production,,legacy
203,2026-08-01 22:21:24.145-05,2026-08-01 22:39:29.254-05,B,99,Plates: Wash,,legacy
203,2026-08-01 22:39:29.254-05,2026-08-02 00:24:53.595-05,G,150,Run Production,,legacy
203,2026-08-02 00:24:53.595-05,2026-08-02 01:16:05.278-05,B,125,Substrate - Other,,legacy
203,2026-08-02 01:16:05.278-05,2026-08-02 03:25:34.347-05,G,150,Run Production,,legacy
203,2026-08-02 03:25:34.347-05,2026-08-02 03:42:38.603-05,B,99,Plates: Wash,,legacy
203,2026-08-02 03:42:38.603-05,2026-08-02 04:51:54.652-05,G,150,Run Production,,legacy
203,2026-08-02 04:51:54.652-05,2026-08-02 05:18:00.982-05,B,354,Housekeeping,,legacy
203,2026-08-02 05:18:00.982-05,2026-08-02 05:31:03.715-05,B,99,Plates: Wash,,legacy
203,2026-08-02 05:31:03.715-05,2026-08-02 05:32:03.865-05,G,150,Run Production,,legacy
203,2026-08-02 05:32:03.865-05,2026-08-02 05:39:05.231-05,B,64,Mech - Press Other,,legacy
203,2026-08-02 05:39:05.231-05,2026-08-02 06:05:10.901-05,G,150,Run Production,,legacy
203,2026-08-02 06:05:10.901-05,2026-08-02 06:30:16.425-05,B,29,Electrical: Press Other,,legacy
203,2026-08-02 06:30:16.425-05,2026-08-02 06:32:16.857-05,B,95,Press Problem / Impression,,legacy
203,2026-08-02 06:32:16.857-05,2026-08-02 06:35:17.424-05,G,150,Run Production,,legacy
203,2026-08-02 06:35:17.424-05,2026-08-02 18:11:54.41-05,B,450,Non Productive,,legacy
203,2026-08-02 18:11:54.41-05,2026-08-02 18:12:54.596-05,M,47,Make Ready - Time Required to Setup Job,,legacy
203,2026-08-02 18:12:54.596-05,2026-08-02 18:21:56.525-05,B,450,Non Productive,,legacy
203,2026-08-02 18:21:56.525-05,2026-08-02 18:22:56.689-05,M,47,Make Ready - Time Required to Setup Job,,legacy
203,2026-08-02 18:22:56.689-05,2026-08-02 21:43:41.155-05,B,450,Non Productive,,legacy
203,2026-08-02 21:43:41.155-05,2026-08-02 21:58:44.377-05,M,47,Make Ready - Time Required to Setup Job,,legacy
203,2026-08-02 21:58:44.377-05,2026-08-03 00:41:20.669-05,G,150,Run Production,,legacy
203,2026-08-03 00:41:20.669-05,2026-08-03 00:44:21.249-05,B,350,Roll Change,,legacy
203,2026-08-03 00:44:21.249-05,2026-08-03 01:38:33.268-05,B,145-98,Quality Hold,,legacy
203,2026-08-03 01:38:33.268-05,2026-08-03 02:35:45.732-05,G,150,Run Production,,legacy
203,2026-08-03 02:35:45.732-05,2026-08-03 02:42:47.695-05,B,350,Roll Change,,legacy
203,2026-08-03 02:42:47.695-05,2026-08-03 03:13:54.48-05,G,150,Run Production,,legacy
203,2026-08-03 03:13:54.48-05,2026-08-03 03:31:58.443-05,B,82,Dr. Blade Change,,legacy
203,2026-08-03 03:31:58.443-05,2026-08-03 07:05:44.81-05,G,150,Run Production,,legacy
203,2026-08-03 07:05:44.81-05,2026-08-03 07:32:50.889-05,B,145-4,Plate Wash,,legacy
203,2026-08-03 07:32:50.889-05,2026-08-03 08:12:59.791-05,G,150,Run Production,,legacy
203,2026-08-03 08:12:59.791-05,2026-08-03 08:42:06.338-05,B,82,Dr. Blade Change,,legacy
203,2026-08-03 08:42:06.338-05,2026-08-03 11:31:44.287-05,G,150,Run Production,,legacy
203,2026-08-03 11:31:44.287-05,2026-08-03 11:50:48.716-05,B,82,Dr. Blade Change,,legacy
203,2026-08-03 11:50:48.716-05,2026-08-03 12:34:58.673-05,G,150,Run Production,,legacy
203,2026-08-03 12:34:58.673-05,2026-08-03 15:21:38.383-05,B,450,Non Productive,,legacy
203,2026-08-03 15:21:38.383-05,2026-08-03 15:35:41.896-05,M,48,Make Ready Sleeves,,legacy
203,2026-08-03 15:35:41.896-05,2026-08-03 15:54:46.144-05,B,29,Electrical: Press Other,,legacy
203,2026-08-03 15:54:46.144-05,2026-08-03 16:03:58.38-05,M,47,Make Ready - Time Required to Setup Job,,legacy
203,2026-08-03 16:03:58.38-05,2026-08-03 16:48:08.923-05,B,450,Non Productive,,legacy
203,2026-08-03 16:48:08.923-05,2026-08-03 17:48:22.519-05,B,354,Housekeeping,,legacy
203,2026-08-03 17:48:22.519-05,2026-08-03 21:00:07.179-05,B,450,Non Productive,,legacy
203,2026-08-03 21:00:07.179-05,2026-08-03 21:10:09.578-05,M,47,Make Ready - Time Required to Setup Job,,legacy
203,2026-08-03 21:10:09.578-05,2026-08-03 21:11:09.787-05,M,47-5,Make Ready Chamber Malfunction,,legacy
203,2026-08-03 21:11:09.787-05,2026-08-03 21:31:14.173-05,M,16,Make Ready,,legacy
203,2026-08-03 21:31:14.173-05,2026-08-03 22:15:24.825-05,M,47-99,Make Ready Other,,legacy
203,2026-08-03 22:15:24.825-05,2026-08-03 22:47:32.273-05,M,47,Make Ready - Time Required to Setup Job,,legacy
203,2026-08-03 22:47:32.273-05,2026-08-03 23:04:36.209-05,B,95,Press Problem / Impression,,legacy
203,2026-08-03 23:04:36.209-05,2026-08-03 23:42:44.837-05,M,47-4,Make Ready Bouncing,,legacy
203,2026-08-03 23:42:44.837-05,2026-08-04 00:04:49.86-05,G,150,Run Production,,legacy
203,2026-08-04 00:04:49.86-05,2026-08-04 00:52:00.106-05,M,47-23,MR Plate Damage in Pre Press,,legacy
203,2026-08-04 00:52:00.106-05,2026-08-04 00:59:01.654-05,M,47,Make Ready - Time Required to Setup Job,,legacy
203,2026-08-04 00:59:01.654-05,2026-08-04 01:01:02.178-05,G,150,Run Production,,legacy
203,2026-08-04 01:01:02.178-05,2026-08-04 01:25:08.228-05,M,47,Make Ready - Time Required to Setup Job,,legacy
203,2026-08-04 01:25:08.228-05,2026-08-04 02:10:18.19-05,B,95,Press Problem / Impression,,legacy
203,2026-08-04 02:10:18.19-05,2026-08-04 04:49:55.226-05,G,150,Run Production,,legacy
203,2026-08-04 04:49:55.226-05,2026-08-04 05:10:59.947-05,B,350,Roll Change,,legacy
203,2026-08-04 05:10:59.947-05,2026-08-04 05:52:09.315-05,G,150,Run Production,,legacy
203,2026-08-04 05:52:09.315-05,2026-08-04 05:54:09.745-05,B,145-98,Quality Hold,,legacy
203,2026-08-04 05:54:09.745-05,2026-08-04 07:12:28.967-05,B,378,Cambio de Turno,,legacy
203,2026-08-04 07:12:28.967-05,2026-08-04 07:30:33.846-05,B,350,Roll Change,,legacy
203,2026-08-04 07:30:33.846-05,2026-08-04 07:46:37.275-05,G,150,Run Production,,legacy
203,2026-08-04 07:46:37.275-05,2026-08-04 08:03:41.245-05,B,29,Electrical: Press Other,,legacy
203,2026-08-04 08:03:41.245-05,2026-08-04 08:17:44.3-05,B,125,Substrate - Other,,legacy
203,2026-08-04 08:17:44.3-05,2026-08-04 08:57:53.704-05,G,150,Run Production,,legacy
203,2026-08-04 08:57:53.704-05,2026-08-04 09:10:56.874-05,B,350,Roll Change,,legacy
203,2026-08-04 09:10:56.874-05,2026-08-04 09:23:00.142-05,B,82,Dr. Blade Change,,legacy
203,2026-08-04 09:23:00.142-05,2026-08-04 10:13:11.464-05,G,150,Run Production,,legacy
203,2026-08-04 10:13:11.464-05,2026-08-04 10:30:15.335-05,B,350,Roll Change,,legacy
203,2026-08-04 10:30:15.335-05,2026-08-04 10:38:17.215-05,B,99,Plates: Wash,,legacy
203,2026-08-04 10:38:17.215-05,2026-08-04 11:12:25.062-05,G,150,Run Production,,legacy
203,2026-08-04 11:12:25.062-05,2026-08-04 11:17:26.188-05,B,125,Substrate - Other,,legacy
203,2026-08-04 11:17:26.188-05,2026-08-04 12:00:36.731-05,B,145-6,Ink Spill,,legacy
203,2026-08-04 12:00:36.731-05,2026-08-04 12:22:41.724-05,B,99,Plates: Wash,,legacy
203,2026-08-04 12:22:41.724-05,2026-08-04 12:50:48.318-05,B,64,Mech - Press Other,,legacy
203,2026-08-04 12:50:48.318-05,2026-08-04 13:02:51.007-05,G,150,Run Production,,legacy
203,2026-08-04 13:02:51.007-05,2026-08-04 14:27:10.802-05,B,125,Substrate - Other,,legacy
203,2026-08-04 14:27:10.802-05,2026-08-04 14:39:13.66-05,G,150,Run Production,,legacy
203,2026-08-04 14:39:13.66-05,2026-08-04 15:25:24.161-05,B,125,Substrate - Other,,legacy
203,2026-08-04 15:25:24.161-05,2026-08-04 22:52:08.847-05,B,145-6,Ink Spill,,legacy
203,2026-08-04 22:52:08.847-05,2026-08-04 22:53:09.089-05,B,88,Pump Problem,,legacy
203,2026-08-04 22:53:09.089-05,2026-08-04 22:54:09.326-05,B,82,Dr. Blade Change,,legacy
203,2026-08-04 22:54:09.326-05,2026-08-04 22:59:10.532-05,B,95,Press Problem / Impression,,legacy
203,2026-08-04 22:59:10.532-05,2026-08-04 23:05:12-05,B,29,Electrical: Press Other,,legacy
203,2026-08-04 23:05:12-05,2026-08-04 23:33:18.631-05,B,95,Press Problem / Impression,,legacy
203,2026-08-04 23:33:18.631-05,2026-08-05 00:13:28.584-05,M,47-4,Make Ready Bouncing,,legacy
203,2026-08-05 00:13:28.584-05,2026-08-05 00:14:28.804-05,S,400,Sort,,legacy
203,2026-08-05 00:14:28.804-05,2026-08-05 00:56:38.533-05,G,150,Run Production,,legacy
203,2026-08-05 00:56:38.533-05,2026-08-05 01:39:48.675-05,B,125,Substrate - Other,,legacy
203,2026-08-05 01:39:48.675-05,2026-08-05 04:59:34.577-05,G,150,Run Production,,legacy
203,2026-08-05 04:59:34.577-05,2026-08-05 05:23:39.979-05,B,354,Housekeeping,,legacy
203,2026-08-05 05:23:39.979-05,2026-08-05 06:05:49.971-05,G,150,Run Production,,legacy
203,2026-08-05 06:05:49.971-05,2026-08-05 07:13:07.076-05,B,354,Housekeeping,,legacy
203,2026-08-05 07:13:07.076-05,2026-08-05 12:27:19.755-05,G,150,Run Production,,legacy
203,2026-08-05 12:27:19.755-05,2026-08-05 13:06:29.164-05,B,126,Substrate - Web Break,,legacy
203,2026-08-05 13:06:29.164-05,2026-08-05 13:08:29.535-05,M,50,Make Ready - Color Match,,legacy
203,2026-08-05 13:08:29.535-05,2026-08-05 13:12:30.489-05,B,89,Ink: Wait On,,legacy
203,2026-08-05 13:12:30.489-05,2026-08-05 13:31:34.946-05,B,95,Press Problem / Impression,,legacy
203,2026-08-05 13:31:34.946-05,2026-08-05 17:28:33.177-05,G,150,Run Production,,legacy
203,2026-08-05 17:28:33.177-05,2026-08-05 18:07:42.403-05,B,354,Housekeeping,,legacy
203,2026-08-05 18:07:42.403-05,2026-08-05 18:13:44.07-05,B,125,Substrate - Other,,legacy
203,2026-08-05 18:13:44.07-05,2026-08-05 18:59:59.632-05,G,150,Run Production,,legacy
203,2026-08-05 18:59:59.632-05,2026-08-05 19:09:01.71-05,B,350,Roll Change,,legacy
203,2026-08-05 19:09:01.71-05,2026-08-05 19:58:13.413-05,G,150,Run Production,,legacy
203,2026-08-05 19:58:13.413-05,2026-08-05 20:05:15.079-05,B,350,Roll Change,,legacy
203,2026-08-05 20:05:15.079-05,2026-08-05 20:44:24.352-05,G,150,Run Production,,legacy
203,2026-08-05 20:44:24.352-05,2026-08-05 20:54:26.871-05,B,350,Roll Change,,legacy
203,2026-08-05 20:54:26.871-05,2026-08-05 21:38:37.241-05,B,125,Substrate - Other,,legacy
203,2026-08-05 21:38:37.241-05,2026-08-05 22:26:48.43-05,G,150,Run Production,,legacy
203,2026-08-05 22:26:48.43-05,2026-08-05 22:41:52.133-05,B,350,Roll Change,,legacy
203,2026-08-05 22:41:52.133-05,2026-08-05 23:44:06.459-05,G,150,Run Production,,legacy
203,2026-08-05 23:44:06.459-05,2026-08-05 23:55:09.123-05,B,145-4,Plate Wash,,legacy
203,2026-08-05 23:55:09.123-05,2026-08-06 00:34:18.12-05,G,150,Run Production,,legacy
203,2026-08-06 00:34:18.12-05,2026-08-06 01:02:24.536-05,B,82,Dr. Blade Change,,legacy
203,2026-08-06 01:02:24.536-05,2026-08-06 01:36:32.751-05,B,125,Substrate - Other,,legacy
203,2026-08-06 01:36:32.751-05,2026-08-06 02:28:44.897-05,G,150,Run Production,,legacy
203,2026-08-06 02:28:44.897-05,2026-08-06 02:41:47.973-05,B,350,Roll Change,,legacy
203,2026-08-06 02:41:47.973-05,2026-08-06 03:31:59.611-05,G,150,Run Production,,legacy
203,2026-08-06 03:31:59.611-05,2026-08-06 03:45:02.656-05,B,350,Roll Change,,legacy
203,2026-08-06 03:45:02.656-05,2026-08-06 04:46:16.612-05,G,150,Run Production,,legacy
203,2026-08-06 04:46:16.612-05,2026-08-06 04:50:17.431-05,B,350,Roll Change,,legacy
203,2026-08-06 04:50:17.431-05,2026-08-06 05:16:23.773-05,B,354,Housekeeping,,legacy
203,2026-08-06 05:16:23.773-05,2026-08-06 16:05:48.899-05,G,150,Run Production,,legacy
203,2026-08-06 16:05:48.899-05,2026-08-06 16:22:53.554-05,M,16,Make Ready,,legacy
203,2026-08-06 16:22:53.554-05,2026-08-06 16:36:55.205-05,G,20,Run,,legacy
203,2026-08-06 16:36:55.205-05,2026-08-06 16:49:35.803-05,G,150,Run Production,,legacy
203,2026-08-06 16:49:35.803-05,2026-08-06 23:12:58.283-05,G,20,Run,,legacy
203,2026-08-06 23:12:58.283-05,2026-08-06 23:14:59.415-05,B,301,Cambio de Rollo,,legacy
203,2026-08-06 23:14:59.415-05,2026-08-06 23:21:05.18-05,G,150,Run Production,,legacy
203,2026-08-06 23:21:05.18-05,2026-08-06 23:59:41.304-05,G,20,Run,,legacy
203,2026-08-06 23:59:41.304-05,2026-08-07 00:05:44.388-05,G,150,Run Production,,legacy
203,2026-08-07 00:05:44.388-05,2026-08-07 00:08:45.004-05,B,350,Roll Change,,legacy
203,2026-08-07 00:08:45.004-05,2026-08-07 00:16:22.878-05,G,20,Run,,legacy
203,2026-08-07 00:16:22.878-05,2026-08-07 00:35:45.227-05,G,150,Run Production,,legacy
203,2026-08-07 00:35:45.227-05,2026-08-07 01:04:41.65-05,G,20,Run,,legacy
203,2026-08-07 01:04:41.65-05,2026-08-07 01:12:56.743-05,G,150,Run Production,,legacy
203,2026-08-07 01:12:56.743-05,2026-08-07 01:16:57.727-05,M,47-99,Make Ready Other,,legacy
203,2026-08-07 01:16:57.727-05,2026-08-07 01:20:58.919-05,B,301,Cambio de Rollo,,legacy
203,2026-08-07 01:20:58.919-05,2026-08-07 01:44:05.607-05,G,20,Run,,legacy
203,2026-08-07 01:44:05.607-05,2026-08-07 01:49:06.913-05,G,150,Run Production,,legacy
203,2026-08-07 01:49:06.913-05,2026-08-07 01:54:08.766-05,B,301,Cambio de Rollo,,legacy
203,2026-08-07 01:54:08.766-05,2026-08-07 02:33:26.616-05,G,20,Run,,legacy
203,2026-08-07 02:33:26.616-05,2026-08-07 02:34:26.836-05,G,150,Run Production,,legacy
203,2026-08-07 02:34:26.836-05,2026-08-07 02:52:40.179-05,B,350,Roll Change,,legacy
203,2026-08-07 02:52:40.179-05,2026-08-07 03:23:54.726-05,M,47-17,Make Ready Dirty Anilox,,legacy
203,2026-08-07 03:23:54.726-05,2026-08-07 03:24:54.956-05,G,20,Run,,legacy
203,2026-08-07 03:24:54.956-05,2026-08-07 03:35:58.517-05,B,301,Cambio de Rollo,,legacy
203,2026-08-07 03:35:58.517-05,2026-08-07 03:57:09.365-05,G,20,Run,,legacy
203,2026-08-07 03:57:09.365-05,2026-08-07 04:02:11.073-05,B,301,Cambio de Rollo,,legacy
203,2026-08-07 04:02:11.073-05,2026-08-07 04:28:22.02-05,G,20,Run,,legacy
203,2026-08-07 04:28:22.02-05,2026-08-07 04:37:24.788-05,B,301,Cambio de Rollo,,legacy
203,2026-08-07 04:37:24.788-05,2026-08-07 04:46:38.929-05,G,20,Run,,legacy
203,2026-08-07 04:46:38.929-05,2026-08-07 05:02:49.166-05,G,150,Run Production,,legacy
203,2026-08-07 05:02:49.166-05,2026-08-07 05:05:50.215-05,B,301,Cambio de Rollo,,legacy
203,2026-08-07 05:05:50.215-05,2026-08-07 05:20:58.232-05,G,20,Run,,legacy
203,2026-08-07 05:20:58.232-05,2026-08-07 05:21:58.506-05,G,150,Run Production,,legacy
203,2026-08-07 05:21:58.506-05,2026-08-07 05:32:02.802-05,B,350,Roll Change,,legacy
203,2026-08-07 05:32:02.802-05,2026-08-07 05:33:03.904-05,G,20,Run,,legacy
203,2026-08-07 05:33:03.904-05,2026-08-07 05:42:08.445-05,B,301,Cambio de Rollo,,legacy
203,2026-08-07 05:42:08.445-05,2026-08-07 05:51:22.553-05,G,150,Run Production,,legacy
203,2026-08-07 05:51:22.553-05,2026-08-07 11:59:48.456-05,B,378,Cambio de Turno,,legacy
203,2026-08-07 11:59:48.456-05,2026-08-07 12:21:00.866-05,G,20,Run,,legacy
203,2026-08-07 12:21:00.866-05,2026-08-07 12:39:28.658-05,G,150,Run Production,,legacy
203,2026-08-07 12:39:28.658-05,2026-08-07 17:29:29.489-05,B,125,Substrate - Other,,legacy
203,2026-08-07 17:29:29.489-05,2026-08-07 17:35:30.716-05,G,150,Run Production,,legacy
203,2026-08-07 17:35:30.716-05,2026-08-07 17:39:31.872-05,B,301,Cambio de Rollo,,legacy
203,2026-08-07 17:39:31.872-05,2026-08-07 17:43:32.817-05,G,20,Run,,legacy
203,2026-08-07 17:43:32.817-05,2026-08-07 18:05:39.158-05,B,450,Non Productive,,legacy
203,2026-08-07 18:05:39.158-05,2026-08-07 18:38:52.942-05,M,48,Make Ready Sleeves,,legacy
203,2026-08-07 18:38:52.942-05,2026-08-07 18:57:00.385-05,B,64,Mech - Press Other,,legacy
203,2026-08-07 18:57:00.385-05,2026-08-07 19:09:05.464-05,M,48,Make Ready Sleeves,,legacy
203,2026-08-07 19:09:05.464-05,2026-08-07 19:40:20.083-05,B,64,Mech - Press Other,,legacy
203,2026-08-07 19:40:20.083-05,2026-08-07 19:57:31.009-05,M,47,Make Ready - Time Required to Setup Job,,legacy
203,2026-08-07 19:57:31.009-05,2026-08-07 20:05:33.18-05,B,64,Mech - Press Other,,legacy
203,2026-08-07 20:05:33.18-05,2026-08-07 20:34:42.309-05,M,47,Make Ready - Time Required to Setup Job,,legacy
203,2026-08-07 20:34:42.309-05,2026-08-07 22:25:23.423-05,M,47-99,Make Ready Other,,legacy
203,2026-08-07 22:25:23.423-05,2026-08-07 22:45:29.114-05,M,47,Make Ready - Time Required to Setup Job,,legacy
203,2026-08-07 22:45:29.114-05,2026-08-07 23:05:34.603-05,G,150,Run Production,,legacy
203,2026-08-07 23:05:34.603-05,2026-08-07 23:18:37.767-05,B,350,Roll Change,,legacy
203,2026-08-07 23:18:37.767-05,2026-08-08 00:01:49.843-05,G,150,Run Production,,legacy
203,2026-08-08 00:01:49.843-05,2026-08-08 00:19:54.489-05,B,350,Roll Change,,legacy
203,2026-08-08 00:19:54.489-05,2026-08-08 00:59:04.871-05,G,150,Run Production,,legacy
203,2026-08-08 00:59:04.871-05,2026-08-08 01:29:13.234-05,B,125,Substrate - Other,,legacy
203,2026-08-08 01:29:13.234-05,2026-08-08 01:34:14.978-05,B,350,Roll Change,,legacy
203,2026-08-08 01:34:14.978-05,2026-08-08 01:52:20.413-05,G,150,Run Production,,legacy
203,2026-08-08 01:52:20.413-05,2026-08-08 02:13:27.166-05,B,145-3,Drum Clean,,legacy
203,2026-08-08 02:13:27.166-05,2026-08-08 04:24:05.211-05,G,150,Run Production,,legacy
203,2026-08-08 04:24:05.211-05,2026-08-08 05:05:15.414-05,B,354,Housekeeping,,legacy
203,2026-08-08 05:05:15.414-05,2026-08-08 05:28:22.028-05,B,350,Roll Change,,legacy
203,2026-08-08 05:28:22.028-05,2026-08-08 06:11:33.768-05,G,150,Run Production,,legacy
203,2026-08-08 06:11:33.768-05,2026-08-08 06:21:36.514-05,B,350,Roll Change,,legacy
203,2026-08-08 06:21:36.514-05,2026-08-08 06:34:40.191-05,G,150,Run Production,,legacy
203,2026-08-08 06:34:40.191-05,2026-08-08 07:05:49.469-05,B,82,Dr. Blade Change,,legacy
203,2026-08-08 07:05:49.469-05,2026-08-08 11:44:02.806-05,B,64,Mech - Press Other,,legacy
203,2026-08-08 11:44:02.806-05,,B,450,Non Productive,,legacy
205,2026-07-16 16:19:39.879-05,2026-07-16 16:47:44.939-05,B,354,Housekeeping,,legacy
205,2026-07-16 16:47:44.939-05,2026-07-16 17:10:48.982-05,G,150,Run Production,,legacy
205,2026-07-16 17:10:48.982-05,2026-07-16 17:17:50.223-05,B,95,Press Problem / Impression,,legacy
205,2026-07-16 17:17:50.223-05,2026-07-16 18:01:57.075-05,G,150,Run Production,,legacy
205,2026-07-16 18:01:57.075-05,2026-07-16 18:02:57.313-05,B,125,Substrate - Other,,legacy
205,2026-07-16 18:02:57.313-05,2026-07-16 18:25:01.972-05,B,350,Roll Change,,legacy
205,2026-07-16 18:25:01.972-05,2026-07-16 18:42:05.573-05,G,150,Run Production,,legacy
205,2026-07-16 18:42:05.573-05,2026-07-16 18:50:07.131-05,B,83,Drum: Clean,,legacy
205,2026-07-16 18:50:07.131-05,2026-07-16 22:17:42.597-05,G,150,Run Production,,legacy
205,2026-07-16 22:17:42.597-05,2026-07-16 22:35:44.776-05,B,99,Plates: Wash,,legacy
205,2026-07-16 22:35:44.776-05,2026-07-16 22:57:47.494-05,B,125,Substrate - Other,,legacy
205,2026-07-16 22:57:47.494-05,2026-07-16 23:45:53.985-05,G,150,Run Production,,legacy
205,2026-07-16 23:45:53.985-05,2026-07-17 00:00:55.857-05,B,99,Plates: Wash,,legacy
205,2026-07-17 00:00:55.857-05,2026-07-17 00:22:59.802-05,B,82,Dr. Blade Change,,legacy
205,2026-07-17 00:22:59.802-05,2026-07-17 00:40:03.376-05,M,47-15,MR Anilox Change (High Volume),,legacy
205,2026-07-17 00:40:03.376-05,2026-07-17 04:16:40.611-05,G,150,Run Production,,legacy
205,2026-07-17 04:16:40.611-05,2026-07-17 04:36:43.29-05,B,82,Dr. Blade Change,,legacy
205,2026-07-17 04:36:43.29-05,2026-07-17 04:49:44.994-05,B,83,Drum: Clean,,legacy
205,2026-07-17 04:49:44.994-05,2026-07-17 06:11:55.998-05,G,150,Run Production,,legacy
205,2026-07-17 06:11:55.998-05,2026-07-17 06:16:56.939-05,B,350,Roll Change,,legacy
205,2026-07-17 06:16:56.939-05,2026-07-17 07:08:08.771-05,G,150,Run Production,,legacy
205,2026-07-17 07:08:08.771-05,2026-07-17 07:18:11.137-05,B,350,Roll Change,,legacy
205,2026-07-17 07:18:11.137-05,2026-07-17 08:03:20.799-05,G,150,Run Production,,legacy
205,2026-07-17 08:03:20.799-05,2026-07-17 08:09:22.058-05,B,350,Roll Change,,legacy
205,2026-07-17 08:09:22.058-05,2026-07-17 08:58:30.664-05,G,150,Run Production,,legacy
205,2026-07-17 08:58:30.664-05,2026-07-17 09:15:32.949-05,B,82,Dr. Blade Change,,legacy
205,2026-07-17 09:15:32.949-05,2026-07-17 09:57:38.561-05,G,150,Run Production,,legacy
205,2026-07-17 09:57:38.561-05,2026-07-17 10:08:39.885-05,B,82,Dr. Blade Change,,legacy
205,2026-07-17 10:08:39.885-05,2026-07-17 10:18:41.204-05,G,150,Run Production,,legacy
205,2026-07-17 10:18:41.204-05,2026-07-17 10:24:42.097-05,B,145-4,Plate Wash,,legacy
205,2026-07-17 10:24:42.097-05,2026-07-17 10:30:42.781-05,G,150,Run Production,,legacy
205,2026-07-17 10:30:42.781-05,2026-07-17 10:47:44.875-05,B,95,Press Problem / Impression,,legacy
205,2026-07-17 10:47:44.875-05,2026-07-17 11:29:49.997-05,G,150,Run Production,,legacy
205,2026-07-17 11:29:49.997-05,2026-07-17 11:36:50.891-05,B,350,Roll Change,,legacy
205,2026-07-17 11:36:50.891-05,2026-07-17 12:58:05.644-05,G,150,Run Production,,legacy
205,2026-07-17 12:58:05.644-05,2026-07-17 13:04:06.907-05,B,29,Electrical: Press Other,,legacy
205,2026-07-17 13:04:06.907-05,2026-07-17 14:59:29.722-05,G,150,Run Production,,legacy
205,2026-07-17 14:59:29.722-05,2026-07-17 15:13:31.618-05,B,95,Press Problem / Impression,,legacy
205,2026-07-17 15:13:31.618-05,2026-07-17 16:00:37.591-05,G,150,Run Production,,legacy
205,2026-07-17 16:00:37.591-05,2026-07-17 16:28:41.716-05,B,350,Roll Change,,legacy
205,2026-07-17 16:28:41.716-05,2026-07-17 16:56:45.581-05,B,354,Housekeeping,,legacy
205,2026-07-17 16:56:45.581-05,2026-07-17 18:15:56.046-05,G,150,Run Production,,legacy
205,2026-07-17 18:15:56.046-05,2026-07-17 18:17:56.294-05,B,95,Press Problem / Impression,,legacy
205,2026-07-17 18:17:56.294-05,2026-07-17 18:34:59.692-05,B,29,Electrical: Press Other,,legacy
205,2026-07-17 18:34:59.692-05,2026-07-17 19:03:05.99-05,M,47,Make Ready - Time Required to Setup Job,,legacy
205,2026-07-17 19:03:05.99-05,2026-07-17 19:05:06.439-05,B,95,Press Problem / Impression,,legacy
205,2026-07-17 19:05:06.439-05,2026-07-17 19:30:11.427-05,B,29,Electrical: Press Other,,legacy
205,2026-07-17 19:30:11.427-05,2026-07-17 19:39:13.892-05,B,95,Press Problem / Impression,,legacy
205,2026-07-17 19:39:13.892-05,2026-07-17 20:53:28.761-05,G,150,Run Production,,legacy
205,2026-07-17 20:53:28.761-05,2026-07-17 21:10:30.977-05,B,99,Plates: Wash,,legacy
205,2026-07-17 21:10:30.977-05,2026-07-17 23:43:50.395-05,G,150,Run Production,,legacy
205,2026-07-17 23:43:50.395-05,2026-07-17 23:53:51.738-05,B,99,Plates: Wash,,legacy
205,2026-07-17 23:53:51.738-05,2026-07-18 01:10:04.864-05,G,150,Run Production,,legacy
205,2026-07-18 01:10:04.864-05,2026-07-18 01:36:10.658-05,B,82,Dr. Blade Change,,legacy
205,2026-07-18 01:36:10.658-05,2026-07-18 04:35:43.085-05,G,150,Run Production,,legacy
205,2026-07-18 04:35:43.085-05,2026-07-18 04:55:45.71-05,B,354,Housekeeping,,legacy
205,2026-07-18 04:55:45.71-05,2026-07-18 06:15:56.485-05,G,150,Run Production,,legacy
205,2026-07-18 06:15:56.485-05,2026-07-18 06:24:58.491-05,B,145-4,Plate Wash,,legacy
205,2026-07-18 06:24:58.491-05,2026-07-18 06:25:58.767-05,S,400,Sort,,legacy
205,2026-07-18 06:25:58.767-05,2026-07-18 08:34:26.304-05,B,450,Non Productive,,legacy
205,2026-07-18 08:34:26.304-05,2026-07-18 09:03:30.208-05,B,354,Housekeeping,,legacy
205,2026-07-18 09:03:30.208-05,2026-07-18 09:28:33.419-05,B,95,Press Problem / Impression,,legacy
205,2026-07-18 09:28:33.419-05,2026-07-18 09:34:34.309-05,B,145-4,Plate Wash,,legacy
205,2026-07-18 09:34:34.309-05,2026-07-18 10:02:38.138-05,G,150,Run Production,,legacy
205,2026-07-18 10:02:38.138-05,2026-07-18 10:20:40.222-05,B,41-1,Maintenance - Mechanical,,legacy
205,2026-07-18 10:20:40.222-05,2026-07-18 10:36:42.297-05,G,150,Run Production,,legacy
205,2026-07-18 10:36:42.297-05,2026-07-18 10:38:42.539-05,B,350,Roll Change,,legacy
205,2026-07-18 10:38:42.539-05,2026-07-18 11:14:47.279-05,G,150,Run Production,,legacy
205,2026-07-18 11:14:47.279-05,2026-07-18 11:22:48.17-05,B,350,Roll Change,,legacy
205,2026-07-18 11:22:48.17-05,2026-07-18 11:46:53.407-05,G,150,Run Production,,legacy
205,2026-07-18 11:46:53.407-05,2026-07-18 11:58:54.9-05,B,350,Roll Change,,legacy
205,2026-07-18 11:58:54.9-05,2026-07-18 14:08:20.208-05,G,150,Run Production,,legacy
205,2026-07-18 14:08:20.208-05,2026-07-18 14:15:21.704-05,B,350,Roll Change,,legacy
205,2026-07-18 14:15:21.704-05,2026-07-18 15:03:29.736-05,G,150,Run Production,,legacy
205,2026-07-18 15:03:29.736-05,2026-07-18 15:15:31.188-05,B,145-4,Plate Wash,,legacy
205,2026-07-18 15:15:31.188-05,2026-07-18 15:38:34.276-05,G,150,Run Production,,legacy
205,2026-07-18 15:38:34.276-05,2026-07-18 15:45:35.054-05,B,145-4,Plate Wash,,legacy
205,2026-07-18 15:45:35.054-05,2026-07-18 16:25:40.619-05,G,150,Run Production,,legacy
205,2026-07-18 16:25:40.619-05,2026-07-18 16:49:43.66-05,B,145-4,Plate Wash,,legacy
205,2026-07-18 16:49:43.66-05,2026-07-18 16:50:43.708-05,B,354,Housekeeping,,legacy
205,2026-07-18 16:50:43.708-05,2026-07-18 17:21:47.655-05,B,450,Non Productive,,legacy
205,2026-07-18 17:21:47.655-05,2026-07-18 17:23:47.923-05,M,47,Make Ready - Time Required to Setup Job,,legacy
205,2026-07-18 17:23:47.923-05,2026-07-18 17:56:51.91-05,G,150,Run Production,,legacy
205,2026-07-18 17:56:51.91-05,2026-07-18 18:27:56.022-05,B,82,Dr. Blade Change,,legacy
205,2026-07-18 18:27:56.022-05,2026-07-18 20:21:19.268-05,G,150,Run Production,,legacy
205,2026-07-18 20:21:19.268-05,2026-07-18 20:28:20.904-05,B,102,Poor Print (Obsolete),,legacy
205,2026-07-18 20:28:20.904-05,2026-07-18 20:57:26.733-05,M,48,Make Ready Sleeves,,legacy
205,2026-07-18 20:57:26.733-05,2026-07-18 23:36:46.629-05,M,47,Make Ready - Time Required to Setup Job,,legacy
205,2026-07-18 23:36:46.629-05,2026-07-19 00:08:50.731-05,M,80,Anilox: Change,,legacy
205,2026-07-19 00:08:50.731-05,2026-07-19 00:27:53.036-05,M,47,Make Ready - Time Required to Setup Job,,legacy
205,2026-07-19 00:27:53.036-05,2026-07-19 01:33:03.591-05,M,47-4,Make Ready Bouncing,,legacy
205,2026-07-19 01:33:03.591-05,2026-07-19 01:55:08.027-05,B,82,Dr. Blade Change,,legacy
205,2026-07-19 01:55:08.027-05,2026-07-19 02:29:16.003-05,M,47,Make Ready - Time Required to Setup Job,,legacy
205,2026-07-19 02:29:16.003-05,2026-07-19 04:21:35.204-05,G,150,Run Production,,legacy
205,2026-07-19 04:21:35.204-05,2026-07-19 04:37:37.193-05,B,354,Housekeeping,,legacy
205,2026-07-19 04:37:37.193-05,2026-07-19 05:50:46.278-05,G,150,Run Production,,legacy
205,2026-07-19 05:50:46.278-05,2026-07-19 05:51:46.402-05,B,450,Non Productive,,legacy
205,2026-07-19 05:51:46.402-05,2026-07-19 05:52:46.571-05,M,47,Make Ready - Time Required to Setup Job,,legacy
205,2026-07-19 05:52:46.571-05,2026-07-19 06:03:47.897-05,B,145-3,Drum Clean,,legacy
205,2026-07-19 06:03:47.897-05,2026-07-19 06:20:49.952-05,M,47,Make Ready - Time Required to Setup Job,,legacy
205,2026-07-19 06:20:49.952-05,2026-07-19 06:27:51.028-05,B,145-4,Plate Wash,,legacy
205,2026-07-19 06:27:51.028-05,2026-07-19 06:36:52.183-05,M,47,Make Ready - Time Required to Setup Job,,legacy
205,2026-07-19 06:36:52.183-05,2026-07-19 07:31:00.217-05,G,150,Run Production,,legacy
205,2026-07-19 07:31:00.217-05,2026-07-19 07:37:01.433-05,B,145-4,Plate Wash,,legacy
205,2026-07-19 07:37:01.433-05,2026-07-19 07:42:02.759-05,G,150,Run Production,,legacy
205,2026-07-19 07:42:02.759-05,2026-07-19 07:44:03.182-05,B,145-4,Plate Wash,,legacy
205,2026-07-19 07:44:03.182-05,2026-07-19 07:46:03.563-05,B,95,Press Problem / Impression,,legacy
205,2026-07-19 07:46:03.563-05,2026-07-19 09:24:24.105-05,G,150,Run Production,,legacy
205,2026-07-19 09:24:24.105-05,2026-07-19 09:25:24.319-05,B,450,Non Productive,,legacy
205,2026-07-19 09:25:24.319-05,2026-07-19 12:36:49.745-05,M,47,Make Ready - Time Required to Setup Job,,legacy
205,2026-07-19 12:36:49.745-05,2026-07-19 12:38:49.994-05,B,41-1,Maintenance - Mechanical,,legacy
205,2026-07-19 12:38:49.994-05,2026-07-19 13:46:59.371-05,M,47,Make Ready - Time Required to Setup Job,,legacy
205,2026-07-19 13:46:59.371-05,2026-07-19 14:09:03.918-05,M,85,Make Ready - Color Match,,legacy
205,2026-07-19 14:09:03.918-05,2026-07-19 14:12:04.522-05,M,80,Anilox: Change,,legacy
205,2026-07-19 14:12:04.522-05,2026-07-19 15:01:14.879-05,B,86,Ink: Contamination,,legacy
205,2026-07-19 15:01:14.879-05,2026-07-19 15:12:17.31-05,B,82,Dr. Blade Change,,legacy
205,2026-07-19 15:12:17.31-05,2026-07-19 15:41:23.391-05,M,47,Make Ready - Time Required to Setup Job,,legacy
205,2026-07-19 15:41:23.391-05,2026-07-19 16:30:31.942-05,G,150,Run Production,,legacy
205,2026-07-19 16:30:31.942-05,2026-07-19 16:36:32.772-05,B,95,Press Problem / Impression,,legacy
205,2026-07-19 16:36:32.772-05,2026-07-19 17:05:36.351-05,B,354,Housekeeping,,legacy
205,2026-07-19 17:05:36.351-05,2026-07-19 18:20:46.581-05,G,150,Run Production,,legacy
205,2026-07-19 18:20:46.581-05,2026-07-19 18:58:51.183-05,B,82,Dr. Blade Change,,legacy
205,2026-07-19 18:58:51.183-05,2026-07-19 20:06:00.959-05,G,150,Run Production,,legacy
205,2026-07-19 20:06:00.959-05,2026-07-19 20:15:02.752-05,B,145-6,Ink Spill,,legacy
205,2026-07-19 20:15:02.752-05,2026-07-20 01:05:48.962-05,G,150,Run Production,,legacy
205,2026-07-20 01:05:48.962-05,2026-07-20 01:07:49.235-05,B,102,Poor Print (Obsolete),,legacy
205,2026-07-20 01:07:49.235-05,2026-07-20 01:08:49.359-05,G,150,Run Production,,legacy
205,2026-07-20 01:08:49.359-05,2026-07-20 01:15:50.024-05,M,48,Make Ready Sleeves,,legacy
205,2026-07-20 01:15:50.024-05,2026-07-20 01:33:52.249-05,B,29,Electrical: Press Other,,legacy
205,2026-07-20 01:33:52.249-05,2026-07-20 01:48:54.126-05,M,48,Make Ready Sleeves,,legacy
205,2026-07-20 01:48:54.126-05,2026-07-20 03:18:10.684-05,M,47,Make Ready - Time Required to Setup Job,,legacy
205,2026-07-20 03:18:10.684-05,2026-07-20 04:13:22.146-05,B,354,Housekeeping,,legacy
205,2026-07-20 04:13:22.146-05,2026-07-20 04:29:25.639-05,B,145-3,Drum Clean,,legacy
205,2026-07-20 04:29:25.639-05,2026-07-20 06:19:40.191-05,G,150,Run Production,,legacy
205,2026-07-20 06:19:40.191-05,2026-07-20 06:26:40.985-05,B,145-4,Plate Wash,,legacy
205,2026-07-20 06:26:40.985-05,2026-07-20 07:28:49.026-05,G,150,Run Production,,legacy
205,2026-07-20 07:28:49.026-05,2026-07-20 07:42:50.67-05,B,99,Plates: Wash,,legacy
205,2026-07-20 07:42:50.67-05,2026-07-20 10:26:20.824-05,G,150,Run Production,,legacy
205,2026-07-20 10:26:20.824-05,2026-07-20 10:36:22.859-05,B,99,Plates: Wash,,legacy
205,2026-07-20 10:36:22.859-05,2026-07-20 13:31:47.149-05,G,150,Run Production,,legacy
205,2026-07-20 13:31:47.149-05,2026-07-20 13:37:48.002-05,B,145-4,Plate Wash,,legacy
205,2026-07-20 13:37:48.002-05,2026-07-20 14:31:54.858-05,G,150,Run Production,,legacy
205,2026-07-20 14:31:54.858-05,2026-07-20 14:40:55.902-05,B,99,Plates: Wash,,legacy
205,2026-07-20 14:40:55.902-05,2026-07-20 16:10:14.124-05,G,150,Run Production,,legacy
205,2026-07-20 16:10:14.124-05,2026-07-20 16:27:18.347-05,B,83,Drum: Clean,,legacy
205,2026-07-20 16:27:18.347-05,2026-07-20 16:41:21.291-05,B,354,Housekeeping,,legacy
205,2026-07-20 16:41:21.291-05,2026-07-20 17:09:27.166-05,G,150,Run Production,,legacy
205,2026-07-20 17:09:27.166-05,2026-07-20 17:28:29.868-05,B,125,Substrate - Other,,legacy
205,2026-07-20 17:28:29.868-05,2026-07-20 18:08:34.868-05,G,150,Run Production,,legacy
205,2026-07-20 18:08:34.868-05,2026-07-20 18:09:35.147-05,B,95,Press Problem / Impression,,legacy
205,2026-07-20 18:09:35.147-05,2026-07-20 18:23:36.929-05,G,150,Run Production,,legacy
205,2026-07-20 18:23:36.929-05,2026-07-20 18:29:37.707-05,B,350,Roll Change,,legacy
205,2026-07-20 18:29:37.707-05,2026-07-20 20:17:51.464-05,G,150,Run Production,,legacy
205,2026-07-20 20:17:51.464-05,2026-07-20 20:21:51.952-05,B,350,Roll Change,,legacy
205,2026-07-20 20:21:51.952-05,2026-07-20 21:11:59.637-05,G,150,Run Production,,legacy
205,2026-07-20 21:11:59.637-05,2026-07-20 21:12:59.843-05,B,450,Non Productive,,legacy
205,2026-07-20 21:12:59.843-05,2026-07-20 21:14:00.396-05,M,47,Make Ready - Time Required to Setup Job,,legacy
205,2026-07-20 21:14:00.396-05,2026-07-20 21:26:03.053-05,M,48,Make Ready Sleeves,,legacy
205,2026-07-20 21:26:03.053-05,2026-07-20 22:30:16.816-05,B,41-1,Maintenance - Mechanical,,legacy
205,2026-07-20 22:30:16.816-05,2026-07-20 22:38:18.624-05,M,48,Make Ready Sleeves,,legacy
205,2026-07-20 22:38:18.624-05,2026-07-20 23:08:25.361-05,B,82,Dr. Blade Change,,legacy
205,2026-07-20 23:08:25.361-05,2026-07-20 23:34:29.883-05,M,48,Make Ready Sleeves,,legacy
205,2026-07-20 23:34:29.883-05,2026-07-20 23:49:31.719-05,M,47,Make Ready - Time Required to Setup Job,,legacy
205,2026-07-20 23:49:31.719-05,2026-07-21 01:08:41.536-05,B,88,Pump Problem,,legacy
205,2026-07-21 01:08:41.536-05,2026-07-21 01:38:45.39-05,M,47,Make Ready - Time Required to Setup Job,,legacy
205,2026-07-21 01:38:45.39-05,2026-07-21 02:09:49.305-05,M,47-3,Make Ready Ghosting,,legacy
205,2026-07-21 02:09:49.305-05,2026-07-21 02:28:51.634-05,M,47,Make Ready - Time Required to Setup Job,,legacy
205,2026-07-21 02:28:51.634-05,2026-07-21 02:33:52.311-05,M,85,Make Ready - Color Match,,legacy
205,2026-07-21 02:33:52.311-05,2026-07-21 02:54:55.123-05,M,47,Make Ready - Time Required to Setup Job,,legacy
205,2026-07-21 02:54:55.123-05,2026-07-21 03:42:03.46-05,M,47-3,Make Ready Ghosting,,legacy
205,2026-07-21 03:42:03.46-05,2026-07-21 04:08:09.266-05,G,150,Run Production,,legacy
205,2026-07-21 04:08:09.266-05,2026-07-21 04:13:10.317-05,B,350,Roll Change,,legacy
205,2026-07-21 04:13:10.317-05,2026-07-21 04:27:13.508-05,G,150,Run Production,,legacy
205,2026-07-21 04:27:13.508-05,2026-07-21 05:37:28.408-05,B,354,Housekeeping,,legacy
205,2026-07-21 05:37:28.408-05,2026-07-21 06:16:33.967-05,G,150,Run Production,,legacy
205,2026-07-21 06:16:33.967-05,2026-07-21 06:38:37.132-05,B,95,Press Problem / Impression,,legacy
205,2026-07-21 06:38:37.132-05,2026-07-21 06:59:39.984-05,G,150,Run Production,,legacy
205,2026-07-21 06:59:39.984-05,2026-07-21 07:20:43.229-05,B,95,Press Problem / Impression,,legacy
205,2026-07-21 07:20:43.229-05,2026-07-21 07:37:45.41-05,B,64,Mech - Press Other,,legacy
205,2026-07-21 07:37:45.41-05,2026-07-21 07:49:47.049-05,B,95,Press Problem / Impression,,legacy
205,2026-07-21 07:49:47.049-05,2026-07-21 08:22:51.809-05,G,150,Run Production,,legacy
205,2026-07-21 08:22:51.809-05,2026-07-21 08:30:03.504-05,B,145-4,Plate Wash,,legacy
205,2026-07-21 08:30:03.504-05,2026-07-21 10:32:30.337-05,G,150,Run Production,,legacy
205,2026-07-21 10:32:30.337-05,2026-07-21 10:46:32.05-05,B,99,Plates: Wash,,legacy
205,2026-07-21 10:46:32.05-05,2026-07-21 12:11:44.073-05,G,150,Run Production,,legacy
205,2026-07-21 12:11:44.073-05,2026-07-21 12:29:46.624-05,B,82,Dr. Blade Change,,legacy
205,2026-07-21 12:29:46.624-05,2026-07-21 12:34:47.381-05,B,145-4,Plate Wash,,legacy
205,2026-07-21 12:34:47.381-05,2026-07-21 15:24:18.426-05,G,150,Run Production,,legacy
205,2026-07-21 15:24:18.426-05,2026-07-21 15:32:20.046-05,B,145-4,Plate Wash,,legacy
205,2026-07-21 15:32:20.046-05,2026-07-21 16:26:30.405-05,G,150,Run Production,,legacy
205,2026-07-21 16:26:30.405-05,2026-07-21 16:54:34.016-05,B,354,Housekeeping,,legacy
205,2026-07-21 16:54:34.016-05,2026-07-21 18:07:43.787-05,G,150,Run Production,,legacy
205,2026-07-21 18:07:43.787-05,2026-07-21 18:24:46.906-05,B,350,Roll Change,,legacy
205,2026-07-21 18:24:46.906-05,2026-07-21 19:42:56.494-05,G,150,Run Production,,legacy
205,2026-07-21 19:42:56.494-05,2026-07-21 19:44:56.771-05,B,350,Roll Change,,legacy
205,2026-07-21 19:44:56.771-05,2026-07-21 19:58:59.41-05,B,145-4,Plate Wash,,legacy
205,2026-07-21 19:58:59.41-05,2026-07-21 23:15:37.159-05,G,150,Run Production,,legacy
205,2026-07-21 23:15:37.159-05,2026-07-21 23:27:38.774-05,B,450,Non Productive,,legacy
205,2026-07-21 23:27:38.774-05,2026-07-22 00:55:50.939-05,M,48,Make Ready Sleeves,,legacy
205,2026-07-22 00:55:50.939-05,2026-07-22 02:39:10.427-05,M,47,Make Ready - Time Required to Setup Job,,legacy
205,2026-07-22 02:39:10.427-05,2026-07-22 03:04:16.132-05,M,80,Anilox: Change,,legacy
205,2026-07-22 03:04:16.132-05,2026-07-22 03:36:23.042-05,M,85,Make Ready - Color Match,,legacy
205,2026-07-22 03:36:23.042-05,2026-07-22 04:10:29.956-05,M,47,Make Ready - Time Required to Setup Job,,legacy
205,2026-07-22 04:10:29.956-05,2026-07-22 04:15:30.621-05,M,47-4,Make Ready Bouncing,,legacy
205,2026-07-22 04:15:30.621-05,2026-07-22 04:38:33.669-05,B,354,Housekeeping,,legacy
205,2026-07-22 04:38:33.669-05,2026-07-22 05:18:39.983-05,M,47-5,Make Ready Chamber Malfunction,,legacy
205,2026-07-22 05:18:39.983-05,2026-07-22 05:25:40.977-05,M,47,Make Ready - Time Required to Setup Job,,legacy
205,2026-07-22 05:25:40.977-05,2026-07-22 05:32:41.892-05,G,150,Run Production,,legacy
205,2026-07-22 05:32:41.892-05,2026-07-22 05:35:42.277-05,B,95,Press Problem / Impression,,legacy
205,2026-07-22 05:35:42.277-05,2026-07-22 05:38:42.737-05,G,150,Run Production,,legacy
205,2026-07-22 05:38:42.737-05,2026-07-22 05:43:43.608-05,B,95,Press Problem / Impression,,legacy
205,2026-07-22 05:43:43.608-05,2026-07-22 05:45:43.806-05,G,150,Run Production,,legacy
205,2026-07-22 05:45:43.806-05,2026-07-22 06:08:47.123-05,B,95,Press Problem / Impression,,legacy
205,2026-07-22 06:08:47.123-05,2026-07-22 06:31:50.843-05,G,150,Run Production,,legacy
205,2026-07-22 06:31:50.843-05,2026-07-22 07:00:54.96-05,B,82,Dr. Blade Change,,legacy
205,2026-07-22 07:00:54.96-05,2026-07-22 07:13:57.079-05,B,145-4,Plate Wash,,legacy
205,2026-07-22 07:13:57.079-05,2026-07-22 07:40:03.972-05,G,150,Run Production,,legacy
205,2026-07-22 07:40:03.972-05,2026-07-22 08:01:08.983-05,B,64,Mech - Press Other,,legacy
205,2026-07-22 08:01:08.983-05,2026-07-22 08:08:10.83-05,B,95,Press Problem / Impression,,legacy
205,2026-07-22 08:08:10.83-05,2026-07-22 08:35:17.774-05,G,150,Run Production,,legacy
205,2026-07-22 08:35:17.774-05,2026-07-22 09:23:29.387-05,M,47-15,MR Anilox Change (High Volume),,legacy
205,2026-07-22 09:23:29.387-05,2026-07-22 09:57:35.31-05,B,95,Press Problem / Impression,,legacy
205,2026-07-22 09:57:35.31-05,2026-07-22 10:40:42.511-05,G,150,Run Production,,legacy
205,2026-07-22 10:40:42.511-05,2026-07-22 10:45:43.376-05,B,64,Mech - Press Other,,legacy
205,2026-07-22 10:45:43.376-05,2026-07-22 12:05:57.616-05,G,150,Run Production,,legacy
205,2026-07-22 12:05:57.616-05,2026-07-22 12:10:58.697-05,B,145-4,Plate Wash,,legacy
205,2026-07-22 12:10:58.697-05,2026-07-22 13:28:18.679-05,G,150,Run Production,,legacy
205,2026-07-22 13:28:18.679-05,2026-07-22 13:51:24.517-05,B,450,Non Productive,,legacy
205,2026-07-22 13:51:24.517-05,2026-07-22 13:52:24.785-05,M,47,Make Ready - Time Required to Setup Job,,legacy
205,2026-07-22 13:52:24.785-05,2026-07-22 15:07:37.702-05,G,150,Run Production,,legacy
205,2026-07-22 15:07:37.702-05,2026-07-22 15:14:38.779-05,B,145-4,Plate Wash,,legacy
205,2026-07-22 15:14:38.779-05,2026-07-22 16:07:46.739-05,G,150,Run Production,,legacy
205,2026-07-22 16:07:46.739-05,2026-07-22 16:23:49.336-05,B,83,Drum: Clean,,legacy
205,2026-07-22 16:23:49.336-05,2026-07-22 16:48:53.028-05,B,354,Housekeeping,,legacy
205,2026-07-22 16:48:53.028-05,2026-07-22 16:56:54.11-05,B,99,Plates: Wash,,legacy
205,2026-07-22 16:56:54.11-05,2026-07-22 18:35:14.975-05,G,150,Run Production,,legacy
205,2026-07-22 18:35:14.975-05,2026-07-22 18:51:18.644-05,B,145-4,Plate Wash,,legacy
205,2026-07-22 18:51:18.644-05,2026-07-22 19:17:24.298-05,G,150,Run Production,,legacy
205,2026-07-22 19:17:24.298-05,2026-07-22 19:22:25.471-05,B,95,Press Problem / Impression,,legacy
205,2026-07-22 19:22:25.471-05,2026-07-22 21:33:46.672-05,G,150,Run Production,,legacy
205,2026-07-22 21:33:46.672-05,2026-07-22 22:23:53.467-05,B,450,Non Productive,,legacy
205,2026-07-22 22:23:53.467-05,2026-07-22 22:35:55.084-05,M,48,Make Ready Sleeves,,legacy
205,2026-07-22 22:35:55.084-05,2026-07-22 23:24:04.659-05,M,47,Make Ready - Time Required to Setup Job,,legacy
205,2026-07-22 23:24:04.659-05,2026-07-22 23:26:05.095-05,B,82,Dr. Blade Change,,legacy
205,2026-07-22 23:26:05.095-05,2026-07-22 23:45:09.515-05,M,48,Make Ready Sleeves,,legacy
205,2026-07-22 23:45:09.515-05,2026-07-23 00:23:18.61-05,B,82,Dr. Blade Change,,legacy
205,2026-07-23 00:23:18.61-05,2026-07-23 01:40:33.041-05,M,47,Make Ready - Time Required to Setup Job,,legacy
205,2026-07-23 01:40:33.041-05,2026-07-23 02:47:42.63-05,B,64,Mech - Press Other,,legacy
205,2026-07-23 02:47:42.63-05,2026-07-23 02:48:43.213-05,M,47,Make Ready - Time Required to Setup Job,,legacy
205,2026-07-23 02:48:43.213-05,2026-07-24 14:32:32.917-05,B,64,Mech - Press Other,,legacy
205,2026-07-24 14:32:32.917-05,2026-07-24 16:19:56.741-05,G,150,Run Production,,legacy
205,2026-07-24 16:19:56.741-05,2026-07-24 16:26:58.299-05,B,99,Plates: Wash,,legacy
205,2026-07-24 16:26:58.299-05,2026-07-24 17:49:16.088-05,G,150,Run Production,,legacy
205,2026-07-24 17:49:16.088-05,2026-07-24 18:00:18.406-05,B,126,Substrate - Web Break,,legacy
205,2026-07-24 18:00:18.406-05,2026-07-24 18:19:22.624-05,B,64,Mech - Press Other,,legacy
205,2026-07-24 18:19:22.624-05,2026-07-24 19:15:36.133-05,B,126,Substrate - Web Break,,legacy
205,2026-07-24 19:15:36.133-05,2026-07-24 19:35:40.521-05,G,150,Run Production,,legacy
205,2026-07-24 19:35:40.521-05,2026-07-24 20:13:48.85-05,B,95,Press Problem / Impression,,legacy
205,2026-07-24 20:13:48.85-05,2026-07-24 20:53:58.447-05,G,150,Run Production,,legacy
205,2026-07-24 20:53:58.447-05,2026-07-24 21:05:01.142-05,B,139,Rewind Material,,legacy
205,2026-07-24 21:05:01.142-05,2026-07-24 21:22:04.898-05,G,150,Run Production,,legacy
205,2026-07-24 21:22:04.898-05,2026-07-24 22:38:23.128-05,B,64,Mech - Press Other,,legacy
205,2026-07-24 22:38:23.128-05,2026-07-25 00:20:46.269-05,G,150,Run Production,,legacy
205,2026-07-25 00:20:46.269-05,2026-07-25 01:04:55.672-05,B,126,Substrate - Web Break,,legacy
205,2026-07-25 01:04:55.672-05,2026-07-25 01:54:06.493-05,G,150,Run Production,,legacy
205,2026-07-25 01:54:06.493-05,2026-07-25 02:04:08.604-05,B,29,Electrical: Press Other,,legacy
205,2026-07-25 02:04:08.604-05,2026-07-25 04:51:45.813-05,G,150,Run Production,,legacy
205,2026-07-25 04:51:45.813-05,2026-07-25 05:07:49.644-05,B,354,Housekeeping,,legacy
205,2026-07-25 05:07:49.644-05,2026-07-25 06:16:05.712-05,G,150,Run Production,,legacy
205,2026-07-25 06:16:05.712-05,2026-07-25 06:35:09.864-05,B,99,Plates: Wash,,legacy
205,2026-07-25 06:35:09.864-05,2026-07-25 07:08:17.34-05,G,150,Run Production,,legacy
205,2026-07-25 07:08:17.34-05,2026-07-25 07:32:22.854-05,B,82,Dr. Blade Change,,legacy
205,2026-07-25 07:32:22.854-05,2026-07-25 12:57:36.63-05,G,150,Run Production,,legacy
205,2026-07-25 12:57:36.63-05,2026-07-25 12:58:36.84-05,B,29,Electrical: Press Other,,legacy
205,2026-07-25 12:58:36.84-05,2026-07-25 13:13:40.004-05,B,99,Plates: Wash,,legacy
205,2026-07-25 13:13:40.004-05,2026-07-25 13:31:44.17-05,G,150,Run Production,,legacy
205,2026-07-25 13:31:44.17-05,2026-07-25 13:46:47.588-05,B,82,Dr. Blade Change,,legacy
205,2026-07-25 13:46:47.588-05,2026-07-25 13:56:49.862-05,B,99,Plates: Wash,,legacy
205,2026-07-25 13:56:49.862-05,2026-07-25 15:38:12.904-05,G,150,Run Production,,legacy
205,2026-07-25 15:38:12.904-05,2026-07-25 15:58:17.687-05,B,99,Plates: Wash,,legacy
205,2026-07-25 15:58:17.687-05,2026-07-25 16:18:21.916-05,B,354,Housekeeping,,legacy
205,2026-07-25 16:18:21.916-05,2026-07-25 16:28:24.117-05,B,83,Drum: Clean,,legacy
205,2026-07-25 16:28:24.117-05,2026-07-25 18:22:53.387-05,G,150,Run Production,,legacy
205,2026-07-25 18:22:53.387-05,2026-07-25 18:28:54.701-05,B,350,Roll Change,,legacy
205,2026-07-25 18:28:54.701-05,2026-07-25 19:12:04.659-05,G,150,Run Production,,legacy
205,2026-07-25 19:12:04.659-05,2026-07-25 19:21:06.54-05,B,350,Roll Change,,legacy
205,2026-07-25 19:21:06.54-05,2026-07-25 19:44:11.918-05,G,150,Run Production,,legacy
205,2026-07-25 19:44:11.918-05,2026-07-25 19:57:14.753-05,B,350,Roll Change,,legacy
205,2026-07-25 19:57:14.753-05,2026-07-25 21:19:33.621-05,G,150,Run Production,,legacy
205,2026-07-25 21:19:33.621-05,2026-07-25 21:27:35.328-05,B,350,Roll Change,,legacy
205,2026-07-25 21:27:35.328-05,2026-07-25 21:54:41.07-05,G,150,Run Production,,legacy
205,2026-07-25 21:54:41.07-05,2026-07-25 22:07:44.292-05,B,145-4,Plate Wash,,legacy
205,2026-07-25 22:07:44.292-05,2026-07-25 22:11:45.255-05,G,150,Run Production,,legacy
205,2026-07-25 22:11:45.255-05,2026-07-25 22:52:54.739-05,B,126,Substrate - Web Break,,legacy
205,2026-07-25 22:52:54.739-05,2026-07-25 23:38:05.118-05,G,150,Run Production,,legacy
205,2026-07-25 23:38:05.118-05,2026-07-25 23:55:08.872-05,B,82,Dr. Blade Change,,legacy
205,2026-07-25 23:55:08.872-05,2026-07-26 01:35:31.316-05,G,150,Run Production,,legacy
205,2026-07-26 01:35:31.316-05,2026-07-26 01:56:35.795-05,B,82,Dr. Blade Change,,legacy
205,2026-07-26 01:56:35.795-05,2026-07-26 02:40:45.405-05,G,150,Run Production,,legacy
205,2026-07-26 02:40:45.405-05,2026-07-26 02:44:46.29-05,B,350,Roll Change,,legacy
205,2026-07-26 02:44:46.29-05,2026-07-26 04:31:10.391-05,G,150,Run Production,,legacy
205,2026-07-26 04:31:10.391-05,2026-07-26 05:04:18.172-05,B,354,Housekeeping,,legacy
205,2026-07-26 05:04:18.172-05,2026-07-26 05:48:28.219-05,G,150,Run Production,,legacy
205,2026-07-26 05:48:28.219-05,2026-07-26 05:54:29.548-05,B,350,Roll Change,,legacy
205,2026-07-26 05:54:29.548-05,2026-07-26 06:18:35.203-05,G,150,Run Production,,legacy
205,2026-07-26 06:18:35.203-05,2026-07-26 06:31:38.137-05,B,145-4,Plate Wash,,legacy
205,2026-07-26 06:31:38.137-05,2026-07-26 06:44:41.062-05,B,95,Press Problem / Impression,,legacy
205,2026-07-26 06:44:41.062-05,2026-07-26 07:01:45.006-05,B,99,Plates: Wash,,legacy
205,2026-07-26 07:01:45.006-05,2026-07-26 07:29:51.28-05,G,150,Run Production,,legacy
205,2026-07-26 07:29:51.28-05,2026-07-26 07:42:53.908-05,B,145-4,Plate Wash,,legacy
205,2026-07-26 07:42:53.908-05,2026-07-26 08:44:07.429-05,G,150,Run Production,,legacy
205,2026-07-26 08:44:07.429-05,2026-07-26 09:38:18.798-05,M,48,Make Ready Sleeves,,legacy
205,2026-07-26 09:38:18.798-05,2026-07-26 10:19:27.593-05,B,82,Dr. Blade Change,,legacy
205,2026-07-26 10:19:27.593-05,2026-07-26 10:42:33.057-05,M,48,Make Ready Sleeves,,legacy
205,2026-07-26 10:42:33.057-05,2026-07-26 12:53:02.329-05,M,47,Make Ready - Time Required to Setup Job,,legacy
205,2026-07-26 12:53:02.329-05,2026-07-26 13:04:05.002-05,B,99,Plates: Wash,,legacy
205,2026-07-26 13:04:05.002-05,2026-07-26 13:36:12.514-05,M,47,Make Ready - Time Required to Setup Job,,legacy
205,2026-07-26 13:36:12.514-05,2026-07-26 13:48:14.991-05,M,47-4,Make Ready Bouncing,,legacy
205,2026-07-26 13:48:14.991-05,2026-07-26 14:16:21.084-05,B,99,Plates: Wash,,legacy
205,2026-07-26 14:16:21.084-05,2026-07-26 15:53:43.203-05,M,47-15,MR Anilox Change (High Volume),,legacy
205,2026-07-26 15:53:43.203-05,2026-07-26 16:21:49.321-05,B,83,Drum: Clean,,legacy
205,2026-07-26 16:21:49.321-05,2026-07-26 16:48:55.762-05,B,354,Housekeeping,,legacy
205,2026-07-26 16:48:55.762-05,2026-07-26 18:12:14.379-05,B,95,Press Problem / Impression,,legacy
205,2026-07-26 18:12:14.379-05,2026-07-26 18:25:17.344-05,B,145-4,Plate Wash,,legacy
205,2026-07-26 18:25:17.344-05,2026-07-26 18:34:19.28-05,B,95,Press Problem / Impression,,legacy
205,2026-07-26 18:34:19.28-05,2026-07-26 18:55:24.796-05,B,41-2,Maintenance - Electrical,,legacy
205,2026-07-26 18:55:24.796-05,2026-07-26 19:21:30.648-05,B,95,Press Problem / Impression,,legacy
205,2026-07-26 19:21:30.648-05,2026-07-26 19:46:36.132-05,G,150,Run Production,,legacy
205,2026-07-26 19:46:36.132-05,2026-07-26 19:49:36.789-05,B,95,Press Problem / Impression,,legacy
205,2026-07-26 19:49:36.789-05,2026-07-26 21:11:56.216-05,G,150,Run Production,,legacy
205,2026-07-26 21:11:56.216-05,2026-07-26 21:22:58.539-05,B,145-4,Plate Wash,,legacy
205,2026-07-26 21:22:58.539-05,2026-07-26 23:17:24.217-05,G,150,Run Production,,legacy
205,2026-07-26 23:17:24.217-05,2026-07-26 23:25:25.984-05,B,350,Roll Change,,legacy
205,2026-07-26 23:25:25.984-05,2026-07-27 00:45:44.098-05,G,150,Run Production,,legacy
205,2026-07-27 00:45:44.098-05,2026-07-27 01:25:53.542-05,B,145-98,Quality Hold,,legacy
205,2026-07-27 01:25:53.542-05,2026-07-27 01:32:55.259-05,G,150,Run Production,,legacy
205,2026-07-27 01:32:55.259-05,2026-07-27 01:36:56.086-05,B,95,Press Problem / Impression,,legacy
205,2026-07-27 01:36:56.086-05,2026-07-27 02:00:01.203-05,G,150,Run Production,,legacy
205,2026-07-27 02:00:01.203-05,2026-07-27 02:06:02.542-05,B,95,Press Problem / Impression,,legacy
205,2026-07-27 02:06:02.542-05,2026-07-27 02:21:05.896-05,B,145-4,Plate Wash,,legacy
205,2026-07-27 02:21:05.896-05,2026-07-27 03:06:15.521-05,G,150,Run Production,,legacy
205,2026-07-27 03:06:15.521-05,2026-07-27 03:58:28.4-05,B,354,Housekeeping,,legacy
205,2026-07-27 03:58:28.4-05,2026-07-27 04:02:29.308-05,B,350,Roll Change,,legacy
205,2026-07-27 04:02:29.308-05,2026-07-27 06:10:58.632-05,G,150,Run Production,,legacy
205,2026-07-27 06:10:58.632-05,2026-07-27 06:12:59.135-05,B,125,Substrate - Other,,legacy
205,2026-07-27 06:12:59.135-05,2026-07-27 06:35:04.407-05,B,145-4,Plate Wash,,legacy
205,2026-07-27 06:35:04.407-05,2026-07-27 06:54:08.578-05,B,99,Plates: Wash,,legacy
205,2026-07-27 06:54:08.578-05,2026-07-27 08:14:26.387-05,G,150,Run Production,,legacy
205,2026-07-27 08:14:26.387-05,2026-07-27 08:16:26.803-05,B,125,Substrate - Other,,legacy
205,2026-07-27 08:16:26.803-05,2026-07-27 08:39:32.023-05,M,47-15,MR Anilox Change (High Volume),,legacy
205,2026-07-27 08:39:32.023-05,2026-07-27 08:52:35.017-05,B,99,Plates: Wash,,legacy
205,2026-07-27 08:52:35.017-05,2026-07-27 09:34:44.623-05,G,150,Run Production,,legacy
205,2026-07-27 09:34:44.623-05,2026-07-27 09:49:47.84-05,B,99,Plates: Wash,,legacy
205,2026-07-27 09:49:47.84-05,2026-07-27 10:00:50.673-05,G,150,Run Production,,legacy
205,2026-07-27 10:00:50.673-05,2026-07-27 10:20:54.882-05,B,82,Dr. Blade Change,,legacy
205,2026-07-27 10:20:54.882-05,2026-07-27 11:04:04.8-05,G,150,Run Production,,legacy
205,2026-07-27 11:04:04.8-05,2026-07-27 11:12:07.024-05,B,99,Plates: Wash,,legacy
205,2026-07-27 11:12:07.024-05,2026-07-27 12:07:19.523-05,G,150,Run Production,,legacy
205,2026-07-27 12:07:19.523-05,2026-07-27 12:11:20.342-05,B,145-4,Plate Wash,,legacy
205,2026-07-27 12:11:20.342-05,2026-07-27 12:58:31.774-05,G,150,Run Production,,legacy
205,2026-07-27 12:58:31.774-05,2026-07-27 14:18:49.672-05,M,47-19,Make Ready Sleeve Low Spot,,legacy
205,2026-07-27 14:18:49.672-05,2026-07-27 16:06:14.898-05,G,150,Run Production,,legacy
205,2026-07-27 16:06:14.898-05,2026-07-27 16:25:19.021-05,B,354,Housekeeping,,legacy
205,2026-07-27 16:25:19.021-05,2026-07-27 18:05:41.542-05,G,150,Run Production,,legacy
205,2026-07-27 18:05:41.542-05,2026-07-27 18:17:44.114-05,B,145-4,Plate Wash,,legacy
205,2026-07-27 18:17:44.114-05,2026-07-27 19:11:55.956-05,G,150,Run Production,,legacy
205,2026-07-27 19:11:55.956-05,2026-07-27 19:12:56.226-05,B,95,Press Problem / Impression,,legacy
205,2026-07-27 19:12:56.226-05,2026-07-27 20:06:08.221-05,G,150,Run Production,,legacy
205,2026-07-27 20:06:08.221-05,2026-07-27 20:10:09.107-05,B,450,Non Productive,,legacy
205,2026-07-27 20:10:09.107-05,2026-07-27 20:37:14.918-05,M,48,Make Ready Sleeves,,legacy
205,2026-07-27 20:37:14.918-05,2026-07-27 21:08:22.619-05,M,47-99,Make Ready Other,,legacy
205,2026-07-27 21:08:22.619-05,2026-07-27 21:15:24.115-05,M,47,Make Ready - Time Required to Setup Job,,legacy
205,2026-07-27 21:15:24.115-05,2026-07-27 21:30:27.947-05,B,83,Drum: Clean,,legacy
205,2026-07-27 21:30:27.947-05,2026-07-27 22:17:38.925-05,M,47,Make Ready - Time Required to Setup Job,,legacy
205,2026-07-27 22:17:38.925-05,2026-07-27 22:41:44.472-05,M,85,Make Ready - Color Match,,legacy
205,2026-07-27 22:41:44.472-05,2026-07-27 22:53:47.142-05,M,47,Make Ready - Time Required to Setup Job,,legacy
205,2026-07-27 22:53:47.142-05,2026-07-27 23:25:54.447-05,G,150,Run Production,,legacy
205,2026-07-27 23:25:54.447-05,2026-07-27 23:31:55.638-05,B,350,Roll Change,,legacy
205,2026-07-27 23:31:55.638-05,2026-07-28 01:20:19.156-05,G,150,Run Production,,legacy
205,2026-07-28 01:20:19.156-05,2026-07-28 01:32:21.822-05,B,145-4,Plate Wash,,legacy
205,2026-07-28 01:32:21.822-05,2026-07-28 02:17:32.029-05,G,150,Run Production,,legacy
205,2026-07-28 02:17:32.029-05,2026-07-28 02:25:33.735-05,B,350,Roll Change,,legacy
205,2026-07-28 02:25:33.735-05,2026-07-28 03:59:55.061-05,G,150,Run Production,,legacy
205,2026-07-28 03:59:55.061-05,2026-07-28 04:14:58.352-05,B,145-4,Plate Wash,,legacy
205,2026-07-28 04:14:58.352-05,2026-07-28 05:54:20.615-05,G,150,Run Production,,legacy
205,2026-07-28 05:54:20.615-05,2026-07-28 06:01:22.158-05,B,350,Roll Change,,legacy
205,2026-07-28 06:01:22.158-05,2026-07-28 06:02:22.395-05,B,125,Substrate - Other,,legacy
205,2026-07-28 06:02:22.395-05,2026-07-28 06:49:33.464-05,G,150,Run Production,,legacy
205,2026-07-28 06:49:33.464-05,2026-07-28 07:08:37.747-05,B,99,Plates: Wash,,legacy
205,2026-07-28 07:08:37.747-05,2026-07-28 07:58:49.517-05,G,150,Run Production,,legacy
205,2026-07-28 07:58:49.517-05,2026-07-28 08:39:58.59-05,B,64,Mech - Press Other,,legacy
205,2026-07-28 08:39:58.59-05,2026-07-28 10:15:19.337-05,B,125,Substrate - Other,,legacy
205,2026-07-28 10:15:19.337-05,2026-07-28 10:24:21.124-05,G,150,Run Production,,legacy
205,2026-07-28 10:24:21.124-05,2026-07-28 10:40:24.67-05,B,145-4,Plate Wash,,legacy
205,2026-07-28 10:40:24.67-05,2026-07-28 12:41:52.45-05,G,150,Run Production,,legacy
205,2026-07-28 12:41:52.45-05,2026-07-28 12:54:55.363-05,B,145-4,Plate Wash,,legacy
205,2026-07-28 12:54:55.363-05,2026-07-28 16:27:44.098-05,G,150,Run Production,,legacy
205,2026-07-28 16:27:44.098-05,2026-07-28 16:35:45.791-05,B,354,Housekeeping,,legacy
205,2026-07-28 16:35:45.791-05,2026-07-28 18:34:12.369-05,G,150,Run Production,,legacy
205,2026-07-28 18:34:12.369-05,2026-07-28 18:37:13.047-05,B,145-4,Plate Wash,,legacy
205,2026-07-28 18:37:13.047-05,2026-07-28 20:41:41.392-05,G,150,Run Production,,legacy
205,2026-07-28 20:41:41.392-05,2026-07-28 21:10:47.999-05,B,145-98,Quality Hold,,legacy
205,2026-07-28 21:10:47.999-05,2026-07-28 22:14:02.681-05,G,150,Run Production,,legacy
205,2026-07-28 22:14:02.681-05,2026-07-28 22:22:04.452-05,B,145-4,Plate Wash,,legacy
205,2026-07-28 22:22:04.452-05,2026-07-28 22:26:05.313-05,G,150,Run Production,,legacy
205,2026-07-28 22:26:05.313-05,2026-07-28 22:31:06.547-05,B,95,Press Problem / Impression,,legacy
205,2026-07-28 22:31:06.547-05,2026-07-28 23:21:17.614-05,G,150,Run Production,,legacy
205,2026-07-28 23:21:17.614-05,2026-07-28 23:33:20.342-05,B,350,Roll Change,,legacy
205,2026-07-28 23:33:20.342-05,2026-07-29 00:33:33.789-05,G,150,Run Production,,legacy
205,2026-07-29 00:33:33.789-05,2026-07-29 00:38:35.152-05,B,350,Roll Change,,legacy
205,2026-07-29 00:38:35.152-05,2026-07-29 01:35:48.336-05,G,150,Run Production,,legacy
205,2026-07-29 01:35:48.336-05,2026-07-29 02:19:58.389-05,B,145-98,Quality Hold,,legacy
205,2026-07-29 02:19:58.389-05,2026-07-29 04:09:23.341-05,G,150,Run Production,,legacy
205,2026-07-29 04:09:23.341-05,2026-07-29 04:22:26.783-05,B,145-4,Plate Wash,,legacy
205,2026-07-29 04:22:26.783-05,2026-07-29 04:23:27.03-05,G,150,Run Production,,legacy
205,2026-07-29 04:23:27.03-05,2026-07-29 04:41:31.411-05,B,354,Housekeeping,,legacy
205,2026-07-29 04:41:31.411-05,2026-07-29 05:00:36.215-05,G,150,Run Production,,legacy
205,2026-07-29 05:00:36.215-05,2026-07-29 05:07:37.732-05,B,64,Mech - Press Other,,legacy
205,2026-07-29 05:07:37.732-05,2026-07-29 06:53:01.619-05,G,150,Run Production,,legacy
205,2026-07-29 06:53:01.619-05,2026-07-29 07:10:05.811-05,B,99,Plates: Wash,,legacy
205,2026-07-29 07:10:05.811-05,2026-07-29 09:45:41.999-05,G,150,Run Production,,legacy
205,2026-07-29 09:45:41.999-05,2026-07-29 09:58:44.871-05,B,350,Roll Change,,legacy
205,2026-07-29 09:58:44.871-05,2026-07-29 11:49:10.426-05,G,150,Run Production,,legacy
205,2026-07-29 11:49:10.426-05,2026-07-29 12:07:14.602-05,M,48,Make Ready Sleeves,,legacy
205,2026-07-29 12:07:14.602-05,2026-07-29 12:34:21.015-05,B,82,Dr. Blade Change,,legacy
205,2026-07-29 12:34:21.015-05,2026-07-29 13:11:29.52-05,M,47,Make Ready - Time Required to Setup Job,,legacy
205,2026-07-29 13:11:29.52-05,2026-07-29 15:02:54.251-05,G,150,Run Production,,legacy
205,2026-07-29 15:02:54.251-05,2026-07-29 15:20:58.223-05,B,350,Roll Change,,legacy
205,2026-07-29 15:20:58.223-05,2026-07-29 16:16:12.739-05,G,150,Run Production,,legacy
205,2026-07-29 16:16:12.739-05,2026-07-29 16:37:18.313-05,B,354,Housekeeping,,legacy
205,2026-07-29 16:37:18.313-05,2026-07-29 17:41:34.37-05,G,150,Run Production,,legacy
205,2026-07-29 17:41:34.37-05,2026-07-29 18:08:40.986-05,B,99,Plates: Wash,,legacy
205,2026-07-29 18:08:40.986-05,2026-07-29 18:09:41.224-05,S,400,Sort,,legacy
205,2026-07-29 18:09:41.224-05,2026-07-29 18:11:41.669-05,B,125,Substrate - Other,,legacy
205,2026-07-29 18:11:41.669-05,2026-07-29 18:29:45.971-05,G,150,Run Production,,legacy
205,2026-07-29 18:29:45.971-05,2026-07-29 18:38:47.978-05,B,145-4,Plate Wash,,legacy
205,2026-07-29 18:38:47.978-05,2026-07-29 20:18:10.865-05,G,150,Run Production,,legacy
205,2026-07-29 20:18:10.865-05,2026-07-29 20:26:12.641-05,B,145-4,Plate Wash,,legacy
205,2026-07-29 20:26:12.641-05,2026-07-29 21:00:20.754-05,G,150,Run Production,,legacy
205,2026-07-29 21:00:20.754-05,2026-07-29 21:12:23.431-05,B,41-2,Maintenance - Electrical,,legacy
205,2026-07-29 21:12:23.431-05,2026-07-29 21:36:29.389-05,B,125,Substrate - Other,,legacy
205,2026-07-29 21:36:29.389-05,2026-07-29 21:57:34.073-05,M,47-3,Make Ready Ghosting,,legacy
205,2026-07-29 21:57:34.073-05,2026-07-29 22:56:47.024-05,G,150,Run Production,,legacy
205,2026-07-29 22:56:47.024-05,2026-07-29 23:04:48.819-05,B,145-4,Plate Wash,,legacy
205,2026-07-29 23:04:48.819-05,2026-07-29 23:33:55.355-05,G,150,Run Production,,legacy
205,2026-07-29 23:33:55.355-05,2026-07-29 23:41:56.973-05,B,350,Roll Change,,legacy
205,2026-07-29 23:41:56.973-05,2026-07-30 00:36:09.093-05,G,150,Run Production,,legacy
205,2026-07-30 00:36:09.093-05,2026-07-30 01:24:20.786-05,B,145-98,Quality Hold,,legacy
205,2026-07-30 01:24:20.786-05,2026-07-30 01:25:21.289-05,G,150,Run Production,,legacy
205,2026-07-30 01:25:21.289-05,2026-07-30 01:33:22.986-05,M,48,Make Ready Sleeves,,legacy
205,2026-07-30 01:33:22.986-05,2026-07-30 03:33:50.077-05,G,150,Run Production,,legacy
205,2026-07-30 03:33:50.077-05,2026-07-30 03:58:55.533-05,B,145-98,Quality Hold,,legacy
205,2026-07-30 03:58:55.533-05,2026-07-30 04:46:10.656-05,G,150,Run Production,,legacy
205,2026-07-30 04:46:10.656-05,2026-07-30 04:47:10.869-05,B,145-1,Film Core Waste,,legacy
205,2026-07-30 04:47:10.869-05,2026-07-30 04:55:12.769-05,B,145-4,Plate Wash,,legacy
205,2026-07-30 04:55:12.769-05,2026-07-30 05:27:19.876-05,G,150,Run Production,,legacy
205,2026-07-30 05:27:19.876-05,2026-07-30 05:32:21.01-05,B,350,Roll Change,,legacy
205,2026-07-30 05:32:21.01-05,2026-07-30 06:12:30.305-05,G,150,Run Production,,legacy
205,2026-07-30 06:12:30.305-05,2026-07-30 06:30:34.458-05,B,29,Electrical: Press Other,,legacy
205,2026-07-30 06:30:34.458-05,2026-07-30 06:43:37.378-05,B,350,Roll Change,,legacy
205,2026-07-30 06:43:37.378-05,2026-07-30 07:07:42.818-05,G,150,Run Production,,legacy
205,2026-07-30 07:07:42.818-05,2026-07-30 07:14:44.412-05,B,350,Roll Change,,legacy
205,2026-07-30 07:14:44.412-05,2026-07-30 07:42:50.817-05,G,150,Run Production,,legacy
205,2026-07-30 07:42:50.817-05,2026-07-30 07:46:51.685-05,B,350,Roll Change,,legacy
205,2026-07-30 07:46:51.685-05,2026-07-30 08:20:59.486-05,G,150,Run Production,,legacy
205,2026-07-30 08:20:59.486-05,2026-07-30 08:30:03.839-05,B,29,Electrical: Press Other,,legacy
205,2026-07-30 08:30:03.839-05,2026-07-30 08:40:06.178-05,B,350,Roll Change,,legacy
205,2026-07-30 08:40:06.178-05,2026-07-30 08:54:09.858-05,G,150,Run Production,,legacy
205,2026-07-30 08:54:09.858-05,2026-07-30 09:16:15.433-05,B,350,Roll Change,,legacy
205,2026-07-30 09:16:15.433-05,2026-07-30 09:54:24.85-05,G,150,Run Production,,legacy
205,2026-07-30 09:54:24.85-05,2026-07-30 10:01:26.541-05,B,99,Plates: Wash,,legacy
205,2026-07-30 10:01:26.541-05,2026-07-30 10:22:32.037-05,G,150,Run Production,,legacy
205,2026-07-30 10:22:32.037-05,2026-07-30 10:27:33.298-05,B,450,Non Productive,,legacy
205,2026-07-30 10:27:33.298-05,2026-07-30 10:31:34.143-05,M,47,Make Ready - Time Required to Setup Job,,legacy
205,2026-07-30 10:31:34.143-05,2026-07-30 10:48:37.994-05,M,48,Make Ready Sleeves,,legacy
205,2026-07-30 10:48:37.994-05,2026-07-30 11:48:53.426-05,M,47,Make Ready - Time Required to Setup Job,,legacy
205,2026-07-30 11:48:53.426-05,2026-07-30 11:51:54.034-05,M,47-4,Make Ready Bouncing,,legacy
205,2026-07-30 11:51:54.034-05,2026-07-30 13:03:15.385-05,G,150,Run Production,,legacy
205,2026-07-30 13:03:15.385-05,2026-07-30 13:13:17.526-05,B,350,Roll Change,,legacy
205,2026-07-30 13:13:17.526-05,2026-07-30 16:01:58.328-05,G,150,Run Production,,legacy
205,2026-07-30 16:01:58.328-05,2026-07-30 16:05:59.335-05,B,126,Substrate - Web Break,,legacy
205,2026-07-30 16:05:59.335-05,2026-07-30 16:11:00.699-05,B,64,Mech - Press Other,,legacy
205,2026-07-30 16:11:00.699-05,2026-07-30 17:28:18.988-05,B,126,Substrate - Web Break,,legacy
205,2026-07-30 17:28:18.988-05,2026-07-30 17:44:22.583-05,G,150,Run Production,,legacy
205,2026-07-30 17:44:22.583-05,2026-07-30 17:45:22.812-05,B,145-2,Poor Print,,legacy
205,2026-07-30 17:45:22.812-05,2026-07-30 18:06:27.916-05,B,83,Drum: Clean,,legacy
205,2026-07-30 18:06:27.916-05,2026-07-30 18:07:28.113-05,S,400,Sort,,legacy
205,2026-07-30 18:07:28.113-05,2026-07-30 18:20:31.13-05,B,350,Roll Change,,legacy
205,2026-07-30 18:20:31.13-05,2026-07-30 18:59:40.893-05,G,150,Run Production,,legacy
205,2026-07-30 18:59:40.893-05,2026-07-30 19:08:42.829-05,B,145-4,Plate Wash,,legacy
205,2026-07-30 19:08:42.829-05,2026-07-30 21:14:10.805-05,G,150,Run Production,,legacy
205,2026-07-30 21:14:10.805-05,2026-07-30 21:15:11.015-05,M,47-12,Make Ready Wait for Film,,legacy
205,2026-07-30 21:15:11.015-05,2026-07-30 21:41:17.266-05,B,450,Non Productive,,legacy
205,2026-07-30 21:41:17.266-05,2026-07-30 21:42:17.491-05,M,47,Make Ready - Time Required to Setup Job,,legacy
205,2026-07-30 21:42:17.491-05,2026-07-30 21:46:18.335-05,B,450,Non Productive,,legacy
205,2026-07-30 21:46:18.335-05,2026-07-30 21:47:18.539-05,M,47,Make Ready - Time Required to Setup Job,,legacy
205,2026-07-30 21:47:18.539-05,2026-07-30 22:10:23.91-05,M,48,Make Ready Sleeves,,legacy
205,2026-07-30 22:10:23.91-05,2026-07-30 22:40:31.595-05,B,82,Dr. Blade Change,,legacy
205,2026-07-30 22:40:31.595-05,2026-07-30 22:49:33.559-05,B,41-1,Maintenance - Mechanical,,legacy
205,2026-07-30 22:49:33.559-05,2026-07-30 22:51:33.949-05,M,47,Make Ready - Time Required to Setup Job,,legacy
205,2026-07-30 22:51:33.949-05,2026-07-30 23:07:37.463-05,B,82,Dr. Blade Change,,legacy
205,2026-07-30 23:07:37.463-05,2026-07-30 23:26:41.687-05,B,88,Pump Problem,,legacy
205,2026-07-30 23:26:41.687-05,2026-07-31 00:06:51.143-05,M,47,Make Ready - Time Required to Setup Job,,legacy
205,2026-07-31 00:06:51.143-05,2026-07-31 00:16:53.302-05,B,145-3,Drum Clean,,legacy
205,2026-07-31 00:16:53.302-05,2026-07-31 01:25:09.846-05,M,47,Make Ready - Time Required to Setup Job,,legacy
205,2026-07-31 01:25:09.846-05,2026-07-31 01:34:12.051-05,B,41-1,Maintenance - Mechanical,,legacy
205,2026-07-31 01:34:12.051-05,2026-07-31 01:35:12.277-05,G,150,Run Production,,legacy
205,2026-07-31 01:35:12.277-05,2026-07-31 02:11:21.193-05,M,47,Make Ready - Time Required to Setup Job,,legacy
205,2026-07-31 02:11:21.193-05,2026-07-31 02:19:22.991-05,G,150,Run Production,,legacy
205,2026-07-31 02:19:22.991-05,2026-07-31 02:53:31.152-05,M,47-19,Make Ready Sleeve Low Spot,,legacy
205,2026-07-31 02:53:31.152-05,2026-07-31 03:51:45.449-05,G,150,Run Production,,legacy
205,2026-07-31 03:51:45.449-05,2026-07-31 04:09:49.435-05,M,47-3,Make Ready Ghosting,,legacy
205,2026-07-31 04:09:49.435-05,2026-07-31 04:30:54.694-05,G,150,Run Production,,legacy
205,2026-07-31 04:30:54.694-05,2026-07-31 04:53:59.507-05,M,47-17,Make Ready Dirty Anilox,,legacy
205,2026-07-31 04:53:59.507-05,2026-07-31 05:32:07.782-05,G,150,Run Production,,legacy
205,2026-07-31 05:32:07.782-05,2026-07-31 05:54:12.769-05,B,41-1,Maintenance - Mechanical,,legacy
205,2026-07-31 05:54:12.769-05,2026-07-31 08:26:48.34-05,G,150,Run Production,,legacy
205,2026-07-31 08:26:48.34-05,2026-07-31 08:45:52.707-05,B,64,Mech - Press Other,,legacy
205,2026-07-31 08:45:52.707-05,2026-07-31 11:08:25.306-05,G,150,Run Production,,legacy
205,2026-07-31 11:08:25.306-05,2026-07-31 11:44:33.721-05,B,145-8,Dr. Blade Change,,legacy
205,2026-07-31 11:44:33.721-05,2026-07-31 12:28:43.968-05,G,150,Run Production,,legacy
205,2026-07-31 12:28:43.968-05,2026-07-31 12:39:46.654-05,B,99,Plates: Wash,,legacy
205,2026-07-31 12:39:46.654-05,2026-07-31 13:24:56.447-05,G,150,Run Production,,legacy
205,2026-07-31 13:24:56.447-05,2026-07-31 13:45:00.664-05,B,64,Mech - Press Other,,legacy
205,2026-07-31 13:45:00.664-05,2026-07-31 13:50:01.874-05,B,125,Substrate - Other,,legacy
205,2026-07-31 13:50:01.874-05,2026-07-31 16:40:44.007-05,G,150,Run Production,,legacy
205,2026-07-31 16:40:44.007-05,2026-07-31 16:52:46.85-05,B,354,Housekeeping,,legacy
205,2026-07-31 16:52:46.85-05,2026-07-31 18:05:03.82-05,G,150,Run Production,,legacy
205,2026-07-31 18:05:03.82-05,2026-07-31 18:06:04.166-05,S,400,Sort,,legacy
205,2026-07-31 18:06:04.166-05,2026-07-31 19:41:26.808-05,G,150,Run Production,,legacy
205,2026-07-31 19:41:26.808-05,2026-07-31 19:45:27.795-05,B,88,Pump Problem,,legacy
205,2026-07-31 19:45:27.795-05,2026-07-31 19:46:27.968-05,G,150,Run Production,,legacy
205,2026-07-31 19:46:27.968-05,2026-07-31 19:52:29.999-05,B,95,Press Problem / Impression,,legacy
205,2026-07-31 19:52:29.999-05,2026-07-31 23:26:16.66-05,G,150,Run Production,,legacy
205,2026-07-31 23:26:16.66-05,2026-07-31 23:58:23.629-05,B,450,Non Productive,,legacy
205,2026-07-31 23:58:23.629-05,2026-08-01 00:21:29.165-05,B,82,Dr. Blade Change,,legacy
205,2026-08-01 00:21:29.165-05,2026-08-01 00:42:33.604-05,M,48,Make Ready Sleeves,,legacy
205,2026-08-01 00:42:33.604-05,2026-08-01 01:18:41.538-05,M,47-9,Make Ready Wait for ink,,legacy
205,2026-08-01 01:18:41.538-05,2026-08-01 01:39:46.104-05,B,88,Pump Problem,,legacy
205,2026-08-01 01:39:46.104-05,2026-08-01 02:12:53.193-05,M,47,Make Ready - Time Required to Setup Job,,legacy
205,2026-08-01 02:12:53.193-05,2026-08-01 02:28:56.506-05,B,82,Dr. Blade Change,,legacy
205,2026-08-01 02:28:56.506-05,2026-08-01 03:29:09.948-05,M,47,Make Ready - Time Required to Setup Job,,legacy
205,2026-08-01 03:29:09.948-05,2026-08-01 06:05:48.49-05,G,150,Run Production,,legacy
205,2026-08-01 06:05:48.49-05,2026-08-01 06:16:50.982-05,B,125,Substrate - Other,,legacy
205,2026-08-01 06:16:50.982-05,2026-08-01 07:01:00.508-05,G,150,Run Production,,legacy
205,2026-08-01 07:01:00.508-05,2026-08-01 07:17:04.589-05,M,48,Make Ready Sleeves,,legacy
205,2026-08-01 07:17:04.589-05,2026-08-01 09:08:28.377-05,M,47,Make Ready - Time Required to Setup Job,,legacy
205,2026-08-01 09:08:28.377-05,2026-08-01 09:24:31.827-05,B,88,Pump Problem,,legacy
205,2026-08-01 09:24:31.827-05,2026-08-01 09:29:32.83-05,M,47,Make Ready - Time Required to Setup Job,,legacy
205,2026-08-01 09:29:32.83-05,2026-08-01 09:58:38.982-05,B,145-6,Ink Spill,,legacy
205,2026-08-01 09:58:38.982-05,2026-08-01 10:11:41.83-05,B,82,Dr. Blade Change,,legacy
205,2026-08-01 10:11:41.83-05,2026-08-01 10:36:47.709-05,B,88,Pump Problem,,legacy
205,2026-08-01 10:36:47.709-05,2026-08-01 11:48:03.238-05,M,47,Make Ready - Time Required to Setup Job,,legacy
205,2026-08-01 11:48:03.238-05,2026-08-01 12:29:12.742-05,B,64,Mech - Press Other,,legacy
205,2026-08-01 12:29:12.742-05,2026-08-01 12:33:13.507-05,M,47,Make Ready - Time Required to Setup Job,,legacy
205,2026-08-01 12:33:13.507-05,2026-08-01 13:35:27.739-05,M,47-4,Make Ready Bouncing,,legacy
205,2026-08-01 13:35:27.739-05,2026-08-01 14:26:39.247-05,B,88,Pump Problem,,legacy
205,2026-08-01 14:26:39.247-05,2026-08-01 14:51:44.642-05,B,125,Substrate - Other,,legacy
205,2026-08-01 14:51:44.642-05,2026-08-01 15:05:47.625-05,B,350,Roll Change,,legacy
205,2026-08-01 15:05:47.625-05,2026-08-01 17:27:18.343-05,B,95,Press Problem / Impression,,legacy
205,2026-08-01 17:27:18.343-05,2026-08-01 17:42:22.426-05,M,85,Make Ready - Color Match,,legacy
205,2026-08-01 17:42:22.426-05,2026-08-01 17:48:23.671-05,B,83,Drum: Clean,,legacy
205,2026-08-01 17:48:23.671-05,2026-08-01 17:58:26.284-05,B,95,Press Problem / Impression,,legacy
205,2026-08-01 17:58:26.284-05,2026-08-01 20:09:55.811-05,M,47-22,MR Plate Damage in Press,,legacy
205,2026-08-01 20:09:55.811-05,2026-08-01 21:00:06.703-05,M,47-21,MR - Wait for Plates/Mounting,,legacy
205,2026-08-01 21:00:06.703-05,2026-08-01 22:26:25.311-05,M,47-3,Make Ready Ghosting,,legacy
205,2026-08-01 22:26:25.311-05,2026-08-01 23:51:45.039-05,B,87,Ink: Off Color,,legacy
205,2026-08-01 23:51:45.039-05,2026-08-02 00:57:01.205-05,G,150,Run Production,,legacy
205,2026-08-02 00:57:01.205-05,2026-08-02 01:02:02.276-05,B,145-4,Plate Wash,,legacy
205,2026-08-02 01:02:02.276-05,2026-08-02 01:24:06.916-05,G,150,Run Production,,legacy
205,2026-08-02 01:24:06.916-05,2026-08-02 01:37:09.819-05,B,82,Dr. Blade Change,,legacy
205,2026-08-02 01:37:09.819-05,2026-08-02 04:10:45.145-05,G,150,Run Production,,legacy
205,2026-08-02 04:10:45.145-05,2026-08-02 04:33:50.487-05,B,354,Housekeeping,,legacy
205,2026-08-02 04:33:50.487-05,2026-08-02 07:41:32.615-05,G,150,Run Production,,legacy
205,2026-08-02 07:41:32.615-05,2026-08-02 08:34:44.801-05,M,48,Make Ready Sleeves,,legacy
205,2026-08-02 08:34:44.801-05,2026-08-02 08:58:49.796-05,M,47,Make Ready - Time Required to Setup Job,,legacy
205,2026-08-02 08:58:49.796-05,2026-08-02 10:05:04.581-05,B,126,Substrate - Web Break,,legacy
205,2026-08-02 10:05:04.581-05,2026-08-02 10:56:16.07-05,M,47,Make Ready - Time Required to Setup Job,,legacy
205,2026-08-02 10:56:16.07-05,2026-08-02 11:24:22.297-05,B,126,Substrate - Web Break,,legacy
205,2026-08-02 11:24:22.297-05,2026-08-02 11:36:25.045-05,M,47,Make Ready - Time Required to Setup Job,,legacy
205,2026-08-02 11:36:25.045-05,2026-08-02 13:25:49.703-05,B,450,Non Productive,,legacy
205,2026-08-02 13:25:49.703-05,2026-08-02 13:46:54.273-05,G,150,Run Production,,legacy
205,2026-08-02 13:46:54.273-05,2026-08-02 14:34:04.981-05,B,126,Substrate - Web Break,,legacy
205,2026-08-02 14:34:04.981-05,2026-08-02 15:43:20.702-05,G,150,Run Production,,legacy
205,2026-08-02 15:43:20.702-05,2026-08-02 15:52:22.941-05,B,126,Substrate - Web Break,,legacy
205,2026-08-02 15:52:22.941-05,2026-08-02 15:55:23.648-05,G,150,Run Production,,legacy
205,2026-08-02 15:55:23.648-05,2026-08-02 16:17:28.449-05,B,99,Plates: Wash,,legacy
205,2026-08-02 16:17:28.449-05,2026-08-02 16:33:31.992-05,B,354,Housekeeping,,legacy
205,2026-08-02 16:33:31.992-05,2026-08-02 17:57:51.431-05,G,150,Run Production,,legacy
205,2026-08-02 17:57:51.431-05,2026-08-02 18:22:56.689-05,B,95,Press Problem / Impression,,legacy
205,2026-08-02 18:22:56.689-05,2026-08-02 19:40:13.683-05,G,150,Run Production,,legacy
205,2026-08-02 19:40:13.683-05,2026-08-02 20:02:19.217-05,B,145-4,Plate Wash,,legacy
205,2026-08-02 20:02:19.217-05,2026-08-02 20:14:21.723-05,G,150,Run Production,,legacy
205,2026-08-02 20:14:21.723-05,2026-08-02 20:15:21.924-05,B,95,Press Problem / Impression,,legacy
205,2026-08-02 20:15:21.924-05,2026-08-02 20:52:29.749-05,G,150,Run Production,,legacy
205,2026-08-02 20:52:29.749-05,2026-08-02 21:01:31.698-05,B,95,Press Problem / Impression,,legacy
205,2026-08-02 21:01:31.698-05,2026-08-02 21:29:38.109-05,B,145-98,Quality Hold,,legacy
205,2026-08-02 21:29:38.109-05,2026-08-02 22:26:50.601-05,G,150,Run Production,,legacy
205,2026-08-02 22:26:50.601-05,2026-08-02 22:30:51.381-05,B,95,Press Problem / Impression,,legacy
205,2026-08-02 22:30:51.381-05,2026-08-02 23:30:04.58-05,G,150,Run Production,,legacy
205,2026-08-02 23:30:04.58-05,2026-08-02 23:51:09.091-05,B,145-4,Plate Wash,,legacy
205,2026-08-02 23:51:09.091-05,2026-08-03 00:10:13.423-05,G,150,Run Production,,legacy
205,2026-08-03 00:10:13.423-05,2026-08-03 00:14:14.725-05,B,95,Press Problem / Impression,,legacy
205,2026-08-03 00:14:14.725-05,2026-08-03 01:43:34.568-05,G,150,Run Production,,legacy
205,2026-08-03 01:43:34.568-05,2026-08-03 02:24:43.39-05,B,145-98,Quality Hold,,legacy
205,2026-08-03 02:24:43.39-05,2026-08-03 03:34:59.043-05,G,150,Run Production,,legacy
205,2026-08-03 03:34:59.043-05,2026-08-03 03:50:02.044-05,B,145-4,Plate Wash,,legacy
205,2026-08-03 03:50:02.044-05,2026-08-03 04:06:05.441-05,G,150,Run Production,,legacy
205,2026-08-03 04:06:05.441-05,2026-08-03 04:18:08.044-05,B,354,Housekeeping,,legacy
205,2026-08-03 04:18:08.044-05,2026-08-03 04:46:14.01-05,G,150,Run Production,,legacy
205,2026-08-03 04:46:14.01-05,2026-08-03 04:50:14.801-05,B,350,Roll Change,,legacy
205,2026-08-03 04:50:14.801-05,2026-08-03 08:24:02.139-05,G,150,Run Production,,legacy
205,2026-08-03 08:24:02.139-05,2026-08-03 08:25:02.421-05,B,102,Poor Print (Obsolete),,legacy
205,2026-08-03 08:25:02.421-05,2026-08-03 08:40:05.903-05,G,150,Run Production,,legacy
205,2026-08-03 08:40:05.903-05,2026-08-03 08:41:06.129-05,B,145-1,Film Core Waste,,legacy
205,2026-08-03 08:41:06.129-05,2026-08-03 09:21:14.777-05,M,48,Make Ready Sleeves,,legacy
205,2026-08-03 09:21:14.777-05,2026-08-03 10:26:29.646-05,M,47,Make Ready - Time Required to Setup Job,,legacy
205,2026-08-03 10:26:29.646-05,2026-08-03 10:57:36.742-05,B,88,Pump Problem,,legacy
205,2026-08-03 10:57:36.742-05,2026-08-03 11:58:50.724-05,M,47,Make Ready - Time Required to Setup Job,,legacy
205,2026-08-03 11:58:50.724-05,2026-08-03 12:09:53.136-05,G,150,Run Production,,legacy
205,2026-08-03 12:09:53.136-05,2026-08-03 12:12:53.818-05,B,82,Dr. Blade Change,,legacy
205,2026-08-03 12:12:53.818-05,2026-08-03 12:17:54.871-05,M,85,Make Ready - Color Match,,legacy
205,2026-08-03 12:17:54.871-05,2026-08-03 14:29:26.228-05,G,150,Run Production,,legacy
205,2026-08-03 14:29:26.228-05,2026-08-03 14:45:30.253-05,B,125,Substrate - Other,,legacy
205,2026-08-03 14:45:30.253-05,2026-08-03 15:21:38.383-05,G,150,Run Production,,legacy
205,2026-08-03 15:21:38.383-05,2026-08-03 15:28:40.275-05,M,47-14,MR Anilox Change (Low volume),,legacy
205,2026-08-03 15:28:40.275-05,2026-08-03 15:36:42.066-05,G,150,Run Production,,legacy
205,2026-08-03 15:36:42.066-05,2026-08-03 15:40:43.027-05,M,47-15,MR Anilox Change (High Volume),,legacy
205,2026-08-03 15:40:43.027-05,2026-08-03 16:21:02.333-05,G,150,Run Production,,legacy
205,2026-08-03 16:21:02.333-05,2026-08-03 16:48:08.923-05,B,354,Housekeeping,,legacy
205,2026-08-03 16:48:08.923-05,2026-08-03 17:32:18.608-05,G,150,Run Production,,legacy
205,2026-08-03 17:32:18.608-05,2026-08-03 17:39:20.276-05,B,145-4,Plate Wash,,legacy
205,2026-08-03 17:39:20.276-05,2026-08-03 18:16:29.399-05,G,150,Run Production,,legacy
205,2026-08-03 18:16:29.399-05,2026-08-03 18:29:32.468-05,B,145-4,Plate Wash,,legacy
205,2026-08-03 18:29:32.468-05,2026-08-03 18:36:33.993-05,B,95,Press Problem / Impression,,legacy
205,2026-08-03 18:36:33.993-05,2026-08-03 19:10:41.804-05,B,99,Plates: Wash,,legacy
205,2026-08-03 19:10:41.804-05,2026-08-03 19:33:47.504-05,G,150,Run Production,,legacy
205,2026-08-03 19:33:47.504-05,2026-08-03 19:42:49.467-05,B,95,Press Problem / Impression,,legacy
205,2026-08-03 19:42:49.467-05,2026-08-03 20:27:59.877-05,G,150,Run Production,,legacy
205,2026-08-03 20:27:59.877-05,2026-08-03 20:49:04.646-05,B,95,Press Problem / Impression,,legacy
205,2026-08-03 20:49:04.646-05,2026-08-03 20:51:05.082-05,G,150,Run Production,,legacy
205,2026-08-03 20:51:05.082-05,2026-08-03 21:25:12.751-05,B,145-98,Quality Hold,,legacy
205,2026-08-03 21:25:12.751-05,2026-08-03 22:11:23.948-05,G,150,Run Production,,legacy
205,2026-08-03 22:11:23.948-05,2026-08-03 23:16:38.87-05,B,126,Substrate - Web Break,,legacy
205,2026-08-03 23:16:38.87-05,2026-08-03 23:26:41.187-05,G,150,Run Production,,legacy
205,2026-08-03 23:26:41.187-05,2026-08-03 23:33:42.95-05,M,80,Anilox: Change,,legacy
205,2026-08-03 23:33:42.95-05,2026-08-03 23:39:44.201-05,B,29,Electrical: Press Other,,legacy
205,2026-08-03 23:39:44.201-05,2026-08-03 23:42:44.837-05,M,80,Anilox: Change,,legacy
205,2026-08-03 23:42:44.837-05,2026-08-04 02:17:19.756-05,G,150,Run Production,,legacy
205,2026-08-04 02:17:19.756-05,2026-08-04 02:22:20.853-05,M,48,Make Ready Sleeves,,legacy
205,2026-08-04 02:22:20.853-05,2026-08-04 03:10:31.772-05,G,150,Run Production,,legacy
205,2026-08-04 03:10:31.772-05,2026-08-04 03:33:37.04-05,B,145-4,Plate Wash,,legacy
205,2026-08-04 03:33:37.04-05,2026-08-04 03:37:37.91-05,G,150,Run Production,,legacy
205,2026-08-04 03:37:37.91-05,2026-08-04 04:51:55.637-05,B,95,Press Problem / Impression,,legacy
205,2026-08-04 04:51:55.637-05,2026-08-04 05:17:01.373-05,B,354,Housekeeping,,legacy
205,2026-08-04 05:17:01.373-05,2026-08-04 06:01:11.514-05,B,95,Press Problem / Impression,,legacy
205,2026-08-04 06:01:11.514-05,2026-08-04 06:34:19.094-05,B,82,Dr. Blade Change,,legacy
205,2026-08-04 06:34:19.094-05,2026-08-04 08:01:40.787-05,G,150,Run Production,,legacy
205,2026-08-04 08:01:40.787-05,2026-08-04 08:11:43.033-05,B,99,Plates: Wash,,legacy
205,2026-08-04 08:11:43.033-05,2026-08-04 10:13:11.464-05,G,150,Run Production,,legacy
205,2026-08-04 10:13:11.464-05,2026-08-04 10:32:15.87-05,B,99,Plates: Wash,,legacy
205,2026-08-04 10:32:15.87-05,2026-08-04 11:01:22.554-05,G,150,Run Production,,legacy
205,2026-08-04 11:01:22.554-05,2026-08-04 13:07:52.139-05,B,64,Mech - Press Other,,legacy
205,2026-08-04 13:07:52.139-05,2026-08-04 13:26:56.785-05,B,350,Roll Change,,legacy
205,2026-08-04 13:26:56.785-05,2026-08-04 15:12:21.005-05,G,150,Run Production,,legacy
205,2026-08-04 15:12:21.005-05,2026-08-04 15:27:24.58-05,B,354,Housekeeping,,legacy
205,2026-08-04 15:27:24.58-05,2026-08-04 16:18:38.031-05,B,145-98,Quality Hold,,legacy
205,2026-08-04 16:18:38.031-05,2026-08-04 18:08:03.889-05,G,150,Run Production,,legacy
205,2026-08-04 18:08:03.889-05,2026-08-04 18:09:04.145-05,S,400,Sort,,legacy
205,2026-08-04 18:09:04.145-05,2026-08-04 18:11:04.564-05,G,150,Run Production,,legacy
205,2026-08-04 18:11:04.564-05,2026-08-04 18:12:04.784-05,M,48,Make Ready Sleeves,,legacy
205,2026-08-04 18:12:04.784-05,2026-08-04 18:42:11.532-05,G,150,Run Production,,legacy
205,2026-08-04 18:42:11.532-05,2026-08-04 18:58:15.135-05,B,95,Press Problem / Impression,,legacy
205,2026-08-04 18:58:15.135-05,2026-08-04 19:41:24.716-05,G,150,Run Production,,legacy
205,2026-08-04 19:41:24.716-05,2026-08-04 19:54:27.6-05,B,145-4,Plate Wash,,legacy
205,2026-08-04 19:54:27.6-05,2026-08-04 20:38:38.031-05,G,150,Run Production,,legacy
205,2026-08-04 20:38:38.031-05,2026-08-04 21:06:44.24-05,B,145-98,Quality Hold,,legacy
205,2026-08-04 21:06:44.24-05,2026-08-04 21:47:54.101-05,G,150,Run Production,,legacy
205,2026-08-04 21:47:54.101-05,2026-08-04 21:58:56.512-05,B,450,Non Productive,,legacy
205,2026-08-04 21:58:56.512-05,2026-08-04 22:00:57.092-05,M,48,Make Ready Sleeves,,legacy
205,2026-08-04 22:00:57.092-05,2026-08-04 22:10:59.55-05,B,41-2,Maintenance - Electrical,,legacy
205,2026-08-04 22:10:59.55-05,2026-08-04 22:18:01.177-05,M,47,Make Ready - Time Required to Setup Job,,legacy
205,2026-08-04 22:18:01.177-05,2026-08-04 22:33:04.584-05,M,48,Make Ready Sleeves,,legacy
205,2026-08-04 22:33:04.584-05,2026-08-04 22:43:06.809-05,M,47,Make Ready - Time Required to Setup Job,,legacy
205,2026-08-04 22:43:06.809-05,2026-08-04 23:23:16.485-05,B,126,Substrate - Web Break,,legacy
205,2026-08-04 23:23:16.485-05,2026-08-04 23:34:18.849-05,M,47,Make Ready - Time Required to Setup Job,,legacy
205,2026-08-04 23:34:18.849-05,2026-08-04 23:47:22.37-05,B,82,Dr. Blade Change,,legacy
205,2026-08-04 23:47:22.37-05,2026-08-05 00:02:26.104-05,M,47,Make Ready - Time Required to Setup Job,,legacy
205,2026-08-05 00:02:26.104-05,2026-08-05 00:26:31.94-05,G,150,Run Production,,legacy
205,2026-08-05 00:26:31.94-05,2026-08-05 01:51:51.386-05,M,47-20,Make Ready Out of Register,,legacy
205,2026-08-05 01:51:51.386-05,2026-08-05 03:23:12.122-05,G,150,Run Production,,legacy
205,2026-08-05 03:23:12.122-05,2026-08-05 03:58:20.128-05,B,126,Substrate - Web Break,,legacy
205,2026-08-05 03:58:20.128-05,2026-08-05 04:50:32.482-05,G,150,Run Production,,legacy
205,2026-08-05 04:50:32.482-05,2026-08-05 04:56:33.927-05,B,145-4,Plate Wash,,legacy
205,2026-08-05 04:56:33.927-05,2026-08-05 06:24:55.205-05,G,150,Run Production,,legacy
205,2026-08-05 06:24:55.205-05,2026-08-05 06:25:55.511-05,B,450,Non Productive,,legacy
205,2026-08-05 06:25:55.511-05,2026-08-05 07:06:05.459-05,M,48,Make Ready Sleeves,,legacy
205,2026-08-05 07:06:05.459-05,2026-08-05 11:49:11.44-05,B,137,Customer Approval,,legacy
205,2026-08-05 11:49:11.44-05,2026-08-05 12:45:24.248-05,B,450,Non Productive,,legacy
205,2026-08-05 12:45:24.248-05,2026-08-05 13:49:39.583-05,G,150,Run Production,,legacy
205,2026-08-05 13:49:39.583-05,2026-08-05 13:55:41.087-05,B,99,Plates: Wash,,legacy
205,2026-08-05 13:55:41.087-05,2026-08-05 15:36:05.013-05,G,150,Run Production,,legacy
205,2026-08-05 15:36:05.013-05,2026-08-05 15:44:06.938-05,B,99,Plates: Wash,,legacy
205,2026-08-05 15:44:06.938-05,2026-08-05 18:06:42.19-05,G,150,Run Production,,legacy
205,2026-08-05 18:06:42.19-05,2026-08-05 20:09:15.911-05,B,450,Non Productive,,legacy
205,2026-08-05 20:09:15.911-05,2026-08-05 20:51:26.252-05,B,82,Dr. Blade Change,,legacy
205,2026-08-05 20:51:26.252-05,2026-08-05 23:27:02.699-05,B,88,Pump Problem,,legacy
205,2026-08-05 23:27:02.699-05,2026-08-06 00:57:23.47-05,M,47,Make Ready - Time Required to Setup Job,,legacy
205,2026-08-06 00:57:23.47-05,2026-08-06 01:45:34.671-05,B,145-98,Quality Hold,,legacy
205,2026-08-06 01:45:34.671-05,2026-08-06 01:47:35.113-05,M,47,Make Ready - Time Required to Setup Job,,legacy
205,2026-08-06 01:47:35.113-05,2026-08-06 01:54:36.681-05,M,47-15,MR Anilox Change (High Volume),,legacy
205,2026-08-06 01:54:36.681-05,2026-08-06 02:00:37.969-05,M,47,Make Ready - Time Required to Setup Job,,legacy
205,2026-08-06 02:00:37.969-05,2026-08-06 02:20:42.828-05,M,85,Make Ready - Color Match,,legacy
205,2026-08-06 02:20:42.828-05,2026-08-06 02:53:50.564-05,M,47-16,MR Score Line (Anilox),,legacy
205,2026-08-06 02:53:50.564-05,2026-08-06 03:05:53.213-05,G,150,Run Production,,legacy
205,2026-08-06 03:05:53.213-05,2026-08-06 03:46:02.885-05,B,86,Ink: Contamination,,legacy
205,2026-08-06 03:46:02.885-05,2026-08-06 07:44:58.973-05,G,150,Run Production,,legacy
205,2026-08-06 07:44:58.973-05,2026-08-06 07:49:59.996-05,B,99,Plates: Wash,,legacy
205,2026-08-06 07:49:59.996-05,2026-08-06 09:43:27.372-05,G,150,Run Production,,legacy
205,2026-08-06 09:43:27.372-05,2026-08-06 10:01:31.896-05,B,99,Plates: Wash,,legacy
205,2026-08-06 10:01:31.896-05,2026-08-06 10:19:36.591-05,B,95,Press Problem / Impression,,legacy
205,2026-08-06 10:19:36.591-05,2026-08-06 11:37:55.708-05,G,150,Run Production,,legacy
205,2026-08-06 11:37:55.708-05,2026-08-06 11:48:58.28-05,B,99,Plates: Wash,,legacy
205,2026-08-06 11:48:58.28-05,2026-08-06 12:41:09.828-05,G,150,Run Production,,legacy
205,2026-08-06 12:41:09.828-05,2026-08-06 12:49:11.601-05,B,99,Plates: Wash,,legacy
205,2026-08-06 12:49:11.601-05,2026-08-06 13:26:20.377-05,G,150,Run Production,,legacy
205,2026-08-06 13:26:20.377-05,2026-08-06 14:18:33.5-05,B,64,Mech - Press Other,,legacy
205,2026-08-06 14:18:33.5-05,2026-08-06 15:48:11.996-05,G,150,Run Production,,legacy
205,2026-08-06 15:48:11.996-05,2026-08-06 16:36:55.205-05,B,126,Substrate - Web Break,,legacy
205,2026-08-06 16:36:55.205-05,2026-08-06 17:02:00.656-05,B,354,Housekeeping,,legacy
205,2026-08-06 17:02:00.656-05,2026-08-06 23:36:20.003-05,G,150,Run Production,,legacy
205,2026-08-06 23:36:20.003-05,2026-08-06 23:55:08.717-05,B,145-4,Plate Wash,,legacy
205,2026-08-06 23:55:08.717-05,2026-08-07 01:06:56.272-05,G,150,Run Production,,legacy
205,2026-08-07 01:06:56.272-05,2026-08-07 01:47:06.419-05,B,145-98,Quality Hold,,legacy
205,2026-08-07 01:47:06.419-05,2026-08-07 01:48:06.727-05,B,450,Non Productive,,legacy
205,2026-08-07 01:48:06.727-05,2026-08-07 02:10:13.705-05,G,150,Run Production,,legacy
205,2026-08-07 02:10:13.705-05,2026-08-07 02:15:20.594-05,B,145-4,Plate Wash,,legacy
205,2026-08-07 02:15:20.594-05,2026-08-07 04:08:13.497-05,G,150,Run Production,,legacy
205,2026-08-07 04:08:13.497-05,2026-08-07 04:34:23.808-05,B,354,Housekeeping,,legacy
205,2026-08-07 04:34:23.808-05,2026-08-07 17:29:29.489-05,G,150,Run Production,,legacy
205,2026-08-07 17:29:29.489-05,2026-08-07 18:14:41.556-05,M,47,Make Ready - Time Required to Setup Job,,legacy
205,2026-08-07 18:14:41.556-05,2026-08-07 18:15:41.828-05,S,400,Sort,,legacy
205,2026-08-07 18:15:41.828-05,2026-08-07 19:09:05.464-05,M,48,Make Ready Sleeves,,legacy
205,2026-08-07 19:09:05.464-05,2026-08-07 19:20:10.735-05,B,82,Dr. Blade Change,,legacy
205,2026-08-07 19:20:10.735-05,2026-08-07 20:16:36.606-05,B,354,Housekeeping,,legacy
205,2026-08-07 20:16:36.606-05,2026-08-07 21:13:01.974-05,M,47,Make Ready - Time Required to Setup Job,,legacy
205,2026-08-07 21:13:01.974-05,2026-08-07 21:29:06.624-05,B,41-1,Maintenance - Mechanical,,legacy
205,2026-08-07 21:29:06.624-05,2026-08-07 22:06:17.608-05,M,47,Make Ready - Time Required to Setup Job,,legacy
205,2026-08-07 22:06:17.608-05,2026-08-07 22:26:23.658-05,M,85,Make Ready - Color Match,,legacy
205,2026-08-07 22:26:23.658-05,2026-08-07 22:36:26.634-05,M,47,Make Ready - Time Required to Setup Job,,legacy
205,2026-08-07 22:36:26.634-05,2026-08-07 23:55:48.242-05,G,150,Run Production,,legacy
205,2026-08-07 23:55:48.242-05,2026-08-08 00:01:49.843-05,B,95,Press Problem / Impression,,legacy
205,2026-08-08 00:01:49.843-05,2026-08-08 02:19:29.259-05,G,150,Run Production,,legacy
205,2026-08-08 02:19:29.259-05,2026-08-08 02:41:36.296-05,M,47-15,MR Anilox Change (High Volume),,legacy
205,2026-08-08 02:41:36.296-05,2026-08-08 03:39:52.906-05,M,47-19,Make Ready Sleeve Low Spot,,legacy
205,2026-08-08 03:39:52.906-05,2026-08-08 04:04:00.074-05,G,150,Run Production,,legacy
205,2026-08-08 04:04:00.074-05,2026-08-08 04:10:01.793-05,B,95,Press Problem / Impression,,legacy
205,2026-08-08 04:10:01.793-05,2026-08-08 04:31:06.951-05,B,41-1,Maintenance - Mechanical,,legacy
205,2026-08-08 04:31:06.951-05,2026-08-08 04:49:11.366-05,G,150,Run Production,,legacy
205,2026-08-08 04:49:11.366-05,2026-08-08 05:01:14.362-05,B,41-1,Maintenance - Mechanical,,legacy
205,2026-08-08 05:01:14.362-05,2026-08-08 06:29:38.592-05,G,150,Run Production,,legacy
205,2026-08-08 06:29:38.592-05,2026-08-08 06:43:42.911-05,B,125,Substrate - Other,,legacy
205,2026-08-08 06:43:42.911-05,2026-08-08 09:24:27.798-05,G,150,Run Production,,legacy
205,2026-08-08 09:24:27.798-05,2026-08-08 09:36:31.088-05,B,99,Plates: Wash,,legacy
205,2026-08-08 09:36:31.088-05,2026-08-08 10:22:43.155-05,G,150,Run Production,,legacy
205,2026-08-08 10:22:43.155-05,2026-08-08 10:40:47.626-05,B,125,Substrate - Other,,legacy
205,2026-08-08 10:40:47.626-05,2026-08-08 11:04:53.449-05,G,150,Run Production,,legacy
205,2026-08-08 11:04:53.449-05,2026-08-08 11:23:57.909-05,B,82,Dr. Blade Change,,legacy
205,2026-08-08 11:23:57.909-05,2026-08-08 12:37:16.53-05,G,150,Run Production,,legacy
205,2026-08-08 12:37:16.53-05,2026-08-08 12:50:20.582-05,B,95,Press Problem / Impression,,legacy
205,2026-08-08 12:50:20.582-05,2026-08-08 12:54:21.63-05,G,150,Run Production,,legacy
205,2026-08-08 12:54:21.63-05,2026-08-08 13:03:24.079-05,B,95,Press Problem / Impression,,legacy
205,2026-08-08 13:03:24.079-05,2026-08-08 15:49:11.499-05,G,150,Run Production,,legacy
205,2026-08-08 15:49:11.499-05,2026-08-08 16:20:19.41-05,B,354,Housekeeping,,legacy
205,2026-08-08 16:20:19.41-05,2026-08-08 17:57:45.11-05,G,150,Run Production,,legacy
205,2026-08-08 17:57:45.11-05,2026-08-08 18:03:46.744-05,B,450,Non Productive,,legacy
205,2026-08-08 18:03:46.744-05,2026-08-08 18:34:54.515-05,M,48,Make Ready Sleeves,,legacy
205,2026-08-08 18:34:54.515-05,2026-08-08 20:34:22.381-05,M,47,Make Ready - Time Required to Setup Job,,legacy
205,2026-08-08 20:34:22.381-05,2026-08-08 20:50:25.848-05,M,47-4,Make Ready Bouncing,,legacy
205,2026-08-08 20:50:25.848-05,2026-08-08 21:31:36.597-05,M,47-20,Make Ready Out of Register,,legacy
205,2026-08-08 21:31:36.597-05,2026-08-08 22:48:56.633-05,M,47-4,Make Ready Bouncing,,legacy
205,2026-08-08 22:48:56.633-05,2026-08-09 00:23:21.252-05,M,47-20,Make Ready Out of Register,,legacy
205,2026-08-09 00:23:21.252-05,2026-08-09 00:37:24.582-05,M,47,Make Ready - Time Required to Setup Job,,legacy
205,2026-08-09 00:37:24.582-05,2026-08-09 01:31:37.916-05,G,150,Run Production,,legacy
205,2026-08-09 01:31:37.916-05,2026-08-09 01:52:43.035-05,B,95,Press Problem / Impression,,legacy
205,2026-08-09 01:52:43.035-05,2026-08-09 02:21:49.94-05,G,150,Run Production,,legacy
205,2026-08-09 02:21:49.94-05,2026-08-09 02:50:56.489-05,B,95,Press Problem / Impression,,legacy
205,2026-08-09 02:50:56.489-05,2026-08-09 03:42:09.264-05,M,47-20,Make Ready Out of Register,,legacy
205,2026-08-09 03:42:09.264-05,2026-08-09 04:09:15.879-05,G,150,Run Production,,legacy
205,2026-08-09 04:09:15.879-05,2026-08-09 04:34:22.68-05,B,354,Housekeeping,,legacy
205,2026-08-09 04:34:22.68-05,2026-08-09 05:28:36.825-05,G,150,Run Production,,legacy
205,2026-08-09 05:28:36.825-05,2026-08-09 06:10:47.562-05,B,95,Press Problem / Impression,,legacy
205,2026-08-09 06:10:47.562-05,2026-08-09 06:30:53.104-05,B,82,Dr. Blade Change,,legacy
205,2026-08-09 06:30:53.104-05,2026-08-09 06:32:53.545-05,B,95,Press Problem / Impression,,legacy
205,2026-08-09 06:32:53.545-05,2026-08-09 07:02:01.204-05,B,126,Substrate - Web Break,,legacy
205,2026-08-09 07:02:01.204-05,2026-08-09 07:31:08.485-05,G,150,Run Production,,legacy
205,2026-08-09 07:31:08.485-05,2026-08-09 07:58:15.394-05,B,125,Substrate - Other,,legacy
205,2026-08-09 07:58:15.394-05,2026-08-09 08:28:23.188-05,B,145-4,Plate Wash,,legacy
205,2026-08-09 08:28:23.188-05,2026-08-09 08:44:27.529-05,B,95,Press Problem / Impression,,legacy
205,2026-08-09 08:44:27.529-05,2026-08-09 11:18:06.406-05,G,150,Run Production,,legacy
205,2026-08-09 11:18:06.406-05,2026-08-09 11:37:11.227-05,B,99,Plates: Wash,,legacy
205,2026-08-09 11:37:11.227-05,2026-08-09 12:40:31.534-05,G,150,Run Production,,legacy
205,2026-08-09 12:40:31.534-05,2026-08-09 12:45:33.341-05,B,99,Plates: Wash,,legacy
205,2026-08-09 12:45:33.341-05,2026-08-09 12:47:33.808-05,G,150,Run Production,,legacy
205,2026-08-09 12:47:33.808-05,2026-08-09 13:19:43.001-05,B,64,Mech - Press Other,,legacy
205,2026-08-09 13:19:43.001-05,2026-08-09 14:24:58.721-05,G,150,Run Production,,legacy
205,2026-08-09 14:24:58.721-05,2026-08-09 14:42:02.96-05,B,145-4,Plate Wash,,legacy
205,2026-08-09 14:42:02.96-05,2026-08-09 15:35:15.852-05,G,150,Run Production,,legacy
205,2026-08-09 15:35:15.852-05,2026-08-09 15:47:18.665-05,B,99,Plates: Wash,,legacy
205,2026-08-09 15:47:18.665-05,2026-08-09 16:17:25.893-05,B,354,Housekeeping,,legacy
205,2026-08-09 16:17:25.893-05,2026-08-09 17:22:42.401-05,G,150,Run Production,,legacy
205,2026-08-09 17:22:42.401-05,2026-08-09 18:51:06.529-05,B,126,Substrate - Web Break,,legacy
205,2026-08-09 18:51:06.529-05,2026-08-09 18:54:07.173-05,G,150,Run Production,,legacy
205,2026-08-09 18:54:07.173-05,2026-08-09 19:58:22.795-05,B,64,Mech - Press Other,,legacy
205,2026-08-09 19:58:22.795-05,2026-08-09 20:44:34.509-05,G,150,Run Production,,legacy
205,2026-08-09 20:44:34.509-05,2026-08-09 21:11:40.781-05,B,145-4,Plate Wash,,legacy
205,2026-08-09 21:11:40.781-05,2026-08-09 21:14:41.452-05,B,95,Press Problem / Impression,,legacy
205,2026-08-09 21:14:41.452-05,2026-08-09 21:25:44.186-05,B,145-4,Plate Wash,,legacy
205,2026-08-09 21:25:44.186-05,2026-08-09 21:50:50.28-05,G,150,Run Production,,legacy
205,2026-08-09 21:50:50.28-05,2026-08-09 22:10:56.329-05,B,82,Dr. Blade Change,,legacy
205,2026-08-09 22:10:56.329-05,2026-08-09 23:16:11.556-05,G,150,Run Production,,legacy
205,2026-08-09 23:16:11.556-05,2026-08-09 23:40:17.211-05,B,145-4,Plate Wash,,legacy
205,2026-08-09 23:40:17.211-05,2026-08-09 23:54:20.672-05,G,150,Run Production,,legacy
205,2026-08-09 23:54:20.672-05,2026-08-10 00:23:27.925-05,B,87,Ink: Off Color,,legacy
205,2026-08-10 00:23:27.925-05,2026-08-10 01:54:49.342-05,G,150,Run Production,,legacy
205,2026-08-10 01:54:49.342-05,2026-08-10 02:05:51.886-05,B,145-4,Plate Wash,,legacy
205,2026-08-10 02:05:51.886-05,2026-08-10 02:43:01.703-05,B,145-98,Quality Hold,,legacy
205,2026-08-10 02:43:01.703-05,2026-08-10 04:06:23.371-05,G,150,Run Production,,legacy
205,2026-08-10 04:06:23.371-05,2026-08-10 04:27:28.328-05,B,354,Housekeeping,,legacy
205,2026-08-10 04:27:28.328-05,2026-08-10 05:10:39.522-05,G,150,Run Production,,legacy
205,2026-08-10 05:10:39.522-05,2026-08-10 05:15:40.67-05,B,145-4,Plate Wash,,legacy
205,2026-08-10 05:15:40.67-05,2026-08-10 06:23:59.32-05,G,150,Run Production,,legacy
205,2026-08-10 06:23:59.32-05,2026-08-10 06:24:59.526-05,B,450,Non Productive,,legacy
205,2026-08-10 06:24:59.526-05,2026-08-10 06:51:06.392-05,M,48,Make Ready Sleeves,,legacy
205,2026-08-10 06:51:06.392-05,2026-08-10 08:09:25.778-05,M,47,Make Ready - Time Required to Setup Job,,legacy
205,2026-08-10 08:09:25.778-05,2026-08-10 08:20:28.475-05,M,80,Anilox: Change,,legacy
205,2026-08-10 08:20:28.475-05,2026-08-10 08:25:29.697-05,B,88,Pump Problem,,legacy
205,2026-08-10 08:25:29.697-05,2026-08-10 08:56:37.336-05,G,150,Run Production,,legacy
205,2026-08-10 08:56:37.336-05,2026-08-10 09:01:38.743-05,B,126,Substrate - Web Break,,legacy
205,2026-08-10 09:01:38.743-05,,B,145-3,Drum Clean,,legacy
206,2026-07-16 16:19:39.879-05,2026-07-16 16:32:42.733-05,B,354,Housekeeping,,legacy
206,2026-07-16 16:32:42.733-05,2026-07-16 16:51:45.632-05,B,83,Drum: Clean,,legacy
206,2026-07-16 16:51:45.632-05,2026-07-16 17:05:48.105-05,B,82,Dr. Blade Change,,legacy
206,2026-07-16 17:05:48.105-05,2026-07-16 18:34:03.81-05,G,150,Run Production,,legacy
206,2026-07-16 18:34:03.81-05,2026-07-16 18:42:05.573-05,B,99,Plates: Wash,,legacy
206,2026-07-16 18:42:05.573-05,2026-07-16 23:08:49.247-05,G,150,Run Production,,legacy
206,2026-07-16 23:08:49.247-05,2026-07-16 23:36:52.779-05,B,82,Dr. Blade Change,,legacy
206,2026-07-16 23:36:52.779-05,2026-07-17 02:27:25.459-05,G,150,Run Production,,legacy
206,2026-07-17 02:27:25.459-05,2026-07-17 02:57:29.759-05,M,48,Make Ready Sleeves,,legacy
206,2026-07-17 02:57:29.759-05,2026-07-17 04:14:40.39-05,M,47,Make Ready - Time Required to Setup Job,,legacy
206,2026-07-17 04:14:40.39-05,2026-07-17 04:26:42.041-05,M,85,Make Ready - Color Match,,legacy
206,2026-07-17 04:26:42.041-05,2026-07-17 04:47:44.716-05,B,354,Housekeeping,,legacy
206,2026-07-17 04:47:44.716-05,2026-07-17 05:23:49.22-05,G,150,Run Production,,legacy
206,2026-07-17 05:23:49.22-05,2026-07-17 05:36:51.172-05,B,145-5,Plate Up,,legacy
206,2026-07-17 05:36:51.172-05,2026-07-17 06:09:55.804-05,M,47-24,MR Sticky Back Change,,legacy
206,2026-07-17 06:09:55.804-05,2026-07-17 06:38:02.078-05,B,95,Press Problem / Impression,,legacy
206,2026-07-17 06:38:02.078-05,2026-07-17 07:05:08.129-05,G,150,Run Production,,legacy
206,2026-07-17 07:05:08.129-05,2026-07-17 07:09:08.981-05,M,47-14,MR Anilox Change (Low volume),,legacy
206,2026-07-17 07:09:08.981-05,2026-07-17 07:47:17.297-05,B,99,Plates: Wash,,legacy
206,2026-07-17 07:47:17.297-05,2026-07-17 08:19:24.448-05,G,150,Run Production,,legacy
206,2026-07-17 08:19:24.448-05,2026-07-17 08:31:26.755-05,B,95,Press Problem / Impression,,legacy
206,2026-07-17 08:31:26.755-05,2026-07-17 10:34:43.337-05,G,150,Run Production,,legacy
206,2026-07-17 10:34:43.337-05,2026-07-17 10:43:44.418-05,B,95,Press Problem / Impression,,legacy
206,2026-07-17 10:43:44.418-05,2026-07-17 10:53:45.605-05,B,41-1,Maintenance - Mechanical,,legacy
206,2026-07-17 10:53:45.605-05,2026-07-17 12:24:58.489-05,G,150,Run Production,,legacy
206,2026-07-17 12:24:58.489-05,2026-07-17 13:21:10.453-05,B,145-98,Quality Hold,,legacy
206,2026-07-17 13:21:10.453-05,2026-07-17 13:38:14.007-05,B,82,Dr. Blade Change,,legacy
206,2026-07-17 13:38:14.007-05,2026-07-17 14:23:24.22-05,G,150,Run Production,,legacy
206,2026-07-17 14:23:24.22-05,2026-07-17 14:28:25.202-05,B,99,Plates: Wash,,legacy
206,2026-07-17 14:28:25.202-05,2026-07-17 15:21:32.64-05,G,150,Run Production,,legacy
206,2026-07-17 15:21:32.64-05,2026-07-17 15:26:33.284-05,B,95,Press Problem / Impression,,legacy
206,2026-07-17 15:26:33.284-05,2026-07-17 15:31:33.939-05,M,47-14,MR Anilox Change (Low volume),,legacy
206,2026-07-17 15:31:33.939-05,2026-07-17 16:15:39.885-05,G,150,Run Production,,legacy
206,2026-07-17 16:15:39.885-05,2026-07-17 16:39:43.277-05,B,354,Housekeeping,,legacy
206,2026-07-17 16:39:43.277-05,2026-07-17 17:53:53.162-05,G,150,Run Production,,legacy
206,2026-07-17 17:53:53.162-05,2026-07-17 17:54:53.266-05,B,95,Press Problem / Impression,,legacy
206,2026-07-17 17:54:53.266-05,2026-07-17 18:08:55.224-05,G,150,Run Production,,legacy
206,2026-07-17 18:08:55.224-05,2026-07-17 19:15:08.45-05,B,95,Press Problem / Impression,,legacy
206,2026-07-17 19:15:08.45-05,2026-07-18 00:02:52.797-05,G,150,Run Production,,legacy
206,2026-07-18 00:02:52.797-05,2026-07-18 00:21:55.083-05,B,82,Dr. Blade Change,,legacy
206,2026-07-18 00:21:55.083-05,2026-07-18 00:26:55.731-05,B,99,Plates: Wash,,legacy
206,2026-07-18 00:26:55.731-05,2026-07-18 01:35:10.476-05,G,150,Run Production,,legacy
206,2026-07-18 01:35:10.476-05,2026-07-18 01:51:14.889-05,B,82,Dr. Blade Change,,legacy
206,2026-07-18 01:51:14.889-05,2026-07-18 04:28:42.232-05,G,150,Run Production,,legacy
206,2026-07-18 04:28:42.232-05,2026-07-18 04:54:45.635-05,B,354,Housekeeping,,legacy
206,2026-07-18 04:54:45.635-05,2026-07-18 04:55:45.71-05,B,102,Poor Print (Obsolete),,legacy
206,2026-07-18 04:55:45.71-05,2026-07-18 04:59:46.263-05,G,150,Run Production,,legacy
206,2026-07-18 04:59:46.263-05,2026-07-18 05:09:47.502-05,B,83,Drum: Clean,,legacy
206,2026-07-18 05:09:47.502-05,2026-07-18 06:17:56.758-05,G,150,Run Production,,legacy
206,2026-07-18 06:17:56.758-05,2026-07-18 08:31:25.678-05,B,450,Non Productive,,legacy
206,2026-07-18 08:31:25.678-05,2026-07-18 08:44:27.868-05,B,99,Plates: Wash,,legacy
206,2026-07-18 08:44:27.868-05,2026-07-18 11:24:48.426-05,G,150,Run Production,,legacy
206,2026-07-18 11:24:48.426-05,2026-07-18 11:39:52.644-05,B,99,Plates: Wash,,legacy
206,2026-07-18 11:39:52.644-05,2026-07-18 11:46:53.407-05,G,150,Run Production,,legacy
206,2026-07-18 11:46:53.407-05,2026-07-18 12:02:55.406-05,B,99,Plates: Wash,,legacy
206,2026-07-18 12:02:55.406-05,2026-07-18 12:12:56.463-05,B,87,Ink: Off Color,,legacy
206,2026-07-18 12:12:56.463-05,2026-07-18 15:23:32.143-05,G,150,Run Production,,legacy
206,2026-07-18 15:23:32.143-05,2026-07-18 15:28:32.73-05,B,99,Plates: Wash,,legacy
206,2026-07-18 15:28:32.73-05,2026-07-18 16:16:39.415-05,G,150,Run Production,,legacy
206,2026-07-18 16:16:39.415-05,2026-07-18 16:37:42.246-05,B,354,Housekeeping,,legacy
206,2026-07-18 16:37:42.246-05,2026-07-18 16:41:42.703-05,B,29,Electrical: Press Other,,legacy
206,2026-07-18 16:41:42.703-05,2026-07-18 17:10:46.264-05,B,450,Non Productive,,legacy
206,2026-07-18 17:10:46.264-05,2026-07-18 17:11:46.375-05,M,47,Make Ready - Time Required to Setup Job,,legacy
206,2026-07-18 17:11:46.375-05,2026-07-18 20:17:18.516-05,G,150,Run Production,,legacy
206,2026-07-18 20:17:18.516-05,2026-07-18 20:52:25.685-05,B,145-98,Quality Hold,,legacy
206,2026-07-18 20:52:25.685-05,2026-07-18 21:05:27.879-05,B,82,Dr. Blade Change,,legacy
206,2026-07-18 21:05:27.879-05,2026-07-18 23:03:42.624-05,G,150,Run Production,,legacy
206,2026-07-18 23:03:42.624-05,2026-07-18 23:06:43.022-05,B,87,Ink: Off Color,,legacy
206,2026-07-18 23:06:43.022-05,2026-07-18 23:18:44.558-05,B,95,Press Problem / Impression,,legacy
206,2026-07-18 23:18:44.558-05,2026-07-19 01:08:58.755-05,G,150,Run Production,,legacy
206,2026-07-19 01:08:58.755-05,2026-07-19 01:47:06.434-05,B,145-98,Quality Hold,,legacy
206,2026-07-19 01:47:06.434-05,2026-07-19 04:10:33.918-05,G,150,Run Production,,legacy
206,2026-07-19 04:10:33.918-05,2026-07-19 04:20:35.042-05,B,354,Housekeeping,,legacy
206,2026-07-19 04:20:35.042-05,2026-07-19 06:14:49.302-05,G,150,Run Production,,legacy
206,2026-07-19 06:14:49.302-05,2026-07-19 06:30:51.35-05,B,145-99,Other,,legacy
206,2026-07-19 06:30:51.35-05,2026-07-19 07:36:01.246-05,G,150,Run Production,,legacy
206,2026-07-19 07:36:01.246-05,2026-07-19 08:18:10.158-05,B,29,Electrical: Press Other,,legacy
206,2026-07-19 08:18:10.158-05,2026-07-19 08:21:10.743-05,B,41-2,Maintenance - Electrical,,legacy
206,2026-07-19 08:21:10.743-05,2026-07-19 08:24:11.339-05,B,126,Substrate - Web Break,,legacy
206,2026-07-19 08:24:11.339-05,2026-07-19 08:29:12.331-05,B,145-98,Quality Hold,,legacy
206,2026-07-19 08:29:12.331-05,2026-07-19 09:20:23.29-05,B,126,Substrate - Web Break,,legacy
206,2026-07-19 09:20:23.29-05,2026-07-19 09:26:24.527-05,B,41-1,Maintenance - Mechanical,,legacy
206,2026-07-19 09:26:24.527-05,2026-07-19 09:42:27.566-05,B,126,Substrate - Web Break,,legacy
206,2026-07-19 09:42:27.566-05,2026-07-19 09:48:28.36-05,G,150,Run Production,,legacy
206,2026-07-19 09:48:28.36-05,2026-07-19 09:49:28.754-05,B,145-1,Film Core Waste,,legacy
206,2026-07-19 09:49:28.754-05,2026-07-19 09:50:28.816-05,B,64,Mech - Press Other,,legacy
206,2026-07-19 09:50:28.816-05,2026-07-19 10:25:33.123-05,B,41-1,Maintenance - Mechanical,,legacy
206,2026-07-19 10:25:33.123-05,2026-07-19 10:42:35.2-05,B,126,Substrate - Web Break,,legacy
206,2026-07-19 10:42:35.2-05,2026-07-19 10:44:35.478-05,B,82,Dr. Blade Change,,legacy
206,2026-07-19 10:44:35.478-05,2026-07-19 11:01:37.51-05,G,150,Run Production,,legacy
206,2026-07-19 11:01:37.51-05,2026-07-19 12:20:47.524-05,B,88,Pump Problem,,legacy
206,2026-07-19 12:20:47.524-05,2026-07-19 14:21:06.266-05,G,150,Run Production,,legacy
206,2026-07-19 14:21:06.266-05,2026-07-19 14:26:07.217-05,B,29,Electrical: Press Other,,legacy
206,2026-07-19 14:26:07.217-05,2026-07-19 14:38:10.028-05,B,41-2,Maintenance - Electrical,,legacy
206,2026-07-19 14:38:10.028-05,2026-07-19 15:11:17.15-05,G,150,Run Production,,legacy
206,2026-07-19 15:11:17.15-05,2026-07-19 15:13:17.529-05,B,29,Electrical: Press Other,,legacy
206,2026-07-19 15:13:17.529-05,2026-07-19 15:23:19.507-05,B,41-2,Maintenance - Electrical,,legacy
206,2026-07-19 15:23:19.507-05,2026-07-19 15:24:19.781-05,B,125,Substrate - Other,,legacy
206,2026-07-19 15:24:19.781-05,2026-07-19 15:59:27.325-05,G,150,Run Production,,legacy
206,2026-07-19 15:59:27.325-05,2026-07-19 16:05:28.226-05,M,47-14,MR Anilox Change (Low volume),,legacy
206,2026-07-19 16:05:28.226-05,2026-07-19 16:24:30.995-05,B,354,Housekeeping,,legacy
206,2026-07-19 16:24:30.995-05,2026-07-19 17:37:40.965-05,G,150,Run Production,,legacy
206,2026-07-19 17:37:40.965-05,2026-07-19 17:53:43.053-05,B,82,Dr. Blade Change,,legacy
206,2026-07-19 17:53:43.053-05,2026-07-19 17:55:43.314-05,B,95,Press Problem / Impression,,legacy
206,2026-07-19 17:55:43.314-05,2026-07-19 18:01:44.15-05,G,150,Run Production,,legacy
206,2026-07-19 18:01:44.15-05,2026-07-19 18:36:48.386-05,B,95,Press Problem / Impression,,legacy
206,2026-07-19 18:36:48.386-05,2026-07-20 07:00:45.362-05,B,450,Non Productive,,legacy
206,2026-07-20 07:00:45.362-05,2026-07-20 07:01:45.497-05,M,47,Make Ready - Time Required to Setup Job,,legacy
206,2026-07-20 07:01:45.497-05,2026-07-20 08:32:56.823-05,G,150,Run Production,,legacy
206,2026-07-20 08:32:56.823-05,2026-07-20 08:38:57.779-05,B,99,Plates: Wash,,legacy
206,2026-07-20 08:38:57.779-05,2026-07-20 11:59:35.504-05,G,150,Run Production,,legacy
206,2026-07-20 11:59:35.504-05,2026-07-20 12:05:36.145-05,B,99,Plates: Wash,,legacy
206,2026-07-20 12:05:36.145-05,2026-07-20 13:10:44.484-05,G,150,Run Production,,legacy
206,2026-07-20 13:10:44.484-05,2026-07-20 13:17:45.364-05,B,82,Dr. Blade Change,,legacy
206,2026-07-20 13:17:45.364-05,2026-07-20 15:15:02.597-05,G,150,Run Production,,legacy
206,2026-07-20 15:15:02.597-05,2026-07-20 15:22:04.061-05,B,99,Plates: Wash,,legacy
206,2026-07-20 15:22:04.061-05,2026-07-20 15:40:07.781-05,G,150,Run Production,,legacy
206,2026-07-20 15:40:07.781-05,2026-07-20 15:55:10.843-05,B,354,Housekeeping,,legacy
206,2026-07-20 15:55:10.843-05,2026-07-20 18:30:37.771-05,G,150,Run Production,,legacy
206,2026-07-20 18:30:37.771-05,2026-07-20 19:03:41.942-05,B,99,Plates: Wash,,legacy
206,2026-07-20 19:03:41.942-05,2026-07-20 19:12:42.92-05,B,95,Press Problem / Impression,,legacy
206,2026-07-20 19:12:42.92-05,2026-07-20 20:19:51.737-05,G,150,Run Production,,legacy
206,2026-07-20 20:19:51.737-05,2026-07-20 20:42:54.516-05,B,145-98,Quality Hold,,legacy
206,2026-07-20 20:42:54.516-05,2026-07-20 20:59:56.849-05,G,150,Run Production,,legacy
206,2026-07-20 20:59:56.849-05,2026-07-20 21:09:59.137-05,B,350,Roll Change,,legacy
206,2026-07-20 21:09:59.137-05,2026-07-20 22:09:12.017-05,G,150,Run Production,,legacy
206,2026-07-20 22:09:12.017-05,2026-07-20 22:33:17.426-05,B,82,Dr. Blade Change,,legacy
206,2026-07-20 22:33:17.426-05,2026-07-20 22:38:18.624-05,B,99,Plates: Wash,,legacy
206,2026-07-20 22:38:18.624-05,2026-07-20 23:19:27.716-05,B,145-3,Drum Clean,,legacy
206,2026-07-20 23:19:27.716-05,2026-07-20 23:22:28.067-05,G,150,Run Production,,legacy
206,2026-07-20 23:22:28.067-05,2026-07-20 23:29:29.083-05,B,95,Press Problem / Impression,,legacy
206,2026-07-20 23:29:29.083-05,2026-07-20 23:56:32.542-05,G,150,Run Production,,legacy
206,2026-07-20 23:56:32.542-05,2026-07-20 23:59:32.956-05,B,29,Electrical: Press Other,,legacy
206,2026-07-20 23:59:32.956-05,2026-07-21 01:00:40.435-05,G,150,Run Production,,legacy
206,2026-07-21 01:00:40.435-05,2026-07-21 01:30:44.375-05,B,145-98,Quality Hold,,legacy
206,2026-07-21 01:30:44.375-05,2026-07-21 01:38:45.39-05,G,150,Run Production,,legacy
206,2026-07-21 01:38:45.39-05,2026-07-21 01:41:45.74-05,B,87,Ink: Off Color,,legacy
206,2026-07-21 01:41:45.74-05,2026-07-21 02:13:49.834-05,G,150,Run Production,,legacy
206,2026-07-21 02:13:49.834-05,2026-07-21 02:27:51.525-05,B,350,Roll Change,,legacy
206,2026-07-21 02:27:51.525-05,2026-07-21 04:33:14.841-05,G,150,Run Production,,legacy
206,2026-07-21 04:33:14.841-05,2026-07-21 04:59:20.771-05,B,354,Housekeeping,,legacy
206,2026-07-21 04:59:20.771-05,2026-07-21 08:29:03.302-05,G,150,Run Production,,legacy
206,2026-07-21 08:29:03.302-05,2026-07-21 09:27:16.347-05,M,48,Make Ready Sleeves,,legacy
206,2026-07-21 09:27:16.347-05,2026-07-21 10:00:24.362-05,M,47-21,MR - Wait for Plates/Mounting,,legacy
206,2026-07-21 10:00:24.362-05,2026-07-21 11:29:38.237-05,M,48,Make Ready Sleeves,,legacy
206,2026-07-21 11:29:38.237-05,2026-07-21 14:01:00.171-05,M,47,Make Ready - Time Required to Setup Job,,legacy
206,2026-07-21 14:01:00.171-05,2026-07-21 15:02:13.715-05,G,150,Run Production,,legacy
206,2026-07-21 15:02:13.715-05,2026-07-21 15:16:16.596-05,B,95,Press Problem / Impression,,legacy
206,2026-07-21 15:16:16.596-05,2026-07-21 16:36:31.748-05,G,150,Run Production,,legacy
206,2026-07-21 16:36:31.748-05,2026-07-21 16:52:33.667-05,B,354,Housekeeping,,legacy
206,2026-07-21 16:52:33.667-05,2026-07-21 17:55:42.299-05,G,150,Run Production,,legacy
206,2026-07-21 17:55:42.299-05,2026-07-21 17:58:42.708-05,B,83,Drum: Clean,,legacy
206,2026-07-21 17:58:42.708-05,2026-07-21 18:26:47.127-05,B,145-6,Ink Spill,,legacy
206,2026-07-21 18:26:47.127-05,2026-07-21 18:27:47.266-05,S,400,Sort,,legacy
206,2026-07-21 18:27:47.266-05,2026-07-21 19:03:51.932-05,B,145-6,Ink Spill,,legacy
206,2026-07-21 19:03:51.932-05,2026-07-21 19:16:53.47-05,B,82,Dr. Blade Change,,legacy
206,2026-07-21 19:16:53.47-05,2026-07-21 19:30:55.076-05,M,80,Anilox: Change,,legacy
206,2026-07-21 19:30:55.076-05,2026-07-21 20:43:08.897-05,G,150,Run Production,,legacy
206,2026-07-21 20:43:08.897-05,2026-07-21 21:04:13.061-05,B,145-98,Quality Hold,,legacy
206,2026-07-21 21:04:13.061-05,2026-07-21 21:39:20.352-05,G,150,Run Production,,legacy
206,2026-07-21 21:39:20.352-05,2026-07-21 21:58:24.6-05,B,99,Plates: Wash,,legacy
206,2026-07-21 21:58:24.6-05,2026-07-21 22:30:30.956-05,G,150,Run Production,,legacy
206,2026-07-21 22:30:30.956-05,2026-07-21 22:50:33.714-05,B,95,Press Problem / Impression,,legacy
206,2026-07-21 22:50:33.714-05,2026-07-22 00:14:45.261-05,G,150,Run Production,,legacy
206,2026-07-22 00:14:45.261-05,2026-07-22 00:19:45.901-05,B,139,Rewind Material,,legacy
206,2026-07-22 00:19:45.901-05,2026-07-22 01:01:51.761-05,B,145-98,Quality Hold,,legacy
206,2026-07-22 01:01:51.761-05,2026-07-22 01:14:53.486-05,B,99,Plates: Wash,,legacy
206,2026-07-22 01:14:53.486-05,2026-07-22 01:27:55.164-05,B,95,Press Problem / Impression,,legacy
206,2026-07-22 01:27:55.164-05,2026-07-22 02:00:00.872-05,G,150,Run Production,,legacy
206,2026-07-22 02:00:00.872-05,2026-07-22 02:15:04.808-05,B,95,Press Problem / Impression,,legacy
206,2026-07-22 02:15:04.808-05,2026-07-22 03:14:18.276-05,G,150,Run Production,,legacy
206,2026-07-22 03:14:18.276-05,2026-07-22 03:19:19.396-05,B,99,Plates: Wash,,legacy
206,2026-07-22 03:19:19.396-05,2026-07-22 04:26:32.145-05,G,150,Run Production,,legacy
206,2026-07-22 04:26:32.145-05,2026-07-22 04:38:33.669-05,B,354,Housekeeping,,legacy
206,2026-07-22 04:38:33.669-05,2026-07-22 06:55:54.253-05,G,150,Run Production,,legacy
206,2026-07-22 06:55:54.253-05,2026-07-22 07:10:56.572-05,B,82,Dr. Blade Change,,legacy
206,2026-07-22 07:10:56.572-05,2026-07-22 08:23:14.811-05,G,150,Run Production,,legacy
206,2026-07-22 08:23:14.811-05,2026-07-22 08:48:21.261-05,B,125,Substrate - Other,,legacy
206,2026-07-22 08:48:21.261-05,2026-07-22 11:07:47.408-05,G,150,Run Production,,legacy
206,2026-07-22 11:07:47.408-05,2026-07-22 11:16:49.203-05,B,64,Mech - Press Other,,legacy
206,2026-07-22 11:16:49.203-05,2026-07-22 13:27:18.42-05,G,150,Run Production,,legacy
206,2026-07-22 13:27:18.42-05,2026-07-22 13:28:18.679-05,B,35,Electrical - Press: Print Deck,,legacy
206,2026-07-22 13:28:18.679-05,2026-07-22 13:30:19.213-05,B,139,Rewind Material,,legacy
206,2026-07-22 13:30:19.213-05,2026-07-22 14:09:28.931-05,B,450,Non Productive,,legacy
206,2026-07-22 14:09:28.931-05,2026-07-22 14:11:29.151-05,M,47,Make Ready - Time Required to Setup Job,,legacy
206,2026-07-22 14:11:29.151-05,2026-07-22 16:15:47.961-05,G,150,Run Production,,legacy
206,2026-07-22 16:15:47.961-05,2026-07-22 16:36:51.192-05,B,354,Housekeeping,,legacy
206,2026-07-22 16:36:51.192-05,2026-07-22 19:06:21.986-05,G,150,Run Production,,legacy
206,2026-07-22 19:06:21.986-05,2026-07-22 19:20:24.988-05,B,354,Housekeeping,,legacy
206,2026-07-22 19:20:24.988-05,2026-07-24 14:32:32.917-05,B,450,Non Productive,,legacy
206,2026-07-24 14:32:32.917-05,2026-07-24 16:19:56.741-05,G,150,Run Production,,legacy
206,2026-07-24 16:19:56.741-05,2026-07-24 16:39:00.742-05,B,354,Housekeeping,,legacy
206,2026-07-24 16:39:00.742-05,2026-07-24 18:48:30.092-05,G,150,Run Production,,legacy
206,2026-07-24 18:48:30.092-05,2026-07-24 18:56:31.791-05,B,95,Press Problem / Impression,,legacy
206,2026-07-24 18:56:31.791-05,2026-07-24 19:43:42.29-05,B,99,Plates: Wash,,legacy
206,2026-07-24 19:43:42.29-05,2026-07-24 19:49:43.582-05,B,95,Press Problem / Impression,,legacy
206,2026-07-24 19:49:43.582-05,2026-07-24 21:01:00.339-05,G,150,Run Production,,legacy
206,2026-07-24 21:01:00.339-05,2026-07-24 21:30:06.787-05,B,145-98,Quality Hold,,legacy
206,2026-07-24 21:30:06.787-05,2026-07-24 23:07:29.656-05,G,150,Run Production,,legacy
206,2026-07-24 23:07:29.656-05,2026-07-24 23:32:35.164-05,M,80,Anilox: Change,,legacy
206,2026-07-24 23:32:35.164-05,2026-07-25 00:32:48.893-05,G,150,Run Production,,legacy
206,2026-07-25 00:32:48.893-05,2026-07-25 01:04:55.672-05,B,145-98,Quality Hold,,legacy
206,2026-07-25 01:04:55.672-05,2026-07-25 01:12:57.349-05,B,99,Plates: Wash,,legacy
206,2026-07-25 01:12:57.349-05,2026-07-25 03:27:27.212-05,G,150,Run Production,,legacy
206,2026-07-25 03:27:27.212-05,2026-07-25 04:14:37.76-05,B,354,Housekeeping,,legacy
206,2026-07-25 04:14:37.76-05,2026-07-25 04:53:46.304-05,B,95,Press Problem / Impression,,legacy
206,2026-07-25 04:53:46.304-05,2026-07-25 08:49:41.551-05,G,150,Run Production,,legacy
206,2026-07-25 08:49:41.551-05,2026-07-25 09:31:50.825-05,B,83,Drum: Clean,,legacy
206,2026-07-25 09:31:50.825-05,2026-07-25 09:42:53.353-05,B,97,Plates: Defective Press Ops,,legacy
206,2026-07-25 09:42:53.353-05,2026-07-25 09:52:55.826-05,G,150,Run Production,,legacy
206,2026-07-25 09:52:55.826-05,2026-07-25 09:56:56.741-05,B,95,Press Problem / Impression,,legacy
206,2026-07-25 09:56:56.741-05,2026-07-25 10:27:03.182-05,B,97,Plates: Defective Press Ops,,legacy
206,2026-07-25 10:27:03.182-05,2026-07-25 11:02:10.827-05,G,150,Run Production,,legacy
206,2026-07-25 11:02:10.827-05,2026-07-25 11:04:11.359-05,B,82,Dr. Blade Change,,legacy
206,2026-07-25 11:04:11.359-05,2026-07-25 11:17:14.159-05,B,64,Mech - Press Other,,legacy
206,2026-07-25 11:17:14.159-05,2026-07-25 11:19:14.598-05,B,82,Dr. Blade Change,,legacy
206,2026-07-25 11:19:14.598-05,2026-07-25 12:01:24.059-05,G,150,Run Production,,legacy
206,2026-07-25 12:01:24.059-05,2026-07-25 12:09:25.856-05,B,99,Plates: Wash,,legacy
206,2026-07-25 12:09:25.856-05,2026-07-25 14:26:56.786-05,G,150,Run Production,,legacy
206,2026-07-25 14:26:56.786-05,2026-07-25 14:39:59.764-05,B,99,Plates: Wash,,legacy
206,2026-07-25 14:39:59.764-05,2026-07-25 14:44:00.609-05,B,354,Housekeeping,,legacy
206,2026-07-25 14:44:00.609-05,2026-07-25 19:41:11.266-05,G,150,Run Production,,legacy
206,2026-07-25 19:41:11.266-05,2026-07-25 20:07:16.935-05,B,82,Dr. Blade Change,,legacy
206,2026-07-25 20:07:16.935-05,2026-07-25 21:19:33.621-05,G,150,Run Production,,legacy
206,2026-07-25 21:19:33.621-05,2026-07-25 21:29:35.84-05,B,99,Plates: Wash,,legacy
206,2026-07-25 21:29:35.84-05,2026-07-25 23:58:09.459-05,G,150,Run Production,,legacy
206,2026-07-25 23:58:09.459-05,2026-07-26 00:38:18.122-05,B,145-98,Quality Hold,,legacy
206,2026-07-26 00:38:18.122-05,2026-07-26 04:16:07.067-05,G,150,Run Production,,legacy
206,2026-07-26 04:16:07.067-05,2026-07-26 04:51:15.087-05,B,354,Housekeeping,,legacy
206,2026-07-26 04:51:15.087-05,2026-07-26 05:00:17.052-05,B,145-6,Ink Spill,,legacy
206,2026-07-26 05:00:17.052-05,2026-07-26 05:48:28.219-05,G,150,Run Production,,legacy
206,2026-07-26 05:48:28.219-05,2026-07-26 05:49:28.531-05,B,145-1,Film Core Waste,,legacy
206,2026-07-26 05:49:28.531-05,2026-07-26 06:00:31.077-05,B,99,Plates: Wash,,legacy
206,2026-07-26 06:00:31.077-05,2026-07-26 09:38:18.798-05,G,150,Run Production,,legacy
206,2026-07-26 09:38:18.798-05,2026-07-26 09:39:19.036-05,B,450,Non Productive,,legacy
206,2026-07-26 09:39:19.036-05,2026-07-26 09:59:23.317-05,M,48,Make Ready Sleeves,,legacy
206,2026-07-26 09:59:23.317-05,2026-07-26 10:07:24.959-05,B,29,Electrical: Press Other,,legacy
206,2026-07-26 10:07:24.959-05,2026-07-26 10:25:28.997-05,B,64,Mech - Press Other,,legacy
206,2026-07-26 10:25:28.997-05,2026-07-26 10:37:31.774-05,B,82,Dr. Blade Change,,legacy
206,2026-07-26 10:37:31.774-05,2026-07-26 11:17:41.019-05,M,47,Make Ready - Time Required to Setup Job,,legacy
206,2026-07-26 11:17:41.019-05,2026-07-26 11:28:43.347-05,G,150,Run Production,,legacy
206,2026-07-26 11:28:43.347-05,2026-07-26 11:49:47.96-05,M,47-3,Make Ready Ghosting,,legacy
206,2026-07-26 11:49:47.96-05,2026-07-26 11:56:49.447-05,G,150,Run Production,,legacy
206,2026-07-26 11:56:49.447-05,2026-07-26 13:01:04.291-05,M,47-3,Make Ready Ghosting,,legacy
206,2026-07-26 13:01:04.291-05,2026-07-26 13:21:09.224-05,M,80,Anilox: Change,,legacy
206,2026-07-26 13:21:09.224-05,2026-07-26 14:06:18.825-05,M,47-3,Make Ready Ghosting,,legacy
206,2026-07-26 14:06:18.825-05,2026-07-26 15:32:38.547-05,B,145-6,Ink Spill,,legacy
206,2026-07-26 15:32:38.547-05,2026-07-26 16:05:45.839-05,B,354,Housekeeping,,legacy
206,2026-07-26 16:05:45.839-05,2026-07-26 16:49:55.979-05,M,47-5,Make Ready Chamber Malfunction,,legacy
206,2026-07-26 16:49:55.979-05,2026-07-26 16:58:58.014-05,B,145-3,Drum Clean,,legacy
206,2026-07-26 16:58:58.014-05,2026-07-26 17:59:11.175-05,G,150,Run Production,,legacy
206,2026-07-26 17:59:11.175-05,2026-07-26 18:00:11.408-05,B,99,Plates: Wash,,legacy
206,2026-07-26 18:00:11.408-05,2026-07-26 18:20:16.235-05,G,150,Run Production,,legacy
206,2026-07-26 18:20:16.235-05,2026-07-26 18:37:19.904-05,B,99,Plates: Wash,,legacy
206,2026-07-26 18:37:19.904-05,2026-07-26 18:45:22.664-05,G,150,Run Production,,legacy
206,2026-07-26 18:45:22.664-05,2026-07-26 18:58:25.429-05,B,95,Press Problem / Impression,,legacy
206,2026-07-26 18:58:25.429-05,2026-07-26 19:14:29.219-05,G,150,Run Production,,legacy
206,2026-07-26 19:14:29.219-05,2026-07-26 19:24:31.316-05,B,41-2,Maintenance - Electrical,,legacy
206,2026-07-26 19:24:31.316-05,2026-07-26 20:07:40.782-05,G,150,Run Production,,legacy
206,2026-07-26 20:07:40.782-05,2026-07-26 20:08:40.998-05,B,29,Electrical: Press Other,,legacy
206,2026-07-26 20:08:40.998-05,2026-07-26 20:50:51.588-05,B,41-2,Maintenance - Electrical,,legacy
206,2026-07-26 20:50:51.588-05,2026-07-26 20:53:52.212-05,G,150,Run Production,,legacy
206,2026-07-26 20:53:52.212-05,2026-07-26 21:19:57.896-05,B,41-2,Maintenance - Electrical,,legacy
206,2026-07-26 21:19:57.896-05,2026-07-26 22:31:13.952-05,G,150,Run Production,,legacy
206,2026-07-26 22:31:13.952-05,2026-07-26 22:40:15.907-05,B,41-2,Maintenance - Electrical,,legacy
206,2026-07-26 22:40:15.907-05,2026-07-26 23:12:23.017-05,G,150,Run Production,,legacy
206,2026-07-26 23:12:23.017-05,2026-07-26 23:22:25.242-05,M,16,Make Ready,,legacy
206,2026-07-26 23:22:25.242-05,2026-07-26 23:31:27.844-05,G,150,Run Production,,legacy
206,2026-07-26 23:31:27.844-05,2026-07-26 23:35:28.731-05,G,20,Run,,legacy
206,2026-07-26 23:35:28.731-05,2026-07-26 23:39:29.636-05,B,350,Roll Change,,legacy
206,2026-07-26 23:39:29.636-05,2026-07-27 00:04:35.193-05,G,150,Run Production,,legacy
206,2026-07-27 00:04:35.193-05,2026-07-27 00:21:38.882-05,M,48,Make Ready Sleeves,,legacy
206,2026-07-27 00:21:38.882-05,2026-07-27 00:47:44.551-05,B,145-98,Quality Hold,,legacy
206,2026-07-27 00:47:44.551-05,2026-07-27 01:45:58.048-05,M,47,Make Ready - Time Required to Setup Job,,legacy
206,2026-07-27 01:45:58.048-05,2026-07-27 02:03:01.881-05,M,47-19,Make Ready Sleeve Low Spot,,legacy
206,2026-07-27 02:03:01.881-05,2026-07-27 02:09:03.166-05,M,47,Make Ready - Time Required to Setup Job,,legacy
206,2026-07-27 02:09:03.166-05,2026-07-27 02:25:06.746-05,B,95,Press Problem / Impression,,legacy
206,2026-07-27 02:25:06.746-05,2026-07-27 05:28:49.437-05,G,150,Run Production,,legacy
206,2026-07-27 05:28:49.437-05,2026-07-27 05:41:52.15-05,M,16,Make Ready,,legacy
206,2026-07-27 05:41:52.15-05,2026-07-27 05:43:52.591-05,G,20,Run,,legacy
206,2026-07-27 05:43:52.591-05,2026-07-27 06:24:01.623-05,G,150,Run Production,,legacy
206,2026-07-27 06:24:01.623-05,2026-07-27 06:26:02.33-05,H,,,,legacy
206,2026-07-27 06:26:02.33-05,2026-07-27 06:45:06.597-05,G,20,Run,,legacy
206,2026-07-27 06:45:06.597-05,2026-07-27 06:47:07.022-05,G,150,Run Production,,legacy
206,2026-07-27 06:47:07.022-05,2026-07-27 07:03:10.445-05,B,29,Electrical: Press Other,,legacy
206,2026-07-27 07:03:10.445-05,2026-07-27 07:06:11.189-05,G,20,Run,,legacy
206,2026-07-27 07:06:11.189-05,2026-07-27 07:11:12.252-05,G,150,Run Production,,legacy
206,2026-07-27 07:11:12.252-05,2026-07-27 07:29:16.697-05,G,20,Run,,legacy
206,2026-07-27 07:29:16.697-05,2026-07-27 07:34:17.814-05,G,150,Run Production,,legacy
206,2026-07-27 07:34:17.814-05,2026-07-27 07:38:18.652-05,G,20,Run,,legacy
206,2026-07-27 07:38:18.652-05,2026-07-27 07:47:20.496-05,B,99,Plates: Wash,,legacy
206,2026-07-27 07:47:20.496-05,2026-07-27 07:54:21.94-05,G,150,Run Production,,legacy
206,2026-07-27 07:54:21.94-05,2026-07-27 08:22:28.065-05,G,20,Run,,legacy
206,2026-07-27 08:22:28.065-05,2026-07-27 08:26:28.874-05,G,150,Run Production,,legacy
206,2026-07-27 08:26:28.874-05,2026-07-27 08:30:29.889-05,G,20,Run,,legacy
206,2026-07-27 08:30:29.889-05,2026-07-27 08:32:30.425-05,B,29,Electrical: Press Other,,legacy
206,2026-07-27 08:32:30.425-05,2026-07-27 09:07:38.674-05,G,20,Run,,legacy
206,2026-07-27 09:07:38.674-05,2026-07-27 09:11:39.602-05,G,150,Run Production,,legacy
206,2026-07-27 09:11:39.602-05,2026-07-27 09:19:41.248-05,G,20,Run,,legacy
206,2026-07-27 09:19:41.248-05,2026-07-27 09:20:41.426-05,G,150,Run Production,,legacy
206,2026-07-27 09:20:41.426-05,2026-07-27 09:36:45.054-05,M,48,Make Ready Sleeves,,legacy
206,2026-07-27 09:36:45.054-05,2026-07-27 09:45:46.957-05,B,83,Drum: Clean,,legacy
206,2026-07-27 09:45:46.957-05,2026-07-27 10:05:51.768-05,M,47,Make Ready - Time Required to Setup Job,,legacy
206,2026-07-27 10:05:51.768-05,2026-07-27 10:29:56.813-05,G,150,Run Production,,legacy
206,2026-07-27 10:29:56.813-05,2026-07-27 10:30:57.017-05,B,125,Substrate - Other,,legacy
206,2026-07-27 10:30:57.017-05,2026-07-27 10:51:01.916-05,B,95,Press Problem / Impression,,legacy
206,2026-07-27 10:51:01.916-05,2026-07-27 13:50:43.395-05,G,150,Run Production,,legacy
206,2026-07-27 13:50:43.395-05,2026-07-27 14:16:49.2-05,B,82,Dr. Blade Change,,legacy
206,2026-07-27 14:16:49.2-05,2026-07-27 16:17:17.287-05,G,150,Run Production,,legacy
206,2026-07-27 16:17:17.287-05,2026-07-27 16:24:18.816-05,B,354,Housekeeping,,legacy
206,2026-07-27 16:24:18.816-05,2026-07-27 18:12:43.087-05,G,150,Run Production,,legacy
206,2026-07-27 18:12:43.087-05,2026-07-27 18:13:43.347-05,B,450,Non Productive,,legacy
206,2026-07-27 18:13:43.347-05,2026-07-27 18:40:49.213-05,M,47,Make Ready - Time Required to Setup Job,,legacy
206,2026-07-27 18:40:49.213-05,2026-07-27 19:02:53.959-05,M,48,Make Ready Sleeves,,legacy
206,2026-07-27 19:02:53.959-05,2026-07-27 19:11:55.956-05,B,82,Dr. Blade Change,,legacy
206,2026-07-27 19:11:55.956-05,2026-07-27 19:12:56.226-05,M,47,Make Ready - Time Required to Setup Job,,legacy
206,2026-07-27 19:12:56.226-05,2026-07-27 19:19:57.692-05,B,82,Dr. Blade Change,,legacy
206,2026-07-27 19:19:57.692-05,2026-07-27 20:34:14.24-05,M,47,Make Ready - Time Required to Setup Job,,legacy
206,2026-07-27 20:34:14.24-05,2026-07-27 21:03:21.554-05,B,145-98,Quality Hold,,legacy
206,2026-07-27 21:03:21.554-05,2026-07-28 01:06:16.215-05,G,150,Run Production,,legacy
206,2026-07-28 01:06:16.215-05,2026-07-28 01:07:16.405-05,B,450,Non Productive,,legacy
206,2026-07-28 01:07:16.405-05,2026-07-28 01:16:18.301-05,M,47,Make Ready - Time Required to Setup Job,,legacy
206,2026-07-28 01:16:18.301-05,2026-07-28 01:46:25.107-05,G,150,Run Production,,legacy
206,2026-07-28 01:46:25.107-05,2026-07-28 01:59:28.049-05,B,350,Roll Change,,legacy
206,2026-07-28 01:59:28.049-05,2026-07-28 04:31:02.156-05,G,150,Run Production,,legacy
206,2026-07-28 04:31:02.156-05,2026-07-28 04:50:06.694-05,B,354,Housekeeping,,legacy
206,2026-07-28 04:50:06.694-05,2026-07-28 06:01:22.158-05,G,150,Run Production,,legacy
206,2026-07-28 06:01:22.158-05,2026-07-28 06:02:22.395-05,B,125,Substrate - Other,,legacy
206,2026-07-28 06:02:22.395-05,2026-07-28 08:54:01.826-05,G,150,Run Production,,legacy
206,2026-07-28 08:54:01.826-05,2026-07-28 09:14:05.98-05,M,48,Make Ready Sleeves,,legacy
206,2026-07-28 09:14:05.98-05,2026-07-28 09:41:11.825-05,B,29,Electrical: Press Other,,legacy
206,2026-07-28 09:41:11.825-05,2026-07-28 09:44:12.468-05,M,47,Make Ready - Time Required to Setup Job,,legacy
206,2026-07-28 09:44:12.468-05,2026-07-28 10:45:25.752-05,B,82,Dr. Blade Change,,legacy
206,2026-07-28 10:45:25.752-05,2026-07-28 12:04:44.006-05,M,47,Make Ready - Time Required to Setup Job,,legacy
206,2026-07-28 12:04:44.006-05,2026-07-28 12:12:45.815-05,B,88,Pump Problem,,legacy
206,2026-07-28 12:12:45.815-05,2026-07-28 12:33:50.677-05,M,47,Make Ready - Time Required to Setup Job,,legacy
206,2026-07-28 12:33:50.677-05,2026-07-28 12:44:53.118-05,M,80,Anilox: Change,,legacy
206,2026-07-28 12:44:53.118-05,2026-07-28 14:20:14.344-05,M,47,Make Ready - Time Required to Setup Job,,legacy
206,2026-07-28 14:20:14.344-05,2026-07-28 14:36:17.618-05,M,47-14,MR Anilox Change (Low volume),,legacy
206,2026-07-28 14:36:17.618-05,2026-07-28 15:44:34.392-05,M,47,Make Ready - Time Required to Setup Job,,legacy
206,2026-07-28 15:44:34.392-05,2026-07-28 17:32:58.223-05,M,85,Make Ready - Color Match,,legacy
206,2026-07-28 17:32:58.223-05,2026-07-28 17:46:01.008-05,B,354,Housekeeping,,legacy
206,2026-07-28 17:46:01.008-05,2026-07-28 18:51:16.26-05,M,47,Make Ready - Time Required to Setup Job,,legacy
206,2026-07-28 18:51:16.26-05,2026-07-28 19:34:25.578-05,G,150,Run Production,,legacy
206,2026-07-28 19:34:25.578-05,2026-07-28 19:43:27.777-05,M,47-5,Make Ready Chamber Malfunction,,legacy
206,2026-07-28 19:43:27.777-05,2026-07-28 20:28:37.824-05,B,41-1,Maintenance - Mechanical,,legacy
206,2026-07-28 20:28:37.824-05,2026-07-28 21:50:56.362-05,B,82,Dr. Blade Change,,legacy
206,2026-07-28 21:50:56.362-05,2026-07-28 21:51:56.601-05,B,99,Plates: Wash,,legacy
206,2026-07-28 21:51:56.601-05,2026-07-28 22:19:03.806-05,M,47-3,Make Ready Ghosting,,legacy
206,2026-07-28 22:19:03.806-05,2026-07-28 22:47:10.128-05,B,41-2,Maintenance - Electrical,,legacy
206,2026-07-28 22:47:10.128-05,2026-07-28 22:49:10.645-05,M,47,Make Ready - Time Required to Setup Job,,legacy
206,2026-07-28 22:49:10.645-05,2026-07-28 23:11:15.518-05,B,82,Dr. Blade Change,,legacy
206,2026-07-28 23:11:15.518-05,2026-07-28 23:57:25.611-05,M,80,Anilox: Change,,legacy
206,2026-07-28 23:57:25.611-05,2026-07-29 00:03:26.904-05,G,150,Run Production,,legacy
206,2026-07-29 00:03:26.904-05,2026-07-29 00:09:28.272-05,M,47-4,Make Ready Bouncing,,legacy
206,2026-07-29 00:09:28.272-05,2026-07-29 02:16:57.725-05,G,150,Run Production,,legacy
206,2026-07-29 02:16:57.725-05,2026-07-29 02:33:01.147-05,M,48,Make Ready Sleeves,,legacy
206,2026-07-29 02:33:01.147-05,2026-07-29 02:55:05.869-05,M,47-99,Make Ready Other,,legacy
206,2026-07-29 02:55:05.869-05,2026-07-29 04:16:25.328-05,M,47,Make Ready - Time Required to Setup Job,,legacy
206,2026-07-29 04:16:25.328-05,2026-07-29 04:35:29.896-05,M,48,Make Ready Sleeves,,legacy
206,2026-07-29 04:35:29.896-05,2026-07-29 05:00:36.215-05,B,354,Housekeeping,,legacy
206,2026-07-29 05:00:36.215-05,2026-07-29 06:24:55.367-05,M,47,Make Ready - Time Required to Setup Job,,legacy
206,2026-07-29 06:24:55.367-05,2026-07-29 06:34:57.638-05,G,150,Run Production,,legacy
206,2026-07-29 06:34:57.638-05,2026-07-29 06:44:59.732-05,B,95,Press Problem / Impression,,legacy
206,2026-07-29 06:44:59.732-05,2026-07-29 06:47:00.22-05,G,150,Run Production,,legacy
206,2026-07-29 06:47:00.22-05,2026-07-29 07:13:06.629-05,B,95,Press Problem / Impression,,legacy
206,2026-07-29 07:13:06.629-05,2026-07-29 07:31:10.773-05,G,150,Run Production,,legacy
206,2026-07-29 07:31:10.773-05,2026-07-29 08:10:19.835-05,B,95,Press Problem / Impression,,legacy
206,2026-07-29 08:10:19.835-05,2026-07-29 08:15:20.88-05,G,150,Run Production,,legacy
206,2026-07-29 08:15:20.88-05,2026-07-29 08:26:23.335-05,B,64,Mech - Press Other,,legacy
206,2026-07-29 08:26:23.335-05,2026-07-29 08:30:24.467-05,G,150,Run Production,,legacy
206,2026-07-29 08:30:24.467-05,2026-07-29 08:31:24.686-05,B,450,Non Productive,,legacy
206,2026-07-29 08:31:24.686-05,2026-07-29 09:35:39.711-05,G,150,Run Production,,legacy
206,2026-07-29 09:35:39.711-05,2026-07-29 09:46:42.19-05,M,16,Make Ready,,legacy
206,2026-07-29 09:46:42.19-05,2026-07-29 10:03:46.043-05,B,97,Plates: Defective Press Ops,,legacy
206,2026-07-29 10:03:46.043-05,2026-07-29 10:50:56.404-05,G,150,Run Production,,legacy
206,2026-07-29 10:50:56.404-05,2026-07-29 11:05:59.872-05,G,20,Run,,legacy
206,2026-07-29 11:05:59.872-05,2026-07-29 11:19:03.292-05,G,150,Run Production,,legacy
206,2026-07-29 11:19:03.292-05,2026-07-29 11:35:06.953-05,M,16,Make Ready,,legacy
206,2026-07-29 11:35:06.953-05,2026-07-29 11:58:12.587-05,G,150,Run Production,,legacy
206,2026-07-29 11:58:12.587-05,2026-07-29 12:04:13.935-05,B,64,Mech - Press Other,,legacy
206,2026-07-29 12:04:13.935-05,2026-07-29 12:12:16.084-05,G,150,Run Production,,legacy
206,2026-07-29 12:12:16.084-05,2026-07-29 12:17:17.149-05,B,301,Cambio de Rollo,,legacy
206,2026-07-29 12:17:17.149-05,2026-07-29 12:20:17.79-05,G,20,Run,,legacy
206,2026-07-29 12:20:17.79-05,2026-07-29 13:36:35.167-05,G,150,Run Production,,legacy
206,2026-07-29 13:36:35.167-05,2026-07-29 13:49:38.088-05,B,318,Cambio de Rollo de Zipper,,legacy
206,2026-07-29 13:49:38.088-05,2026-07-29 13:51:38.517-05,G,150,Run Production,,legacy
206,2026-07-29 13:51:38.517-05,2026-07-29 13:54:39.128-05,B,99,Plates: Wash,,legacy
206,2026-07-29 13:54:39.128-05,2026-07-29 14:05:41.64-05,G,20,Run,,legacy
206,2026-07-29 14:05:41.64-05,2026-07-29 14:12:43.185-05,B,82,Dr. Blade Change,,legacy
206,2026-07-29 14:12:43.185-05,2026-07-29 14:19:44.619-05,G,150,Run Production,,legacy
206,2026-07-29 14:19:44.619-05,2026-07-29 14:26:46.173-05,G,20,Run,,legacy
206,2026-07-29 14:26:46.173-05,2026-07-29 14:35:48.1-05,B,318,Cambio de Rollo de Zipper,,legacy
206,2026-07-29 14:35:48.1-05,2026-07-29 14:42:49.69-05,G,150,Run Production,,legacy
206,2026-07-29 14:42:49.69-05,2026-07-29 14:53:52.203-05,G,20,Run,,legacy
206,2026-07-29 14:53:52.203-05,2026-07-29 15:44:04.266-05,G,150,Run Production,,legacy
206,2026-07-29 15:44:04.266-05,2026-07-29 15:58:07.524-05,B,308,Falla Mechanica,,legacy
206,2026-07-29 15:58:07.524-05,2026-07-29 16:01:08.186-05,G,20,Run,,legacy
206,2026-07-29 16:01:08.186-05,2026-07-29 16:05:09.356-05,G,150,Run Production,,legacy
206,2026-07-29 16:05:09.356-05,2026-07-29 16:32:17.194-05,B,354,Housekeeping,,legacy
206,2026-07-29 16:32:17.194-05,2026-07-29 16:49:21.641-05,G,150,Run Production,,legacy
206,2026-07-29 16:49:21.641-05,2026-07-29 17:07:25.614-05,B,378,Cambio de Turno,,legacy
206,2026-07-29 17:07:25.614-05,2026-07-29 17:14:28.127-05,G,20,Run,,legacy
206,2026-07-29 17:14:28.127-05,2026-07-29 17:23:30.225-05,G,150,Run Production,,legacy
206,2026-07-29 17:23:30.225-05,2026-07-29 17:29:31.782-05,B,308,Falla Mechanica,,legacy
206,2026-07-29 17:29:31.782-05,2026-07-29 17:52:37.444-05,G,150,Run Production,,legacy
206,2026-07-29 17:52:37.444-05,2026-07-29 18:03:39.849-05,B,351,Falla electrica,,legacy
206,2026-07-29 18:03:39.849-05,2026-07-29 18:07:40.763-05,G,150,Run Production,,legacy
206,2026-07-29 18:07:40.763-05,2026-07-29 18:28:45.651-05,B,145-98,Quality Hold,,legacy
206,2026-07-29 18:28:45.651-05,2026-07-29 18:49:50.336-05,B,308,Falla Mechanica,,legacy
206,2026-07-29 18:49:50.336-05,2026-07-29 20:32:13.889-05,G,150,Run Production,,legacy
206,2026-07-29 20:32:13.889-05,2026-07-29 20:58:20.234-05,B,145-98,Quality Hold,,legacy
206,2026-07-29 20:58:20.234-05,2026-07-29 21:24:26.352-05,B,82,Dr. Blade Change,,legacy
206,2026-07-29 21:24:26.352-05,2026-07-29 23:38:56.383-05,G,150,Run Production,,legacy
206,2026-07-29 23:38:56.383-05,2026-07-29 23:50:59.011-05,B,99,Plates: Wash,,legacy
206,2026-07-29 23:50:59.011-05,2026-07-30 00:32:08.162-05,G,150,Run Production,,legacy
206,2026-07-30 00:32:08.162-05,2026-07-30 01:12:18.04-05,B,145-98,Quality Hold,,legacy
206,2026-07-30 01:12:18.04-05,2026-07-30 01:38:24.084-05,G,150,Run Production,,legacy
206,2026-07-30 01:38:24.084-05,2026-07-30 01:39:24.322-05,B,99,Plates: Wash,,legacy
206,2026-07-30 01:39:24.322-05,2026-07-30 01:47:26.017-05,G,20,Run,,legacy
206,2026-07-30 01:47:26.017-05,2026-07-30 02:44:38.904-05,G,150,Run Production,,legacy
206,2026-07-30 02:44:38.904-05,2026-07-30 02:56:41.717-05,G,20,Run,,legacy
206,2026-07-30 02:56:41.717-05,2026-07-30 03:38:51.115-05,G,150,Run Production,,legacy
206,2026-07-30 03:38:51.115-05,2026-07-30 03:50:53.751-05,B,99,Plates: Wash,,legacy
206,2026-07-30 03:50:53.751-05,2026-07-30 04:41:09.529-05,G,150,Run Production,,legacy
206,2026-07-30 04:41:09.529-05,2026-07-30 04:42:09.753-05,B,301,Cambio de Rollo,,legacy
206,2026-07-30 04:42:09.753-05,2026-07-30 04:48:11.23-05,G,20,Run,,legacy
206,2026-07-30 04:48:11.23-05,2026-07-30 04:53:12.382-05,G,150,Run Production,,legacy
206,2026-07-30 04:53:12.382-05,2026-07-30 05:02:14.279-05,B,378,Cambio de Turno,,legacy
206,2026-07-30 05:02:14.279-05,2026-07-30 05:06:15.155-05,G,150,Run Production,,legacy
206,2026-07-30 05:06:15.155-05,2026-07-30 05:11:16.35-05,G,20,Run,,legacy
206,2026-07-30 05:11:16.35-05,2026-07-30 05:26:19.492-05,B,354,Housekeeping,,legacy
206,2026-07-30 05:26:19.492-05,2026-07-30 05:39:22.584-05,B,83,Drum: Clean,,legacy
206,2026-07-30 05:39:22.584-05,2026-07-30 06:21:32.453-05,M,48,Make Ready Sleeves,,legacy
206,2026-07-30 06:21:32.453-05,2026-07-30 06:56:40.423-05,B,82,Dr. Blade Change,,legacy
206,2026-07-30 06:56:40.423-05,2026-07-30 07:52:53.07-05,M,47,Make Ready - Time Required to Setup Job,,legacy
206,2026-07-30 07:52:53.07-05,2026-07-30 09:01:11.436-05,M,80,Anilox: Change,,legacy
206,2026-07-30 09:01:11.436-05,2026-07-30 09:14:14.936-05,M,47,Make Ready - Time Required to Setup Job,,legacy
206,2026-07-30 09:14:14.936-05,2026-07-30 10:25:32.833-05,G,150,Run Production,,legacy
206,2026-07-30 10:25:32.833-05,2026-07-30 10:26:33.058-05,B,29,Electrical: Press Other,,legacy
206,2026-07-30 10:26:33.058-05,2026-07-30 10:32:34.368-05,B,64,Mech - Press Other,,legacy
206,2026-07-30 10:32:34.368-05,2026-07-30 12:10:58.281-05,G,150,Run Production,,legacy
206,2026-07-30 12:10:58.281-05,2026-07-30 12:22:05.554-05,B,99,Plates: Wash,,legacy
206,2026-07-30 12:22:05.554-05,2026-07-30 12:34:08.569-05,B,145-6,Ink Spill,,legacy
206,2026-07-30 12:34:08.569-05,2026-07-30 12:44:10.767-05,M,16,Make Ready,,legacy
206,2026-07-30 12:44:10.767-05,2026-07-30 14:00:29.144-05,G,150,Run Production,,legacy
206,2026-07-30 14:00:29.144-05,2026-07-30 14:09:31.179-05,B,99,Plates: Wash,,legacy
206,2026-07-30 14:09:31.179-05,2026-07-30 14:20:33.635-05,G,150,Run Production,,legacy
206,2026-07-30 14:20:33.635-05,2026-07-30 14:29:35.671-05,B,99,Plates: Wash,,legacy
206,2026-07-30 14:29:35.671-05,2026-07-30 15:32:51.576-05,G,150,Run Production,,legacy
206,2026-07-30 15:32:51.576-05,2026-07-30 15:34:52.105-05,B,99,Plates: Wash,,legacy
206,2026-07-30 15:34:52.105-05,2026-07-30 15:51:55.886-05,B,354,Housekeeping,,legacy
206,2026-07-30 15:51:55.886-05,2026-07-30 16:12:00.89-05,M,47-5,Make Ready Chamber Malfunction,,legacy
206,2026-07-30 16:12:00.89-05,2026-07-30 16:30:05.491-05,B,354,Housekeeping,,legacy
206,2026-07-30 16:30:05.491-05,2026-07-30 16:37:07.67-05,B,308,Falla Mechanica,,legacy
206,2026-07-30 16:37:07.67-05,2026-07-30 17:11:15.145-05,G,150,Run Production,,legacy
206,2026-07-30 17:11:15.145-05,2026-07-30 17:16:16.231-05,B,308,Falla Mechanica,,legacy
206,2026-07-30 17:16:16.231-05,2026-07-30 17:18:16.682-05,G,150,Run Production,,legacy
206,2026-07-30 17:18:16.682-05,2026-07-30 17:25:18.249-05,G,20,Run,,legacy
206,2026-07-30 17:25:18.249-05,2026-07-30 17:29:19.174-05,G,150,Run Production,,legacy
206,2026-07-30 17:29:19.174-05,2026-07-30 17:48:23.503-05,B,318,Cambio de Rollo de Zipper,,legacy
206,2026-07-30 17:48:23.503-05,2026-07-30 17:49:23.739-05,G,150,Run Production,,legacy
206,2026-07-30 17:49:23.739-05,2026-07-30 18:03:27.151-05,B,308,Falla Mechanica,,legacy
206,2026-07-30 18:03:27.151-05,2026-07-30 18:24:32.843-05,B,99,Plates: Wash,,legacy
206,2026-07-30 18:24:32.843-05,2026-07-30 18:28:33.674-05,G,20,Run,,legacy
206,2026-07-30 18:28:33.674-05,2026-07-30 18:29:33.947-05,M,80,Anilox: Change,,legacy
206,2026-07-30 18:29:33.947-05,2026-07-30 18:51:38.987-05,B,350,Roll Change,,legacy
206,2026-07-30 18:51:38.987-05,2026-07-30 19:10:43.299-05,B,83,Drum: Clean,,legacy
206,2026-07-30 19:10:43.299-05,2026-07-30 19:22:46.067-05,B,95,Press Problem / Impression,,legacy
206,2026-07-30 19:22:46.067-05,2026-07-30 19:25:46.736-05,G,150,Run Production,,legacy
206,2026-07-30 19:25:46.736-05,2026-07-30 19:52:52.732-05,B,95,Press Problem / Impression,,legacy
206,2026-07-30 19:52:52.732-05,2026-07-30 20:18:58.587-05,G,150,Run Production,,legacy
206,2026-07-30 20:18:58.587-05,2026-07-30 20:22:59.423-05,G,20,Run,,legacy
206,2026-07-30 20:22:59.423-05,2026-07-30 20:26:00.083-05,G,150,Run Production,,legacy
206,2026-07-30 20:26:00.083-05,2026-07-30 20:33:01.569-05,B,145-98,Quality Hold,,legacy
206,2026-07-30 20:33:01.569-05,2026-07-30 20:47:04.615-05,B,301,Cambio de Rollo,,legacy
206,2026-07-30 20:47:04.615-05,2026-07-30 21:03:08.143-05,G,20,Run,,legacy
206,2026-07-30 21:03:08.143-05,2026-07-30 21:41:17.266-05,G,150,Run Production,,legacy
206,2026-07-30 21:41:17.266-05,2026-07-30 21:52:19.527-05,B,308,Falla Mechanica,,legacy
206,2026-07-30 21:52:19.527-05,2026-07-30 22:38:31.195-05,G,150,Run Production,,legacy
206,2026-07-30 22:38:31.195-05,2026-07-30 22:40:31.595-05,B,351,Falla electrica,,legacy
206,2026-07-30 22:40:31.595-05,2026-07-30 23:29:42.384-05,G,150,Run Production,,legacy
206,2026-07-30 23:29:42.384-05,2026-07-30 23:53:48.291-05,G,20,Run,,legacy
206,2026-07-30 23:53:48.291-05,2026-07-31 00:00:49.826-05,G,150,Run Production,,legacy
206,2026-07-31 00:00:49.826-05,2026-07-31 00:13:52.658-05,G,20,Run,,legacy
206,2026-07-31 00:13:52.658-05,2026-07-31 00:16:53.302-05,B,308,Falla Mechanica,,legacy
206,2026-07-31 00:16:53.302-05,2026-07-31 00:56:02.939-05,G,150,Run Production,,legacy
206,2026-07-31 00:56:02.939-05,2026-07-31 01:16:07.768-05,B,145-98,Quality Hold,,legacy
206,2026-07-31 01:16:07.768-05,2026-07-31 01:17:07.985-05,G,20,Run,,legacy
206,2026-07-31 01:17:07.985-05,2026-07-31 01:19:08.409-05,B,318,Cambio de Rollo de Zipper,,legacy
206,2026-07-31 01:19:08.409-05,2026-07-31 01:36:12.521-05,G,20,Run,,legacy
206,2026-07-31 01:36:12.521-05,2026-07-31 01:48:15.628-05,B,82,Dr. Blade Change,,legacy
206,2026-07-31 01:48:15.628-05,2026-07-31 03:01:32.99-05,G,150,Run Production,,legacy
206,2026-07-31 03:01:32.99-05,2026-07-31 03:16:36.651-05,G,20,Run,,legacy
206,2026-07-31 03:16:36.651-05,2026-07-31 03:41:42.955-05,G,150,Run Production,,legacy
206,2026-07-31 03:41:42.955-05,2026-07-31 03:57:46.829-05,B,308,Falla Mechanica,,legacy
206,2026-07-31 03:57:46.829-05,2026-07-31 04:03:48.052-05,G,150,Run Production,,legacy
206,2026-07-31 04:03:48.052-05,2026-07-31 04:20:52.537-05,G,20,Run,,legacy
206,2026-07-31 04:20:52.537-05,2026-07-31 04:51:59.086-05,G,150,Run Production,,legacy
206,2026-07-31 04:51:59.086-05,2026-07-31 04:54:59.769-05,B,83,Drum: Clean,,legacy
206,2026-07-31 04:54:59.769-05,2026-07-31 05:03:01.445-05,B,378,Cambio de Turno,,legacy
206,2026-07-31 05:03:01.445-05,2026-07-31 05:05:01.834-05,G,20,Run,,legacy
206,2026-07-31 05:05:01.834-05,2026-07-31 05:28:06.818-05,B,354,Housekeeping,,legacy
206,2026-07-31 05:28:06.818-05,2026-07-31 05:31:07.432-05,B,450,Non Productive,,legacy
206,2026-07-31 05:31:07.432-05,2026-07-31 06:04:14.947-05,M,48,Make Ready Sleeves,,legacy
206,2026-07-31 06:04:14.947-05,2026-07-31 06:15:17.722-05,M,47-19,Make Ready Sleeve Low Spot,,legacy
206,2026-07-31 06:15:17.722-05,2026-07-31 07:51:40.507-05,M,47,Make Ready - Time Required to Setup Job,,legacy
206,2026-07-31 07:51:40.507-05,2026-07-31 08:14:45.475-05,G,150,Run Production,,legacy
206,2026-07-31 08:14:45.475-05,2026-07-31 08:15:45.712-05,B,450,Non Productive,,legacy
206,2026-07-31 08:15:45.712-05,2026-07-31 09:22:01.378-05,G,150,Run Production,,legacy
206,2026-07-31 09:22:01.378-05,2026-07-31 10:01:10.162-05,B,126,Substrate - Web Break,,legacy
206,2026-07-31 10:01:10.162-05,2026-07-31 10:28:16.65-05,G,150,Run Production,,legacy
206,2026-07-31 10:28:16.65-05,2026-07-31 10:38:18.791-05,B,83,Drum: Clean,,legacy
206,2026-07-31 10:38:18.791-05,2026-07-31 11:41:33.116-05,G,150,Run Production,,legacy
206,2026-07-31 11:41:33.116-05,2026-07-31 11:43:33.524-05,B,145-99,Other,,legacy
206,2026-07-31 11:43:33.524-05,2026-07-31 11:59:37.289-05,B,82,Dr. Blade Change,,legacy
206,2026-07-31 11:59:37.289-05,2026-07-31 12:02:37.898-05,G,150,Run Production,,legacy
206,2026-07-31 12:02:37.898-05,2026-07-31 12:15:40.672-05,B,99,Plates: Wash,,legacy
206,2026-07-31 12:15:40.672-05,2026-07-31 12:19:41.763-05,G,150,Run Production,,legacy
206,2026-07-31 12:19:41.763-05,2026-07-31 12:25:43.119-05,B,99,Plates: Wash,,legacy
206,2026-07-31 12:25:43.119-05,2026-07-31 13:48:01.331-05,G,150,Run Production,,legacy
206,2026-07-31 13:48:01.331-05,2026-07-31 15:11:20.458-05,M,48,Make Ready Sleeves,,legacy
206,2026-07-31 15:11:20.458-05,2026-07-31 15:48:30.696-05,M,47-17,Make Ready Dirty Anilox,,legacy
206,2026-07-31 15:48:30.696-05,2026-07-31 15:49:31.02-05,B,133,Substrate - Wind/Edge Profile,,legacy
206,2026-07-31 15:49:31.02-05,2026-07-31 16:10:36.641-05,M,47-9,Make Ready Wait for ink,,legacy
206,2026-07-31 16:10:36.641-05,2026-07-31 16:28:41.14-05,M,47-17,Make Ready Dirty Anilox,,legacy
206,2026-07-31 16:28:41.14-05,2026-07-31 16:50:46.439-05,M,47,Make Ready - Time Required to Setup Job,,legacy
206,2026-07-31 16:50:46.439-05,2026-07-31 17:37:56.731-05,B,88,Pump Problem,,legacy
206,2026-07-31 17:37:56.731-05,2026-07-31 17:40:57.376-05,B,125,Substrate - Other,,legacy
206,2026-07-31 17:40:57.376-05,2026-07-31 18:02:02.888-05,B,83,Drum: Clean,,legacy
206,2026-07-31 18:02:02.888-05,2026-07-31 20:39:40.403-05,M,47,Make Ready - Time Required to Setup Job,,legacy
206,2026-07-31 20:39:40.403-05,2026-07-31 22:15:01.04-05,B,95,Press Problem / Impression,,legacy
206,2026-07-31 22:15:01.04-05,2026-07-31 23:02:11.428-05,G,150,Run Production,,legacy
206,2026-07-31 23:02:11.428-05,2026-07-31 23:04:11.866-05,B,450,Non Productive,,legacy
206,2026-07-31 23:04:11.866-05,2026-07-31 23:33:18.112-05,G,150,Run Production,,legacy
206,2026-07-31 23:33:18.112-05,2026-07-31 23:39:19.496-05,B,99,Plates: Wash,,legacy
206,2026-07-31 23:39:19.496-05,2026-08-01 00:31:31.295-05,G,150,Run Production,,legacy
206,2026-08-01 00:31:31.295-05,2026-08-01 00:57:37.18-05,B,99,Plates: Wash,,legacy
206,2026-08-01 00:57:37.18-05,2026-08-01 04:45:31.218-05,G,150,Run Production,,legacy
206,2026-08-01 04:45:31.218-05,2026-08-01 05:11:36.853-05,B,354,Housekeeping,,legacy
206,2026-08-01 05:11:36.853-05,2026-08-01 05:30:40.959-05,G,150,Run Production,,legacy
206,2026-08-01 05:30:40.959-05,2026-08-01 05:42:43.743-05,B,350,Roll Change,,legacy
206,2026-08-01 05:42:43.743-05,2026-08-01 06:09:49.447-05,G,150,Run Production,,legacy
206,2026-08-01 06:09:49.447-05,2026-08-01 06:29:53.737-05,B,64,Mech - Press Other,,legacy
206,2026-08-01 06:29:53.737-05,2026-08-01 07:17:04.589-05,M,47-5,Make Ready Chamber Malfunction,,legacy
206,2026-08-01 07:17:04.589-05,2026-08-01 09:46:36.391-05,G,150,Run Production,,legacy
206,2026-08-01 09:46:36.391-05,2026-08-01 09:56:38.536-05,B,99,Plates: Wash,,legacy
206,2026-08-01 09:56:38.536-05,2026-08-01 11:26:58.792-05,G,150,Run Production,,legacy
206,2026-08-01 11:26:58.792-05,2026-08-01 11:34:00.248-05,B,99,Plates: Wash,,legacy
206,2026-08-01 11:34:00.248-05,2026-08-01 11:44:02.42-05,G,150,Run Production,,legacy
206,2026-08-01 11:44:02.42-05,2026-08-01 11:56:04.908-05,B,99,Plates: Wash,,legacy
206,2026-08-01 11:56:04.908-05,2026-08-01 12:04:06.841-05,G,150,Run Production,,legacy
206,2026-08-01 12:04:06.841-05,2026-08-01 12:10:08.507-05,B,95,Press Problem / Impression,,legacy
206,2026-08-01 12:10:08.507-05,2026-08-01 12:59:19.004-05,B,97,Plates: Defective Press Ops,,legacy
206,2026-08-01 12:59:19.004-05,2026-08-01 15:26:52.269-05,G,150,Run Production,,legacy
206,2026-08-01 15:26:52.269-05,2026-08-01 15:36:54.428-05,B,99,Plates: Wash,,legacy
206,2026-08-01 15:36:54.428-05,2026-08-01 16:05:00.573-05,G,150,Run Production,,legacy
206,2026-08-01 16:05:00.573-05,2026-08-01 16:29:05.667-05,B,354,Housekeeping,,legacy
206,2026-08-01 16:29:05.667-05,2026-08-01 17:53:25.077-05,G,150,Run Production,,legacy
206,2026-08-01 17:53:25.077-05,2026-08-01 17:54:25.442-05,B,99,Plates: Wash,,legacy
206,2026-08-01 17:54:25.442-05,2026-08-01 20:29:59.963-05,G,150,Run Production,,legacy
206,2026-08-01 20:29:59.963-05,2026-08-01 21:02:07.136-05,B,145-98,Quality Hold,,legacy
206,2026-08-01 21:02:07.136-05,2026-08-01 23:07:35.56-05,G,150,Run Production,,legacy
206,2026-08-01 23:07:35.56-05,2026-08-02 02:40:24.194-05,B,450,Non Productive,,legacy
206,2026-08-02 02:40:24.194-05,2026-08-02 02:41:24.422-05,M,48,Make Ready Sleeves,,legacy
206,2026-08-02 02:41:24.422-05,2026-08-02 04:38:51.525-05,M,47,Make Ready - Time Required to Setup Job,,legacy
206,2026-08-02 04:38:51.525-05,2026-08-02 04:50:54.407-05,B,354,Housekeeping,,legacy
206,2026-08-02 04:50:54.407-05,2026-08-02 05:12:59.925-05,M,47,Make Ready - Time Required to Setup Job,,legacy
206,2026-08-02 05:12:59.925-05,2026-08-02 05:44:06.266-05,M,85,Make Ready - Color Match,,legacy
206,2026-08-02 05:44:06.266-05,2026-08-02 06:01:09.792-05,B,83,Drum: Clean,,legacy
206,2026-08-02 06:01:09.792-05,2026-08-02 07:15:27.179-05,M,47,Make Ready - Time Required to Setup Job,,legacy
206,2026-08-02 07:15:27.179-05,2026-08-02 07:54:36.065-05,M,85,Make Ready - Color Match,,legacy
206,2026-08-02 07:54:36.065-05,2026-08-02 09:23:55.159-05,M,47,Make Ready - Time Required to Setup Job,,legacy
206,2026-08-02 09:23:55.159-05,2026-08-02 11:30:23.658-05,G,150,Run Production,,legacy
206,2026-08-02 11:30:23.658-05,2026-08-02 11:44:26.666-05,B,99,Plates: Wash,,legacy
206,2026-08-02 11:44:26.666-05,2026-08-02 13:02:44.065-05,B,450,Non Productive,,legacy
206,2026-08-02 13:02:44.065-05,2026-08-02 13:03:44.28-05,M,47,Make Ready - Time Required to Setup Job,,legacy
206,2026-08-02 13:03:44.28-05,2026-08-02 13:59:57.185-05,G,150,Run Production,,legacy
206,2026-08-02 13:59:57.185-05,2026-08-02 14:14:00.05-05,B,99,Plates: Wash,,legacy
206,2026-08-02 14:14:00.05-05,2026-08-02 14:51:08.521-05,G,150,Run Production,,legacy
206,2026-08-02 14:51:08.521-05,2026-08-02 15:01:11.538-05,B,99,Plates: Wash,,legacy
206,2026-08-02 15:01:11.538-05,2026-08-02 16:16:28.27-05,G,150,Run Production,,legacy
206,2026-08-02 16:16:28.27-05,2026-08-02 16:39:33.345-05,B,354,Housekeeping,,legacy
206,2026-08-02 16:39:33.345-05,2026-08-02 17:06:39.227-05,G,150,Run Production,,legacy
206,2026-08-02 17:06:39.227-05,2026-08-02 17:32:44.692-05,B,99,Plates: Wash,,legacy
206,2026-08-02 17:32:44.692-05,2026-08-02 17:58:51.649-05,G,150,Run Production,,legacy
206,2026-08-02 17:58:51.649-05,2026-08-02 18:07:53.565-05,B,99,Plates: Wash,,legacy
206,2026-08-02 18:07:53.565-05,2026-08-02 18:44:01.37-05,G,150,Run Production,,legacy
206,2026-08-02 18:44:01.37-05,2026-08-02 18:52:03.138-05,B,99,Plates: Wash,,legacy
206,2026-08-02 18:52:03.138-05,2026-08-02 19:22:09.834-05,G,150,Run Production,,legacy
206,2026-08-02 19:22:09.834-05,2026-08-02 19:23:10.02-05,B,450,Non Productive,,legacy
206,2026-08-02 19:23:10.02-05,2026-08-02 19:54:17.469-05,M,48,Make Ready Sleeves,,legacy
206,2026-08-02 19:54:17.469-05,2026-08-02 20:59:31.268-05,M,47-99,Make Ready Other,,legacy
206,2026-08-02 20:59:31.268-05,2026-08-02 21:00:31.471-05,B,450,Non Productive,,legacy
206,2026-08-02 21:00:31.471-05,2026-08-02 21:01:31.698-05,M,47,Make Ready - Time Required to Setup Job,,legacy
206,2026-08-02 21:01:31.698-05,2026-08-02 21:05:32.569-05,G,150,Run Production,,legacy
206,2026-08-02 21:05:32.569-05,2026-08-02 21:12:34.068-05,B,450,Non Productive,,legacy
206,2026-08-02 21:12:34.068-05,2026-08-02 22:50:55.951-05,M,47,Make Ready - Time Required to Setup Job,,legacy
206,2026-08-02 22:50:55.951-05,2026-08-02 22:54:56.762-05,G,150,Run Production,,legacy
206,2026-08-02 22:54:56.762-05,2026-08-02 22:55:57.028-05,B,450,Non Productive,,legacy
206,2026-08-02 22:55:57.028-05,2026-08-02 23:20:02.351-05,M,47,Make Ready - Time Required to Setup Job,,legacy
206,2026-08-02 23:20:02.351-05,2026-08-02 23:43:07.295-05,B,145-7,Film Web Break,,legacy
206,2026-08-02 23:43:07.295-05,2026-08-03 00:40:20.452-05,M,47,Make Ready - Time Required to Setup Job,,legacy
206,2026-08-03 00:40:20.452-05,2026-08-03 04:14:07.176-05,M,47-3,Make Ready Ghosting,,legacy
206,2026-08-03 04:14:07.176-05,2026-08-03 04:27:09.904-05,B,99,Plates: Wash,,legacy
206,2026-08-03 04:27:09.904-05,2026-08-03 04:36:11.777-05,B,354,Housekeeping,,legacy
206,2026-08-03 04:36:11.777-05,2026-08-03 05:00:16.793-05,B,83,Drum: Clean,,legacy
206,2026-08-03 05:00:16.793-05,2026-08-03 05:23:22.218-05,M,47,Make Ready - Time Required to Setup Job,,legacy
206,2026-08-03 05:23:22.218-05,2026-08-03 06:00:30.373-05,B,99,Plates: Wash,,legacy
206,2026-08-03 06:00:30.373-05,2026-08-03 06:08:32.18-05,M,47,Make Ready - Time Required to Setup Job,,legacy
206,2026-08-03 06:08:32.18-05,2026-08-03 06:29:36.959-05,B,82,Dr. Blade Change,,legacy
206,2026-08-03 06:29:36.959-05,2026-08-03 08:04:57.929-05,M,47,Make Ready - Time Required to Setup Job,,legacy
206,2026-08-03 08:04:57.929-05,2026-08-03 09:12:12.825-05,M,47-3,Make Ready Ghosting,,legacy
206,2026-08-03 09:12:12.825-05,2026-08-03 09:33:17.432-05,M,47,Make Ready - Time Required to Setup Job,,legacy
206,2026-08-03 09:33:17.432-05,2026-08-03 10:32:30.959-05,G,150,Run Production,,legacy
206,2026-08-03 10:32:30.959-05,2026-08-03 10:33:31.188-05,M,47,Make Ready - Time Required to Setup Job,,legacy
206,2026-08-03 10:33:31.188-05,2026-08-03 12:32:58.299-05,G,150,Run Production,,legacy
206,2026-08-03 12:32:58.299-05,2026-08-03 12:50:01.887-05,B,99,Plates: Wash,,legacy
206,2026-08-03 12:50:01.887-05,2026-08-03 15:16:37.291-05,G,150,Run Production,,legacy
206,2026-08-03 15:16:37.291-05,2026-08-03 15:22:38.585-05,B,99,Plates: Wash,,legacy
206,2026-08-03 15:22:38.585-05,2026-08-03 16:32:04.833-05,G,150,Run Production,,legacy
206,2026-08-03 16:32:04.833-05,2026-08-03 16:38:06.593-05,B,354,Housekeeping,,legacy
206,2026-08-03 16:38:06.593-05,2026-08-03 17:26:17.273-05,M,48,Make Ready Sleeves,,legacy
206,2026-08-03 17:26:17.273-05,2026-08-03 20:40:02.539-05,M,47,Make Ready - Time Required to Setup Job,,legacy
206,2026-08-03 20:40:02.539-05,2026-08-03 20:43:03.213-05,M,85,Make Ready - Color Match,,legacy
206,2026-08-03 20:43:03.213-05,2026-08-03 20:49:04.646-05,M,47,Make Ready - Time Required to Setup Job,,legacy
206,2026-08-03 20:49:04.646-05,2026-08-03 20:55:06.077-05,M,47-2,Make Ready Dirty Print,,legacy
206,2026-08-03 20:55:06.077-05,2026-08-03 21:58:20.158-05,M,47-17,Make Ready Dirty Anilox,,legacy
206,2026-08-03 21:58:20.158-05,2026-08-03 22:57:34.405-05,M,47,Make Ready - Time Required to Setup Job,,legacy
206,2026-08-03 22:57:34.405-05,2026-08-03 23:42:44.837-05,M,47-99,Make Ready Other,,legacy
206,2026-08-03 23:42:44.837-05,2026-08-04 01:29:09.113-05,G,150,Run Production,,legacy
206,2026-08-04 01:29:09.113-05,2026-08-04 01:56:15.212-05,B,41-1,Maintenance - Mechanical,,legacy
206,2026-08-04 01:56:15.212-05,2026-08-04 01:57:15.407-05,M,48,Make Ready Sleeves,,legacy
206,2026-08-04 01:57:15.407-05,2026-08-04 02:34:23.428-05,B,95,Press Problem / Impression,,legacy
206,2026-08-04 02:34:23.428-05,2026-08-04 03:02:30.009-05,B,41-1,Maintenance - Mechanical,,legacy
206,2026-08-04 03:02:30.009-05,2026-08-04 06:09:13.41-05,G,150,Run Production,,legacy
206,2026-08-04 06:09:13.41-05,2026-08-04 06:12:14.117-05,B,450,Non Productive,,legacy
206,2026-08-04 06:12:14.117-05,2026-08-04 06:52:23.916-05,M,48,Make Ready Sleeves,,legacy
206,2026-08-04 06:52:23.916-05,2026-08-04 07:16:30.241-05,M,47,Make Ready - Time Required to Setup Job,,legacy
206,2026-08-04 07:16:30.241-05,2026-08-04 07:19:30.972-05,B,29,Electrical: Press Other,,legacy
206,2026-08-04 07:19:30.972-05,2026-08-04 08:00:40.53-05,B,41-2,Maintenance - Electrical,,legacy
206,2026-08-04 08:00:40.53-05,2026-08-04 08:14:43.604-05,M,47,Make Ready - Time Required to Setup Job,,legacy
206,2026-08-04 08:14:43.604-05,2026-08-04 08:15:43.839-05,B,15,Computer/Radius/IT,,legacy
206,2026-08-04 08:15:43.839-05,2026-08-04 08:18:44.61-05,B,88,Pump Problem,,legacy
206,2026-08-04 08:18:44.61-05,2026-08-04 08:31:47.755-05,M,47,Make Ready - Time Required to Setup Job,,legacy
206,2026-08-04 08:31:47.755-05,2026-08-04 08:49:51.665-05,B,29,Electrical: Press Other,,legacy
206,2026-08-04 08:49:51.665-05,2026-08-04 09:28:01.35-05,M,47,Make Ready - Time Required to Setup Job,,legacy
206,2026-08-04 09:28:01.35-05,2026-08-04 12:46:47.437-05,G,150,Run Production,,legacy
206,2026-08-04 12:46:47.437-05,2026-08-04 12:52:48.695-05,B,99,Plates: Wash,,legacy
206,2026-08-04 12:52:48.695-05,2026-08-04 15:51:30.7-05,G,150,Run Production,,legacy
206,2026-08-04 15:51:30.7-05,2026-08-04 15:59:32.945-05,B,29,Electrical: Press Other,,legacy
206,2026-08-04 15:59:32.945-05,2026-08-04 17:07:50.122-05,B,64,Mech - Press Other,,legacy
206,2026-08-04 17:07:50.122-05,2026-08-04 17:26:54.489-05,B,145-99,Other,,legacy
206,2026-08-04 17:26:54.489-05,2026-08-04 17:38:57.06-05,B,88,Pump Problem,,legacy
206,2026-08-04 17:38:57.06-05,2026-08-04 20:18:33.421-05,G,150,Run Production,,legacy
206,2026-08-04 20:18:33.421-05,2026-08-04 20:45:39.699-05,B,145-98,Quality Hold,,legacy
206,2026-08-04 20:45:39.699-05,2026-08-04 20:50:40.754-05,B,99,Plates: Wash,,legacy
206,2026-08-04 20:50:40.754-05,2026-08-05 00:35:33.949-05,G,150,Run Production,,legacy
206,2026-08-05 00:35:33.949-05,2026-08-05 00:42:35.498-05,M,48,Make Ready Sleeves,,legacy
206,2026-08-05 00:42:35.498-05,2026-08-05 00:43:35.698-05,M,47,Make Ready - Time Required to Setup Job,,legacy
206,2026-08-05 00:43:35.698-05,2026-08-05 01:07:41.077-05,B,145-98,Quality Hold,,legacy
206,2026-08-05 01:07:41.077-05,2026-08-05 01:16:43.097-05,B,82,Dr. Blade Change,,legacy
206,2026-08-05 01:16:43.097-05,2026-08-05 03:30:13.693-05,M,47,Make Ready - Time Required to Setup Job,,legacy
206,2026-08-05 03:30:13.693-05,2026-08-05 05:11:37.195-05,G,150,Run Production,,legacy
206,2026-08-05 05:11:37.195-05,2026-08-05 05:43:44.907-05,B,354,Housekeeping,,legacy
206,2026-08-05 05:43:44.907-05,2026-08-05 05:46:45.729-05,B,450,Non Productive,,legacy
206,2026-08-05 05:46:45.729-05,2026-08-05 06:49:00.971-05,M,48,Make Ready Sleeves,,legacy
206,2026-08-05 06:49:00.971-05,2026-08-05 06:55:02.434-05,M,47,Make Ready - Time Required to Setup Job,,legacy
206,2026-08-05 06:55:02.434-05,2026-08-05 07:30:11.383-05,M,47-17,Make Ready Dirty Anilox,,legacy
206,2026-08-05 07:30:11.383-05,2026-08-05 07:37:12.822-05,B,88,Pump Problem,,legacy
206,2026-08-05 07:37:12.822-05,2026-08-05 07:57:17.301-05,M,47-17,Make Ready Dirty Anilox,,legacy
206,2026-08-05 07:57:17.301-05,2026-08-05 08:07:19.657-05,B,82,Dr. Blade Change,,legacy
206,2026-08-05 08:07:19.657-05,2026-08-05 09:31:38.876-05,M,47,Make Ready - Time Required to Setup Job,,legacy
206,2026-08-05 09:31:38.876-05,2026-08-05 10:01:45.534-05,M,85,Make Ready - Color Match,,legacy
206,2026-08-05 10:01:45.534-05,2026-08-05 10:02:45.781-05,M,47,Make Ready - Time Required to Setup Job,,legacy
206,2026-08-05 10:02:45.781-05,2026-08-05 10:27:51.758-05,G,150,Run Production,,legacy
206,2026-08-05 10:27:51.758-05,2026-08-05 10:37:54.052-05,B,83,Drum: Clean,,legacy
206,2026-08-05 10:37:54.052-05,2026-08-05 10:45:55.778-05,G,150,Run Production,,legacy
206,2026-08-05 10:45:55.778-05,2026-08-05 10:49:56.595-05,B,95,Press Problem / Impression,,legacy
206,2026-08-05 10:49:56.595-05,2026-08-05 11:01:59.712-05,B,99,Plates: Wash,,legacy
206,2026-08-05 11:01:59.712-05,2026-08-05 11:25:05.76-05,M,80,Anilox: Change,,legacy
206,2026-08-05 11:25:05.76-05,2026-08-05 11:55:12.728-05,B,145-99,Other,,legacy
206,2026-08-05 11:55:12.728-05,2026-08-05 12:07:15.243-05,B,88,Pump Problem,,legacy
206,2026-08-05 12:07:15.243-05,2026-08-05 15:01:57.221-05,G,150,Run Production,,legacy
206,2026-08-05 15:01:57.221-05,2026-08-05 15:28:03.323-05,B,87,Ink: Off Color,,legacy
206,2026-08-05 15:28:03.323-05,2026-08-05 15:35:04.802-05,B,95,Press Problem / Impression,,legacy
206,2026-08-05 15:35:04.802-05,2026-08-05 16:17:14.656-05,B,87,Ink: Off Color,,legacy
206,2026-08-05 16:17:14.656-05,2026-08-05 16:33:18.762-05,G,150,Run Production,,legacy
206,2026-08-05 16:33:18.762-05,2026-08-05 16:46:21.957-05,B,354,Housekeeping,,legacy
206,2026-08-05 16:46:21.957-05,2026-08-05 17:50:38.565-05,G,150,Run Production,,legacy
206,2026-08-05 17:50:38.565-05,2026-08-05 18:25:51.507-05,B,82,Dr. Blade Change,,legacy
206,2026-08-05 18:25:51.507-05,2026-08-05 19:35:07.873-05,B,41-2,Maintenance - Electrical,,legacy
206,2026-08-05 19:35:07.873-05,2026-08-05 23:23:01.836-05,G,150,Run Production,,legacy
206,2026-08-05 23:23:01.836-05,2026-08-05 23:48:07.34-05,B,99,Plates: Wash,,legacy
206,2026-08-05 23:48:07.34-05,2026-08-06 01:31:31.639-05,G,150,Run Production,,legacy
206,2026-08-06 01:31:31.639-05,2026-08-06 01:32:31.868-05,B,450,Non Productive,,legacy
206,2026-08-06 01:32:31.868-05,2026-08-06 02:54:50.844-05,M,48,Make Ready Sleeves,,legacy
206,2026-08-06 02:54:50.844-05,2026-08-06 03:07:53.682-05,B,41-3,Maintenance - Pump,,legacy
206,2026-08-06 03:07:53.682-05,2026-08-06 03:37:00.677-05,M,47,Make Ready - Time Required to Setup Job,,legacy
206,2026-08-06 03:37:00.677-05,2026-08-06 04:29:12.829-05,B,82,Dr. Blade Change,,legacy
206,2026-08-06 04:29:12.829-05,2026-08-06 05:32:27.584-05,B,354,Housekeeping,,legacy
206,2026-08-06 05:32:27.584-05,2026-08-06 05:50:31.706-05,B,83,Drum: Clean,,legacy
206,2026-08-06 05:50:31.706-05,2026-08-06 06:28:40.953-05,M,47,Make Ready - Time Required to Setup Job,,legacy
206,2026-08-06 06:28:40.953-05,2026-08-06 06:50:46.385-05,B,145-99,Other,,legacy
206,2026-08-06 06:50:46.385-05,2026-08-06 07:24:54.33-05,M,47,Make Ready - Time Required to Setup Job,,legacy
206,2026-08-06 07:24:54.33-05,2026-08-06 07:25:54.554-05,M,47-24,MR Sticky Back Change,,legacy
206,2026-08-06 07:25:54.554-05,2026-08-06 07:37:57.302-05,M,47,Make Ready - Time Required to Setup Job,,legacy
206,2026-08-06 07:37:57.302-05,2026-08-06 07:54:00.799-05,M,47-24,MR Sticky Back Change,,legacy
206,2026-08-06 07:54:00.799-05,2026-08-06 08:06:03.425-05,B,64,Mech - Press Other,,legacy
206,2026-08-06 08:06:03.425-05,2026-08-06 09:13:20.402-05,B,29,Electrical: Press Other,,legacy
206,2026-08-06 09:13:20.402-05,2026-08-06 09:28:23.896-05,M,47,Make Ready - Time Required to Setup Job,,legacy
206,2026-08-06 09:28:23.896-05,2026-08-06 09:41:26.915-05,M,80,Anilox: Change,,legacy
206,2026-08-06 09:41:26.915-05,2026-08-06 09:42:27.145-05,M,47,Make Ready - Time Required to Setup Job,,legacy
206,2026-08-06 09:42:27.145-05,2026-08-06 12:06:02.162-05,B,29,Electrical: Press Other,,legacy
206,2026-08-06 12:06:02.162-05,2026-08-06 12:07:02.375-05,B,125,Substrate - Other,,legacy
206,2026-08-06 12:07:02.375-05,2026-08-06 12:35:08.392-05,M,47,Make Ready - Time Required to Setup Job,,legacy
206,2026-08-06 12:35:08.392-05,2026-08-06 12:49:11.601-05,G,150,Run Production,,legacy
206,2026-08-06 12:49:11.601-05,2026-08-06 13:04:15.032-05,B,83,Drum: Clean,,legacy
206,2026-08-06 13:04:15.032-05,2026-08-06 13:27:20.591-05,G,150,Run Production,,legacy
206,2026-08-06 13:27:20.591-05,2026-08-06 13:35:22.564-05,B,82,Dr. Blade Change,,legacy
206,2026-08-06 13:35:22.564-05,2026-08-06 14:00:29.02-05,G,150,Run Production,,legacy
206,2026-08-06 14:00:29.02-05,2026-08-06 14:06:30.473-05,B,99,Plates: Wash,,legacy
206,2026-08-06 14:06:30.473-05,2026-08-06 16:04:48.543-05,G,150,Run Production,,legacy
206,2026-08-06 16:04:48.543-05,2026-08-06 16:24:53.991-05,B,354,Housekeeping,,legacy
206,2026-08-06 16:24:53.991-05,2026-08-07 00:28:43.889-05,G,150,Run Production,,legacy
206,2026-08-07 00:28:43.889-05,2026-08-07 00:48:04.534-05,B,99,Plates: Wash,,legacy
206,2026-08-07 00:48:04.534-05,2026-08-07 03:31:56.881-05,G,150,Run Production,,legacy
206,2026-08-07 03:31:56.881-05,2026-08-07 03:46:05.755-05,B,99,Plates: Wash,,legacy
206,2026-08-07 03:46:05.755-05,2026-08-07 04:59:47.373-05,G,150,Run Production,,legacy
206,2026-08-07 04:59:47.373-05,2026-08-07 05:26:00.452-05,B,354,Housekeeping,,legacy
206,2026-08-07 05:26:00.452-05,2026-08-07 05:44:15.718-05,G,150,Run Production,,legacy
206,2026-08-07 05:44:15.718-05,2026-08-07 05:56:27.772-05,B,350,Roll Change,,legacy
206,2026-08-07 05:56:27.772-05,2026-08-07 12:39:28.658-05,G,150,Run Production,,legacy
206,2026-08-07 12:39:28.658-05,2026-08-07 17:29:29.489-05,G,20,Run,,legacy
206,2026-08-07 17:29:29.489-05,2026-08-07 17:43:32.817-05,M,47,Make Ready - Time Required to Setup Job,,legacy
206,2026-08-07 17:43:32.817-05,2026-08-07 18:04:38.908-05,B,83,Drum: Clean,,legacy
206,2026-08-07 18:04:38.908-05,2026-08-07 18:36:52.11-05,M,47,Make Ready - Time Required to Setup Job,,legacy
206,2026-08-07 18:36:52.11-05,2026-08-07 19:14:07.955-05,M,47-17,Make Ready Dirty Anilox,,legacy
206,2026-08-07 19:14:07.955-05,2026-08-07 19:32:16.943-05,M,47,Make Ready - Time Required to Setup Job,,legacy
206,2026-08-07 19:32:16.943-05,2026-08-07 20:54:54.541-05,G,150,Run Production,,legacy
206,2026-08-07 20:54:54.541-05,2026-08-08 01:07:06.933-05,B,450,Non Productive,,legacy
206,2026-08-08 01:07:06.933-05,2026-08-08 01:08:07.184-05,M,48,Make Ready Sleeves,,legacy
206,2026-08-08 01:08:07.184-05,2026-08-08 01:10:07.935-05,M,47,Make Ready - Time Required to Setup Job,,legacy
206,2026-08-08 01:10:07.935-05,2026-08-08 01:26:12.428-05,B,88,Pump Problem,,legacy
206,2026-08-08 01:26:12.428-05,2026-08-08 02:54:41.205-05,M,47,Make Ready - Time Required to Setup Job,,legacy
206,2026-08-08 02:54:41.205-05,2026-08-08 03:12:45.772-05,B,88,Pump Problem,,legacy
206,2026-08-08 03:12:45.772-05,2026-08-08 04:25:05.502-05,M,47,Make Ready - Time Required to Setup Job,,legacy
206,2026-08-08 04:25:05.502-05,2026-08-08 04:41:09.332-05,B,354,Housekeeping,,legacy
206,2026-08-08 04:41:09.332-05,2026-08-08 05:02:14.626-05,M,47,Make Ready - Time Required to Setup Job,,legacy
206,2026-08-08 05:02:14.626-05,2026-08-08 05:19:19.567-05,G,150,Run Production,,legacy
206,2026-08-08 05:19:19.567-05,2026-08-08 06:05:32.083-05,B,95,Press Problem / Impression,,legacy
206,2026-08-08 06:05:32.083-05,2026-08-08 06:11:33.768-05,M,47,Make Ready - Time Required to Setup Job,,legacy
206,2026-08-08 06:11:33.768-05,2026-08-08 07:41:59.171-05,G,150,Run Production,,legacy
206,2026-08-08 07:41:59.171-05,2026-08-08 07:55:02.386-05,B,95,Press Problem / Impression,,legacy
206,2026-08-08 07:55:02.386-05,2026-08-08 08:28:10.681-05,G,150,Run Production,,legacy
206,2026-08-08 08:28:10.681-05,2026-08-08 08:41:13.955-05,B,145-98,Quality Hold,,legacy
206,2026-08-08 08:41:13.955-05,2026-08-08 12:51:20.82-05,G,150,Run Production,,legacy
206,2026-08-08 12:51:20.82-05,2026-08-08 13:12:27.119-05,M,48,Make Ready Sleeves,,legacy
206,2026-08-08 13:12:27.119-05,2026-08-08 13:18:28.591-05,B,41-2,Maintenance - Electrical,,legacy
206,2026-08-08 13:18:28.591-05,2026-08-08 13:35:33.155-05,M,47,Make Ready - Time Required to Setup Job,,legacy
206,2026-08-08 13:35:33.155-05,2026-08-08 14:03:41.776-05,G,150,Run Production,,legacy
206,2026-08-08 14:03:41.776-05,2026-08-08 14:04:42.048-05,B,95,Press Problem / Impression,,legacy
206,2026-08-08 14:04:42.048-05,2026-08-08 14:15:45.515-05,M,48,Make Ready Sleeves,,legacy
206,2026-08-08 14:15:45.515-05,2026-08-08 14:23:47.567-05,B,88,Pump Problem,,legacy
206,2026-08-08 14:23:47.567-05,2026-08-08 14:29:48.995-05,M,47,Make Ready - Time Required to Setup Job,,legacy
206,2026-08-08 14:29:48.995-05,2026-08-08 14:40:52.239-05,G,150,Run Production,,legacy
206,2026-08-08 14:40:52.239-05,2026-08-08 14:41:52.437-05,B,145-2,Poor Print,,legacy
206,2026-08-08 14:41:52.437-05,2026-08-08 16:22:19.791-05,G,150,Run Production,,legacy
206,2026-08-08 16:22:19.791-05,2026-08-08 16:45:25.388-05,B,354,Housekeeping,,legacy
206,2026-08-08 16:45:25.388-05,2026-08-08 16:46:25.627-05,G,150,Run Production,,legacy
206,2026-08-08 16:46:25.627-05,2026-08-08 17:03:29.542-05,M,48,Make Ready Sleeves,,legacy
206,2026-08-08 17:03:29.542-05,2026-08-08 17:08:30.759-05,M,47,Make Ready - Time Required to Setup Job,,legacy
206,2026-08-08 17:08:30.759-05,2026-08-08 17:41:40.44-05,G,150,Run Production,,legacy
206,2026-08-08 17:41:40.44-05,2026-08-08 17:42:40.84-05,B,450,Non Productive,,legacy
206,2026-08-08 17:42:40.84-05,2026-08-08 17:57:45.11-05,M,48,Make Ready Sleeves,,legacy
206,2026-08-08 17:57:45.11-05,2026-08-08 18:00:46.03-05,B,450,Non Productive,,legacy
206,2026-08-08 18:00:46.03-05,2026-08-08 18:26:52.703-05,M,48,Make Ready Sleeves,,legacy
206,2026-08-08 18:26:52.703-05,2026-08-08 18:29:53.348-05,M,47,Make Ready - Time Required to Setup Job,,legacy
206,2026-08-08 18:29:53.348-05,2026-08-08 18:40:55.93-05,M,48,Make Ready Sleeves,,legacy
206,2026-08-08 18:40:55.93-05,2026-08-08 19:51:12.292-05,M,47,Make Ready - Time Required to Setup Job,,legacy
206,2026-08-08 19:51:12.292-05,2026-08-08 21:11:31.622-05,G,150,Run Production,,legacy
206,2026-08-08 21:11:31.622-05,2026-08-08 21:15:32.517-05,B,450,Non Productive,,legacy
206,2026-08-08 21:15:32.517-05,2026-08-08 21:44:39.882-05,M,48,Make Ready Sleeves,,legacy
206,2026-08-08 21:44:39.882-05,2026-08-08 23:08:02.419-05,M,47,Make Ready - Time Required to Setup Job,,legacy
206,2026-08-08 23:08:02.419-05,2026-08-08 23:33:09.248-05,M,80,Anilox: Change,,legacy
206,2026-08-08 23:33:09.248-05,2026-08-09 02:21:49.94-05,G,150,Run Production,,legacy
206,2026-08-09 02:21:49.94-05,2026-08-09 02:22:50.139-05,B,450,Non Productive,,legacy
206,2026-08-09 02:22:50.139-05,2026-08-09 03:08:00.511-05,M,48,Make Ready Sleeves,,legacy
206,2026-08-09 03:08:00.511-05,2026-08-09 03:09:00.709-05,M,47-99,Make Ready Other,,legacy
206,2026-08-09 03:09:00.709-05,2026-08-09 03:10:00.918-05,M,47,Make Ready - Time Required to Setup Job,,legacy
206,2026-08-09 03:10:00.918-05,2026-08-09 03:14:01.736-05,M,47-99,Make Ready Other,,legacy
206,2026-08-09 03:14:01.736-05,2026-08-09 03:59:13.539-05,B,82,Dr. Blade Change,,legacy
206,2026-08-09 03:59:13.539-05,2026-08-09 04:06:15.193-05,M,47,Make Ready - Time Required to Setup Job,,legacy
206,2026-08-09 04:06:15.193-05,2026-08-09 04:28:21.369-05,B,354,Housekeeping,,legacy
206,2026-08-09 04:28:21.369-05,2026-08-09 06:17:49.823-05,M,47,Make Ready - Time Required to Setup Job,,legacy
206,2026-08-09 06:17:49.823-05,2026-08-09 06:37:54.879-05,M,85,Make Ready - Color Match,,legacy
206,2026-08-09 06:37:54.879-05,2026-08-09 10:53:58.645-05,G,150,Run Production,,legacy
206,2026-08-09 10:53:58.645-05,2026-08-09 11:02:02.59-05,B,99,Plates: Wash,,legacy
206,2026-08-09 11:02:02.59-05,2026-08-09 14:27:59.447-05,G,150,Run Production,,legacy
206,2026-08-09 14:27:59.447-05,2026-08-09 14:30:00.028-05,B,99,Plates: Wash,,legacy
206,2026-08-09 14:30:00.028-05,2026-08-09 14:45:03.749-05,G,150,Run Production,,legacy
206,2026-08-09 14:45:03.749-05,2026-08-09 14:49:04.546-05,B,99,Plates: Wash,,legacy
206,2026-08-09 14:49:04.546-05,2026-08-09 16:42:32.153-05,G,150,Run Production,,legacy
206,2026-08-09 16:42:32.153-05,2026-08-09 16:47:33.406-05,B,99,Plates: Wash,,legacy
206,2026-08-09 16:47:33.406-05,2026-08-09 18:59:08.283-05,G,150,Run Production,,legacy
206,2026-08-09 18:59:08.283-05,2026-08-09 19:13:11.732-05,B,82,Dr. Blade Change,,legacy
206,2026-08-09 19:13:11.732-05,2026-08-09 19:43:18.949-05,G,150,Run Production,,legacy
206,2026-08-09 19:43:18.949-05,2026-08-09 19:48:20.288-05,B,99,Plates: Wash,,legacy
206,2026-08-09 19:48:20.288-05,2026-08-09 21:03:38.84-05,G,150,Run Production,,legacy
206,2026-08-09 21:03:38.84-05,2026-08-09 21:14:41.452-05,B,99,Plates: Wash,,legacy
206,2026-08-09 21:14:41.452-05,2026-08-09 23:21:12.694-05,G,150,Run Production,,legacy
206,2026-08-09 23:21:12.694-05,2026-08-09 23:26:14.008-05,B,99,Plates: Wash,,legacy
206,2026-08-09 23:26:14.008-05,2026-08-10 00:10:24.722-05,G,150,Run Production,,legacy
206,2026-08-10 00:10:24.722-05,2026-08-10 00:28:29.035-05,B,99,Plates: Wash,,legacy
206,2026-08-10 00:28:29.035-05,2026-08-10 01:38:45.643-05,G,150,Run Production,,legacy
206,2026-08-10 01:38:45.643-05,2026-08-10 01:41:46.332-05,B,450,Non Productive,,legacy
206,2026-08-10 01:41:46.332-05,2026-08-10 01:52:48.839-05,M,48,Make Ready Sleeves,,legacy
206,2026-08-10 01:52:48.839-05,2026-08-10 01:53:49.063-05,B,139,Rewind Material,,legacy
206,2026-08-10 01:53:49.063-05,2026-08-10 02:39:00.768-05,M,47-99,Make Ready Other,,legacy
206,2026-08-10 02:39:00.768-05,2026-08-10 04:13:25.087-05,M,47,Make Ready - Time Required to Setup Job,,legacy
206,2026-08-10 04:13:25.087-05,2026-08-10 04:27:28.328-05,M,85,Make Ready - Color Match,,legacy
206,2026-08-10 04:27:28.328-05,2026-08-10 04:48:33.712-05,M,47,Make Ready - Time Required to Setup Job,,legacy
206,2026-08-10 04:48:33.712-05,2026-08-10 04:52:34.669-05,B,125,Substrate - Other,,legacy
206,2026-08-10 04:52:34.669-05,2026-08-10 05:08:39.054-05,B,83,Drum: Clean,,legacy
206,2026-08-10 05:08:39.054-05,2026-08-10 05:12:39.992-05,G,150,Run Production,,legacy
206,2026-08-10 05:12:39.992-05,2026-08-10 05:15:40.67-05,B,95,Press Problem / Impression,,legacy
206,2026-08-10 05:15:40.67-05,2026-08-10 05:37:47.073-05,G,150,Run Production,,legacy
206,2026-08-10 05:37:47.073-05,2026-08-10 06:12:56.881-05,B,95,Press Problem / Impression,,legacy
206,2026-08-10 06:12:56.881-05,2026-08-10 06:17:57.971-05,G,150,Run Production,,legacy
206,2026-08-10 06:17:57.971-05,2026-08-10 07:30:15.786-05,B,95,Press Problem / Impression,,legacy
206,2026-08-10 07:30:15.786-05,2026-08-10 07:41:18.318-05,G,150,Run Production,,legacy
206,2026-08-10 07:41:18.318-05,2026-08-10 08:03:24.323-05,M,47-6,Make Ready Wrong Sequence,,legacy
206,2026-08-10 08:03:24.323-05,2026-08-10 08:29:30.646-05,B,41-2,Maintenance - Electrical,,legacy
206,2026-08-10 08:29:30.646-05,2026-08-10 09:01:38.743-05,B,95,Press Problem / Impression,,legacy
206,2026-08-10 09:01:38.743-05,,G,150,Run Production,,legacy
207,2026-07-16 16:19:39.879-05,2026-07-16 16:38:43.553-05,G,150,Run Production,,legacy
207,2026-07-16 16:38:43.553-05,2026-07-16 16:59:47.053-05,B,354,Housekeeping,,legacy
207,2026-07-16 16:59:47.053-05,2026-07-16 18:22:01.322-05,G,150,Run Production,,legacy
207,2026-07-16 18:22:01.322-05,2026-07-16 18:41:05.351-05,B,95,Press Problem / Impression,,legacy
207,2026-07-16 18:41:05.351-05,2026-07-16 20:32:28.649-05,G,150,Run Production,,legacy
207,2026-07-16 20:32:28.649-05,2026-07-16 20:52:31.269-05,B,86,Ink: Contamination,,legacy
207,2026-07-16 20:52:31.269-05,2026-07-16 23:33:52.48-05,G,150,Run Production,,legacy
207,2026-07-16 23:33:52.48-05,2026-07-16 23:34:52.575-05,B,125,Substrate - Other,,legacy
207,2026-07-16 23:34:52.575-05,2026-07-16 23:35:52.637-05,B,139,Rewind Material,,legacy
207,2026-07-16 23:35:52.637-05,2026-07-17 00:07:56.938-05,M,47-6,Make Ready Wrong Sequence,,legacy
207,2026-07-17 00:07:56.938-05,2026-07-17 00:44:04.169-05,G,150,Run Production,,legacy
207,2026-07-17 00:44:04.169-05,2026-07-17 02:01:20.194-05,B,126,Substrate - Web Break,,legacy
207,2026-07-17 02:01:20.194-05,2026-07-17 02:15:22.988-05,B,145-3,Drum Clean,,legacy
207,2026-07-17 02:15:22.988-05,2026-07-17 02:34:26.799-05,B,64,Mech - Press Other,,legacy
207,2026-07-17 02:34:26.799-05,2026-07-17 03:07:30.982-05,B,83,Drum: Clean,,legacy
207,2026-07-17 03:07:30.982-05,2026-07-17 07:34:14.598-05,G,150,Run Production,,legacy
207,2026-07-17 07:34:14.598-05,2026-07-17 07:42:16.244-05,B,82,Dr. Blade Change,,legacy
207,2026-07-17 07:42:16.244-05,2026-07-17 14:09:21.12-05,G,150,Run Production,,legacy
207,2026-07-17 14:09:21.12-05,2026-07-17 14:32:26.082-05,B,95,Press Problem / Impression,,legacy
207,2026-07-17 14:32:26.082-05,2026-07-17 15:36:34.582-05,G,150,Run Production,,legacy
207,2026-07-17 15:36:34.582-05,2026-07-17 15:41:35.223-05,B,95,Press Problem / Impression,,legacy
207,2026-07-17 15:41:35.223-05,2026-07-17 16:10:39.214-05,G,150,Run Production,,legacy
207,2026-07-17 16:10:39.214-05,2026-07-17 16:12:39.561-05,B,354,Housekeeping,,legacy
207,2026-07-17 16:12:39.561-05,2026-07-17 16:13:39.711-05,M,16,Make Ready,,legacy
207,2026-07-17 16:13:39.711-05,2026-07-17 16:48:44.484-05,G,20,Run,,legacy
207,2026-07-17 16:48:44.484-05,2026-07-17 16:51:44.871-05,B,83,Drum: Clean,,legacy
207,2026-07-17 16:51:44.871-05,2026-07-17 16:55:45.435-05,G,150,Run Production,,legacy
207,2026-07-17 16:55:45.435-05,2026-07-17 16:56:45.581-05,G,20,Run,,legacy
207,2026-07-17 16:56:45.581-05,2026-07-17 17:04:46.775-05,B,301,Cambio de Rollo,,legacy
207,2026-07-17 17:04:46.775-05,2026-07-17 17:18:48.534-05,G,20,Run,,legacy
207,2026-07-17 17:18:48.534-05,2026-07-17 17:26:49.481-05,G,150,Run Production,,legacy
207,2026-07-17 17:26:49.481-05,2026-07-17 17:37:50.973-05,G,20,Run,,legacy
207,2026-07-17 17:37:50.973-05,2026-07-17 17:45:52.16-05,B,301,Cambio de Rollo,,legacy
207,2026-07-17 17:45:52.16-05,2026-07-17 17:48:52.542-05,G,150,Run Production,,legacy
207,2026-07-17 17:48:52.542-05,2026-07-17 18:13:55.869-05,G,20,Run,,legacy
207,2026-07-17 18:13:55.869-05,2026-07-17 19:21:09.66-05,M,48,Make Ready Sleeves,,legacy
207,2026-07-17 19:21:09.66-05,2026-07-17 19:33:12.06-05,B,82,Dr. Blade Change,,legacy
207,2026-07-17 19:33:12.06-05,2026-07-17 19:46:15.442-05,M,48,Make Ready Sleeves,,legacy
207,2026-07-17 19:46:15.442-05,2026-07-17 22:21:39.996-05,M,47,Make Ready - Time Required to Setup Job,,legacy
207,2026-07-17 22:21:39.996-05,2026-07-17 23:55:51.971-05,G,150,Run Production,,legacy
207,2026-07-17 23:55:51.971-05,2026-07-17 23:56:52.092-05,M,47,Make Ready - Time Required to Setup Job,,legacy
207,2026-07-17 23:56:52.092-05,2026-07-17 23:58:52.358-05,G,150,Run Production,,legacy
207,2026-07-17 23:58:52.358-05,2026-07-18 00:20:54.937-05,M,48,Make Ready Sleeves,,legacy
207,2026-07-18 00:20:54.937-05,2026-07-18 01:12:05.574-05,M,47,Make Ready - Time Required to Setup Job,,legacy
207,2026-07-18 01:12:05.574-05,2026-07-18 04:16:40.429-05,G,150,Run Production,,legacy
207,2026-07-18 04:16:40.429-05,2026-07-18 04:30:42.478-05,B,354,Housekeeping,,legacy
207,2026-07-18 04:30:42.478-05,2026-07-18 04:58:46.165-05,G,150,Run Production,,legacy
207,2026-07-18 04:58:46.165-05,2026-07-18 05:04:46.869-05,B,99,Plates: Wash,,legacy
207,2026-07-18 05:04:46.869-05,2026-07-18 06:08:55.402-05,G,150,Run Production,,legacy
207,2026-07-18 06:08:55.402-05,2026-07-18 06:10:55.6-05,B,145-99,Other,,legacy
207,2026-07-18 06:10:55.6-05,2026-07-18 06:28:59.37-05,G,150,Run Production,,legacy
207,2026-07-18 06:28:59.37-05,2026-07-18 08:49:28.525-05,B,450,Non Productive,,legacy
207,2026-07-18 08:49:28.525-05,2026-07-18 16:39:42.494-05,G,150,Run Production,,legacy
207,2026-07-18 16:39:42.494-05,2026-07-18 16:52:43.966-05,B,41-1,Maintenance - Mechanical,,legacy
207,2026-07-18 16:52:43.966-05,2026-07-18 17:54:51.709-05,B,450,Non Productive,,legacy
207,2026-07-18 17:54:51.709-05,2026-07-18 17:55:51.756-05,M,47,Make Ready - Time Required to Setup Job,,legacy
207,2026-07-18 17:55:51.756-05,2026-07-18 20:25:20.321-05,G,150,Run Production,,legacy
207,2026-07-18 20:25:20.321-05,2026-07-18 20:29:21.106-05,B,99,Plates: Wash,,legacy
207,2026-07-18 20:29:21.106-05,2026-07-18 21:00:27.212-05,G,150,Run Production,,legacy
207,2026-07-18 21:00:27.212-05,2026-07-18 21:12:28.782-05,B,99,Plates: Wash,,legacy
207,2026-07-18 21:12:28.782-05,2026-07-18 21:16:29.299-05,G,150,Run Production,,legacy
207,2026-07-18 21:16:29.299-05,2026-07-18 21:27:30.752-05,B,99,Plates: Wash,,legacy
207,2026-07-18 21:27:30.752-05,2026-07-19 04:00:32.416-05,G,150,Run Production,,legacy
207,2026-07-19 04:00:32.416-05,2026-07-19 04:01:32.572-05,B,450,Non Productive,,legacy
207,2026-07-19 04:01:32.572-05,2026-07-19 04:17:34.773-05,M,48,Make Ready Sleeves,,legacy
207,2026-07-19 04:17:34.773-05,2026-07-19 05:15:42.065-05,M,47,Make Ready - Time Required to Setup Job,,legacy
207,2026-07-19 05:15:42.065-05,2026-07-19 07:24:58.904-05,G,150,Run Production,,legacy
207,2026-07-19 07:24:58.904-05,2026-07-19 07:56:05.612-05,B,82,Dr. Blade Change,,legacy
207,2026-07-19 07:56:05.612-05,2026-07-19 08:02:06.857-05,B,41-1,Maintenance - Mechanical,,legacy
207,2026-07-19 08:02:06.857-05,2026-07-19 11:01:37.51-05,G,150,Run Production,,legacy
207,2026-07-19 11:01:37.51-05,2026-07-19 11:06:38.047-05,B,99,Plates: Wash,,legacy
207,2026-07-19 11:06:38.047-05,2026-07-19 12:01:44.921-05,G,150,Run Production,,legacy
207,2026-07-19 12:01:44.921-05,2026-07-19 12:11:46.288-05,B,99,Plates: Wash,,legacy
207,2026-07-19 12:11:46.288-05,2026-07-19 13:16:54.726-05,G,150,Run Production,,legacy
207,2026-07-19 13:16:54.726-05,2026-07-19 13:23:55.638-05,B,99,Plates: Wash,,legacy
207,2026-07-19 13:23:55.638-05,2026-07-19 18:36:48.386-05,G,150,Run Production,,legacy
207,2026-07-19 18:36:48.386-05,2026-07-19 18:37:48.518-05,B,450,Non Productive,,legacy
207,2026-07-19 18:37:48.518-05,2026-07-19 18:57:51.059-05,M,48,Make Ready Sleeves,,legacy
207,2026-07-19 18:57:51.059-05,2026-07-19 19:39:56.129-05,B,82,Dr. Blade Change,,legacy
207,2026-07-19 19:39:56.129-05,2026-07-19 20:59:12.114-05,M,47,Make Ready - Time Required to Setup Job,,legacy
207,2026-07-19 20:59:12.114-05,2026-07-19 21:21:16.696-05,M,85,Make Ready - Color Match,,legacy
207,2026-07-19 21:21:16.696-05,2026-07-20 00:24:44.116-05,G,150,Run Production,,legacy
207,2026-07-20 00:24:44.116-05,2026-07-20 00:26:44.317-05,B,99,Plates: Wash,,legacy
207,2026-07-20 00:26:44.317-05,2026-07-20 03:59:19.036-05,G,150,Run Production,,legacy
207,2026-07-20 03:59:19.036-05,2026-07-20 04:11:21.716-05,B,83,Drum: Clean,,legacy
207,2026-07-20 04:11:21.716-05,2026-07-20 04:24:24.522-05,B,354,Housekeeping,,legacy
207,2026-07-20 04:24:24.522-05,2026-07-20 04:55:29.633-05,G,150,Run Production,,legacy
207,2026-07-20 04:55:29.633-05,2026-07-20 04:58:30.047-05,B,95,Press Problem / Impression,,legacy
207,2026-07-20 04:58:30.047-05,2026-07-20 05:29:33.991-05,G,150,Run Production,,legacy
207,2026-07-20 05:29:33.991-05,2026-07-20 05:44:35.875-05,B,82,Dr. Blade Change,,legacy
207,2026-07-20 05:44:35.875-05,2026-07-20 05:47:36.232-05,G,150,Run Production,,legacy
207,2026-07-20 05:47:36.232-05,2026-07-20 06:05:38.343-05,B,83,Drum: Clean,,legacy
207,2026-07-20 06:05:38.343-05,2026-07-20 06:15:39.615-05,B,82,Dr. Blade Change,,legacy
207,2026-07-20 06:15:39.615-05,2026-07-20 06:18:40.061-05,B,83,Drum: Clean,,legacy
207,2026-07-20 06:18:40.061-05,2026-07-20 06:57:44.999-05,G,150,Run Production,,legacy
207,2026-07-20 06:57:44.999-05,2026-07-20 07:21:48.118-05,B,64,Mech - Press Other,,legacy
207,2026-07-20 07:21:48.118-05,2026-07-20 08:31:56.678-05,G,150,Run Production,,legacy
207,2026-07-20 08:31:56.678-05,2026-07-20 08:41:58.391-05,B,95,Press Problem / Impression,,legacy
207,2026-07-20 08:41:58.391-05,2026-07-20 08:46:59.423-05,G,150,Run Production,,legacy
207,2026-07-20 08:46:59.423-05,2026-07-20 09:27:08.17-05,B,95,Press Problem / Impression,,legacy
207,2026-07-20 09:27:08.17-05,2026-07-20 15:39:07.589-05,G,150,Run Production,,legacy
207,2026-07-20 15:39:07.589-05,2026-07-20 15:40:07.781-05,B,450,Non Productive,,legacy
207,2026-07-20 15:40:07.781-05,2026-07-20 16:19:16.444-05,M,48,Make Ready Sleeves,,legacy
207,2026-07-20 16:19:16.444-05,2026-07-20 16:20:16.701-05,B,139,Rewind Material,,legacy
207,2026-07-20 16:20:16.701-05,2026-07-20 17:45:31.971-05,M,48,Make Ready Sleeves,,legacy
207,2026-07-20 17:45:31.971-05,2026-07-20 18:04:34.377-05,B,64,Mech - Press Other,,legacy
207,2026-07-20 18:04:34.377-05,2026-07-20 18:30:37.771-05,M,48,Make Ready Sleeves,,legacy
207,2026-07-20 18:30:37.771-05,2026-07-20 18:43:39.491-05,B,82,Dr. Blade Change,,legacy
207,2026-07-20 18:43:39.491-05,2026-07-20 18:58:41.342-05,M,47,Make Ready - Time Required to Setup Job,,legacy
207,2026-07-20 18:58:41.342-05,2026-07-20 19:07:42.387-05,B,41-1,Maintenance - Mechanical,,legacy
207,2026-07-20 19:07:42.387-05,2026-07-20 20:22:52.094-05,M,47,Make Ready - Time Required to Setup Job,,legacy
207,2026-07-20 20:22:52.094-05,2026-07-21 04:25:12.812-05,G,150,Run Production,,legacy
207,2026-07-21 04:25:12.812-05,2026-07-21 04:41:16.496-05,B,354,Housekeeping,,legacy
207,2026-07-21 04:41:16.496-05,2026-07-21 05:36:28.288-05,G,150,Run Production,,legacy
207,2026-07-21 05:36:28.288-05,2026-07-21 05:37:28.408-05,B,95,Press Problem / Impression,,legacy
207,2026-07-21 05:37:28.408-05,2026-07-21 09:59:24.138-05,G,150,Run Production,,legacy
207,2026-07-21 09:59:24.138-05,2026-07-21 10:46:32.05-05,B,82,Dr. Blade Change,,legacy
207,2026-07-21 10:46:32.05-05,2026-07-21 16:27:30.564-05,G,150,Run Production,,legacy
207,2026-07-21 16:27:30.564-05,2026-07-21 18:20:45.442-05,M,48,Make Ready Sleeves,,legacy
207,2026-07-21 18:20:45.442-05,2026-07-21 19:16:53.47-05,M,47,Make Ready - Time Required to Setup Job,,legacy
207,2026-07-21 19:16:53.47-05,2026-07-21 19:33:55.436-05,B,41-1,Maintenance - Mechanical,,legacy
207,2026-07-21 19:33:55.436-05,2026-07-21 19:53:58.376-05,M,47,Make Ready - Time Required to Setup Job,,legacy
207,2026-07-21 19:53:58.376-05,2026-07-22 01:00:51.552-05,G,150,Run Production,,legacy
207,2026-07-22 01:00:51.552-05,2026-07-22 01:03:52.06-05,B,99,Plates: Wash,,legacy
207,2026-07-22 01:03:52.06-05,2026-07-22 03:57:28.018-05,G,150,Run Production,,legacy
207,2026-07-22 03:57:28.018-05,2026-07-22 04:03:28.872-05,M,48,Make Ready Sleeves,,legacy
207,2026-07-22 04:03:28.872-05,2026-07-22 05:09:38.758-05,M,47,Make Ready - Time Required to Setup Job,,legacy
207,2026-07-22 05:09:38.758-05,2026-07-22 07:34:02.39-05,G,150,Run Production,,legacy
207,2026-07-22 07:34:02.39-05,2026-07-22 07:35:02.625-05,M,47,Make Ready - Time Required to Setup Job,,legacy
207,2026-07-22 07:35:02.625-05,2026-07-22 09:17:28.225-05,M,48,Make Ready Sleeves,,legacy
207,2026-07-22 09:17:28.225-05,2026-07-22 09:27:30.103-05,B,82,Dr. Blade Change,,legacy
207,2026-07-22 09:27:30.103-05,2026-07-22 10:14:38.419-05,M,47,Make Ready - Time Required to Setup Job,,legacy
207,2026-07-22 10:14:38.419-05,2026-07-22 11:16:49.203-05,G,150,Run Production,,legacy
207,2026-07-22 11:16:49.203-05,2026-07-22 11:26:51.237-05,B,99,Plates: Wash,,legacy
207,2026-07-22 11:26:51.237-05,2026-07-22 13:00:11.325-05,G,150,Run Production,,legacy
207,2026-07-22 13:00:11.325-05,2026-07-22 13:26:18.183-05,M,48,Make Ready Sleeves,,legacy
207,2026-07-22 13:26:18.183-05,2026-07-22 14:17:29.979-05,B,450,Non Productive,,legacy
207,2026-07-22 14:17:29.979-05,2026-07-22 15:40:42.521-05,B,29,Electrical: Press Other,,legacy
207,2026-07-22 15:40:42.521-05,2026-07-22 16:55:53.908-05,M,47,Make Ready - Time Required to Setup Job,,legacy
207,2026-07-22 16:55:53.908-05,2026-07-22 18:01:06.787-05,G,150,Run Production,,legacy
207,2026-07-22 18:01:06.787-05,2026-07-22 18:07:08.276-05,B,95,Press Problem / Impression,,legacy
207,2026-07-22 18:07:08.276-05,2026-07-24 16:36:00.171-05,G,150,Run Production,,legacy
207,2026-07-24 16:36:00.171-05,2026-07-24 16:57:04.775-05,B,83,Drum: Clean,,legacy
207,2026-07-24 16:57:04.775-05,2026-07-24 20:26:52.352-05,G,150,Run Production,,legacy
207,2026-07-24 20:26:52.352-05,2026-07-24 20:36:54.658-05,B,450,Non Productive,,legacy
207,2026-07-24 20:36:54.658-05,2026-07-24 22:13:17.543-05,M,48,Make Ready Sleeves,,legacy
207,2026-07-24 22:13:17.543-05,2026-07-24 22:52:26.224-05,M,47,Make Ready - Time Required to Setup Job,,legacy
207,2026-07-24 22:52:26.224-05,2026-07-24 22:53:26.477-05,B,41-2,Maintenance - Electrical,,legacy
207,2026-07-24 22:53:26.477-05,2026-07-24 23:03:28.774-05,M,48,Make Ready Sleeves,,legacy
207,2026-07-24 23:03:28.774-05,2026-07-24 23:22:33.017-05,M,47,Make Ready - Time Required to Setup Job,,legacy
207,2026-07-24 23:22:33.017-05,2026-07-24 23:42:37.662-05,B,99,Plates: Wash,,legacy
207,2026-07-24 23:42:37.662-05,2026-07-25 00:20:46.269-05,M,47,Make Ready - Time Required to Setup Job,,legacy
207,2026-07-25 00:20:46.269-05,2026-07-25 01:38:02.741-05,M,47-19,Make Ready Sleeve Low Spot,,legacy
207,2026-07-25 01:38:02.741-05,2026-07-25 02:04:08.604-05,B,99,Plates: Wash,,legacy
207,2026-07-25 02:04:08.604-05,2026-07-25 03:21:25.892-05,G,150,Run Production,,legacy
207,2026-07-25 03:21:25.892-05,2026-07-25 03:37:29.489-05,B,95,Press Problem / Impression,,legacy
207,2026-07-25 03:37:29.489-05,2026-07-25 04:10:36.952-05,B,82,Dr. Blade Change,,legacy
207,2026-07-25 04:10:36.952-05,2026-07-25 04:38:43.017-05,B,95,Press Problem / Impression,,legacy
207,2026-07-25 04:38:43.017-05,2026-07-25 05:24:53.309-05,B,354,Housekeeping,,legacy
207,2026-07-25 05:24:53.309-05,2026-07-25 10:52:08.42-05,M,47-22,MR Plate Damage in Press,,legacy
207,2026-07-25 10:52:08.42-05,2026-07-25 20:02:15.801-05,G,150,Run Production,,legacy
207,2026-07-25 20:02:15.801-05,2026-07-25 20:21:19.837-05,B,82,Dr. Blade Change,,legacy
207,2026-07-25 20:21:19.837-05,2026-07-25 20:41:24.562-05,G,150,Run Production,,legacy
207,2026-07-25 20:41:24.562-05,2026-07-25 20:58:28.498-05,M,16,Make Ready,,legacy
207,2026-07-25 20:58:28.498-05,2026-07-25 22:13:45.723-05,G,150,Run Production,,legacy
207,2026-07-25 22:13:45.723-05,2026-07-25 22:28:48.917-05,G,20,Run,,legacy
207,2026-07-25 22:28:48.917-05,2026-07-25 22:39:51.256-05,G,150,Run Production,,legacy
207,2026-07-25 22:39:51.256-05,2026-07-25 22:40:51.5-05,G,20,Run,,legacy
207,2026-07-25 22:40:51.5-05,2026-07-25 22:46:52.752-05,B,301,Cambio de Rollo,,legacy
207,2026-07-25 22:46:52.752-05,2026-07-25 22:54:55.198-05,G,20,Run,,legacy
207,2026-07-25 22:54:55.198-05,2026-07-25 22:57:55.79-05,G,150,Run Production,,legacy
207,2026-07-25 22:57:55.79-05,2026-07-25 23:08:58.218-05,G,20,Run,,legacy
207,2026-07-25 23:08:58.218-05,2026-07-25 23:10:58.647-05,B,301,Cambio de Rollo,,legacy
207,2026-07-25 23:10:58.647-05,2026-07-25 23:25:02.111-05,G,20,Run,,legacy
207,2026-07-25 23:25:02.111-05,2026-07-25 23:38:05.118-05,G,150,Run Production,,legacy
207,2026-07-25 23:38:05.118-05,2026-07-25 23:45:06.748-05,B,301,Cambio de Rollo,,legacy
207,2026-07-25 23:45:06.748-05,2026-07-25 23:52:08.248-05,G,20,Run,,legacy
207,2026-07-25 23:52:08.248-05,2026-07-26 00:03:10.557-05,G,150,Run Production,,legacy
207,2026-07-26 00:03:10.557-05,2026-07-26 00:13:12.759-05,G,20,Run,,legacy
207,2026-07-26 00:13:12.759-05,2026-07-26 00:15:13.176-05,B,301,Cambio de Rollo,,legacy
207,2026-07-26 00:15:13.176-05,2026-07-26 00:25:15.299-05,G,20,Run,,legacy
207,2026-07-26 00:25:15.299-05,2026-07-26 00:34:17.234-05,G,150,Run Production,,legacy
207,2026-07-26 00:34:17.234-05,2026-07-26 00:51:21.095-05,G,20,Run,,legacy
207,2026-07-26 00:51:21.095-05,2026-07-26 00:54:21.723-05,B,301,Cambio de Rollo,,legacy
207,2026-07-26 00:54:21.723-05,2026-07-26 01:18:27.437-05,G,20,Run,,legacy
207,2026-07-26 01:18:27.437-05,2026-07-26 01:21:28.136-05,B,301,Cambio de Rollo,,legacy
207,2026-07-26 01:21:28.136-05,2026-07-26 01:22:28.37-05,G,20,Run,,legacy
207,2026-07-26 01:22:28.37-05,2026-07-26 01:25:29.007-05,G,150,Run Production,,legacy
207,2026-07-26 01:25:29.007-05,2026-07-26 01:48:34.169-05,G,20,Run,,legacy
207,2026-07-26 01:48:34.169-05,2026-07-26 01:50:34.537-05,B,301,Cambio de Rollo,,legacy
207,2026-07-26 01:50:34.537-05,2026-07-26 01:56:35.795-05,G,20,Run,,legacy
207,2026-07-26 01:56:35.795-05,2026-07-26 02:50:47.564-05,G,150,Run Production,,legacy
207,2026-07-26 02:50:47.564-05,2026-07-26 03:04:50.979-05,G,20,Run,,legacy
207,2026-07-26 03:04:50.979-05,2026-07-26 03:10:52.263-05,B,301,Cambio de Rollo,,legacy
207,2026-07-26 03:10:52.263-05,2026-07-26 03:20:54.595-05,G,20,Run,,legacy
207,2026-07-26 03:20:54.595-05,2026-07-26 03:26:55.81-05,G,150,Run Production,,legacy
207,2026-07-26 03:26:55.81-05,2026-07-26 03:28:56.255-05,G,20,Run,,legacy
207,2026-07-26 03:28:56.255-05,2026-07-26 03:34:57.537-05,G,150,Run Production,,legacy
207,2026-07-26 03:34:57.537-05,2026-07-26 03:50:01.137-05,G,20,Run,,legacy
207,2026-07-26 03:50:01.137-05,2026-07-26 03:53:01.846-05,B,301,Cambio de Rollo,,legacy
207,2026-07-26 03:53:01.846-05,2026-07-26 03:57:02.741-05,G,20,Run,,legacy
207,2026-07-26 03:57:02.741-05,2026-07-26 04:06:04.775-05,G,150,Run Production,,legacy
207,2026-07-26 04:06:04.775-05,2026-07-26 04:25:09.096-05,G,20,Run,,legacy
207,2026-07-26 04:25:09.096-05,2026-07-26 04:27:09.589-05,G,150,Run Production,,legacy
207,2026-07-26 04:27:09.589-05,2026-07-26 04:30:10.191-05,B,301,Cambio de Rollo,,legacy
207,2026-07-26 04:30:10.191-05,2026-07-26 04:42:13.045-05,G,20,Run,,legacy
207,2026-07-26 04:42:13.045-05,2026-07-26 04:53:15.51-05,G,150,Run Production,,legacy
207,2026-07-26 04:53:15.51-05,2026-07-26 04:54:15.755-05,B,354,Housekeeping,,legacy
207,2026-07-26 04:54:15.755-05,2026-07-26 04:55:15.95-05,G,20,Run,,legacy
207,2026-07-26 04:55:15.95-05,2026-07-26 04:56:16.169-05,B,301,Cambio de Rollo,,legacy
207,2026-07-26 04:56:16.169-05,2026-07-26 05:03:17.97-05,G,20,Run,,legacy
207,2026-07-26 05:03:17.97-05,2026-07-26 05:05:18.426-05,G,150,Run Production,,legacy
207,2026-07-26 05:05:18.426-05,2026-07-26 05:23:22.315-05,G,20,Run,,legacy
207,2026-07-26 05:23:22.315-05,2026-07-26 05:25:22.771-05,B,301,Cambio de Rollo,,legacy
207,2026-07-26 05:25:22.771-05,2026-07-26 05:32:24.687-05,G,20,Run,,legacy
207,2026-07-26 05:32:24.687-05,2026-07-26 05:36:25.578-05,G,150,Run Production,,legacy
207,2026-07-26 05:36:25.578-05,2026-07-26 05:44:27.365-05,G,20,Run,,legacy
207,2026-07-26 05:44:27.365-05,2026-07-26 06:15:34.521-05,G,150,Run Production,,legacy
207,2026-07-26 06:15:34.521-05,2026-07-26 06:24:36.516-05,G,20,Run,,legacy
207,2026-07-26 06:24:36.516-05,2026-07-26 06:27:37.247-05,B,301,Cambio de Rollo,,legacy
207,2026-07-26 06:27:37.247-05,2026-07-26 06:33:38.628-05,G,150,Run Production,,legacy
207,2026-07-26 06:33:38.628-05,2026-07-26 06:42:40.564-05,G,20,Run,,legacy
207,2026-07-26 06:42:40.564-05,2026-07-26 06:49:42.193-05,G,150,Run Production,,legacy
207,2026-07-26 06:49:42.193-05,2026-07-26 06:55:43.76-05,G,20,Run,,legacy
207,2026-07-26 06:55:43.76-05,2026-07-26 06:56:43.977-05,B,301,Cambio de Rollo,,legacy
207,2026-07-26 06:56:43.977-05,2026-07-26 07:02:45.228-05,G,150,Run Production,,legacy
207,2026-07-26 07:02:45.228-05,2026-07-26 07:10:47.092-05,G,20,Run,,legacy
207,2026-07-26 07:10:47.092-05,2026-07-26 07:11:47.318-05,G,150,Run Production,,legacy
207,2026-07-26 07:11:47.318-05,2026-07-26 07:24:50.176-05,G,20,Run,,legacy
207,2026-07-26 07:24:50.176-05,2026-07-26 07:25:50.356-05,G,150,Run Production,,legacy
207,2026-07-26 07:25:50.356-05,2026-07-26 07:26:50.561-05,B,450,Non Productive,,legacy
207,2026-07-26 07:26:50.561-05,2026-07-26 09:03:11.562-05,M,48,Make Ready Sleeves,,legacy
207,2026-07-26 09:03:11.562-05,2026-07-26 11:23:42.241-05,M,47,Make Ready - Time Required to Setup Job,,legacy
207,2026-07-26 11:23:42.241-05,2026-07-26 12:57:03.33-05,G,150,Run Production,,legacy
207,2026-07-26 12:57:03.33-05,2026-07-26 14:29:24.189-05,B,95,Press Problem / Impression,,legacy
207,2026-07-26 14:29:24.189-05,2026-07-26 16:46:55.301-05,G,150,Run Production,,legacy
207,2026-07-26 16:46:55.301-05,2026-07-26 16:53:56.864-05,B,354,Housekeeping,,legacy
207,2026-07-26 16:53:56.864-05,2026-07-26 20:15:42.563-05,G,150,Run Production,,legacy
207,2026-07-26 20:15:42.563-05,2026-07-26 20:24:45.048-05,B,450,Non Productive,,legacy
207,2026-07-26 20:24:45.048-05,2026-07-26 20:45:50.493-05,M,48,Make Ready Sleeves,,legacy
207,2026-07-26 20:45:50.493-05,2026-07-26 21:12:56.424-05,B,41-1,Maintenance - Mechanical,,legacy
207,2026-07-26 21:12:56.424-05,2026-07-26 22:02:07.268-05,M,47,Make Ready - Time Required to Setup Job,,legacy
207,2026-07-26 22:02:07.268-05,2026-07-26 22:18:10.571-05,M,47-19,Make Ready Sleeve Low Spot,,legacy
207,2026-07-26 22:18:10.571-05,2026-07-26 22:49:17.841-05,G,150,Run Production,,legacy
207,2026-07-26 22:49:17.841-05,2026-07-26 22:57:19.535-05,B,41-1,Maintenance - Mechanical,,legacy
207,2026-07-26 22:57:19.535-05,2026-07-27 04:29:35.934-05,G,150,Run Production,,legacy
207,2026-07-27 04:29:35.934-05,2026-07-27 04:54:41.793-05,B,354,Housekeeping,,legacy
207,2026-07-27 04:54:41.793-05,2026-07-27 06:27:02.566-05,G,150,Run Production,,legacy
207,2026-07-27 06:27:02.566-05,2026-07-27 07:12:12.505-05,B,82,Dr. Blade Change,,legacy
207,2026-07-27 07:12:12.505-05,2026-07-27 13:30:39.117-05,G,150,Run Production,,legacy
207,2026-07-27 13:30:39.117-05,2026-07-27 13:31:39.348-05,B,124,Substrate - Optics,,legacy
207,2026-07-27 13:31:39.348-05,2026-07-27 13:32:39.532-05,B,139,Rewind Material,,legacy
207,2026-07-27 13:32:39.532-05,2026-07-27 13:34:39.965-05,G,150,Run Production,,legacy
207,2026-07-27 13:34:39.965-05,2026-07-27 13:38:40.739-05,M,47-12,Make Ready Wait for Film,,legacy
207,2026-07-27 13:38:40.739-05,2026-07-27 13:45:42.351-05,B,350,Roll Change,,legacy
207,2026-07-27 13:45:42.351-05,2026-07-27 14:27:51.542-05,G,150,Run Production,,legacy
207,2026-07-27 14:27:51.542-05,2026-07-27 14:28:51.766-05,B,450,Non Productive,,legacy
207,2026-07-27 14:28:51.766-05,2026-07-27 14:52:57.285-05,M,48,Make Ready Sleeves,,legacy
207,2026-07-27 14:52:57.285-05,2026-07-27 14:57:58.705-05,M,80,Anilox: Change,,legacy
207,2026-07-27 14:57:58.705-05,2026-07-27 15:30:06.185-05,B,29,Electrical: Press Other,,legacy
207,2026-07-27 15:30:06.185-05,2026-07-27 15:35:07.213-05,M,47,Make Ready - Time Required to Setup Job,,legacy
207,2026-07-27 15:35:07.213-05,2026-07-27 15:49:10.785-05,B,82,Dr. Blade Change,,legacy
207,2026-07-27 15:49:10.785-05,2026-07-27 17:12:29.764-05,M,47,Make Ready - Time Required to Setup Job,,legacy
207,2026-07-27 17:12:29.764-05,2026-07-27 17:49:37.789-05,B,354,Housekeeping,,legacy
207,2026-07-27 17:49:37.789-05,2026-07-27 19:21:58.114-05,M,47,Make Ready - Time Required to Setup Job,,legacy
207,2026-07-27 19:21:58.114-05,2026-07-27 19:47:04.036-05,B,41-1,Maintenance - Mechanical,,legacy
207,2026-07-27 19:47:04.036-05,2026-07-27 20:09:08.904-05,B,126,Substrate - Web Break,,legacy
207,2026-07-27 20:09:08.904-05,2026-07-27 21:41:30.78-05,M,47,Make Ready - Time Required to Setup Job,,legacy
207,2026-07-27 21:41:30.78-05,2026-07-27 22:43:44.88-05,G,150,Run Production,,legacy
207,2026-07-27 22:43:44.88-05,2026-07-27 22:45:45.274-05,B,450,Non Productive,,legacy
207,2026-07-27 22:45:45.274-05,2026-07-28 00:25:07.471-05,M,48,Make Ready Sleeves,,legacy
207,2026-07-28 00:25:07.471-05,2026-07-28 00:55:13.716-05,M,47,Make Ready - Time Required to Setup Job,,legacy
207,2026-07-28 00:55:13.716-05,2026-07-28 01:43:24.449-05,G,150,Run Production,,legacy
207,2026-07-28 01:43:24.449-05,2026-07-28 01:44:24.661-05,B,95,Press Problem / Impression,,legacy
207,2026-07-28 01:44:24.661-05,2026-07-28 01:54:26.913-05,G,150,Run Production,,legacy
207,2026-07-28 01:54:26.913-05,2026-07-28 02:12:30.867-05,B,450,Non Productive,,legacy
207,2026-07-28 02:12:30.867-05,2026-07-28 04:12:57.94-05,B,125,Substrate - Other,,legacy
207,2026-07-28 04:12:57.94-05,2026-07-28 05:13:11.585-05,B,354,Housekeeping,,legacy
207,2026-07-28 05:13:11.585-05,2026-07-28 05:54:20.615-05,M,47,Make Ready - Time Required to Setup Job,,legacy
207,2026-07-28 05:54:20.615-05,2026-07-28 05:55:20.822-05,M,48,Make Ready Sleeves,,legacy
207,2026-07-28 05:55:20.822-05,2026-07-28 06:16:25.76-05,B,82,Dr. Blade Change,,legacy
207,2026-07-28 06:16:25.76-05,2026-07-28 06:24:27.775-05,B,354,Housekeeping,,legacy
207,2026-07-28 06:24:27.775-05,2026-07-28 07:17:40.454-05,M,47,Make Ready - Time Required to Setup Job,,legacy
207,2026-07-28 07:17:40.454-05,2026-07-28 07:51:47.968-05,M,85,Make Ready - Color Match,,legacy
207,2026-07-28 07:51:47.968-05,2026-07-28 08:00:50.004-05,G,150,Run Production,,legacy
207,2026-07-28 08:00:50.004-05,2026-07-28 08:09:52.153-05,B,99,Plates: Wash,,legacy
207,2026-07-28 08:09:52.153-05,2026-07-28 11:33:37.137-05,G,150,Run Production,,legacy
207,2026-07-28 11:33:37.137-05,2026-07-28 11:40:38.666-05,B,99,Plates: Wash,,legacy
207,2026-07-28 11:40:38.666-05,2026-07-28 14:17:13.758-05,G,150,Run Production,,legacy
207,2026-07-28 14:17:13.758-05,2026-07-28 14:21:14.558-05,M,48,Make Ready Sleeves,,legacy
207,2026-07-28 14:21:14.558-05,2026-07-28 14:31:16.582-05,B,82,Dr. Blade Change,,legacy
207,2026-07-28 14:31:16.582-05,2026-07-28 14:38:18.039-05,M,48,Make Ready Sleeves,,legacy
207,2026-07-28 14:38:18.039-05,2026-07-28 14:40:18.483-05,B,82,Dr. Blade Change,,legacy
207,2026-07-28 14:40:18.483-05,2026-07-28 15:13:26.165-05,M,48,Make Ready Sleeves,,legacy
207,2026-07-28 15:13:26.165-05,2026-07-28 15:51:35.919-05,M,47,Make Ready - Time Required to Setup Job,,legacy
207,2026-07-28 15:51:35.919-05,2026-07-28 15:54:36.657-05,M,85,Make Ready - Color Match,,legacy
207,2026-07-28 15:54:36.657-05,2026-07-28 16:19:42.316-05,M,47,Make Ready - Time Required to Setup Job,,legacy
207,2026-07-28 16:19:42.316-05,2026-07-28 17:00:51.272-05,G,150,Run Production,,legacy
207,2026-07-28 17:00:51.272-05,2026-07-28 17:01:51.479-05,M,47,Make Ready - Time Required to Setup Job,,legacy
207,2026-07-28 17:01:51.479-05,2026-07-28 17:23:56.463-05,G,150,Run Production,,legacy
207,2026-07-28 17:23:56.463-05,2026-07-28 17:24:56.625-05,M,48,Make Ready Sleeves,,legacy
207,2026-07-28 17:24:56.625-05,2026-07-28 17:43:00.382-05,B,354,Housekeeping,,legacy
207,2026-07-28 17:43:00.382-05,2026-07-28 18:03:05.291-05,M,48,Make Ready Sleeves,,legacy
207,2026-07-28 18:03:05.291-05,2026-07-28 18:21:09.527-05,B,82,Dr. Blade Change,,legacy
207,2026-07-28 18:21:09.527-05,2026-07-28 18:59:17.97-05,M,48,Make Ready Sleeves,,legacy
207,2026-07-28 18:59:17.97-05,2026-07-28 19:12:20.658-05,B,41-1,Maintenance - Mechanical,,legacy
207,2026-07-28 19:12:20.658-05,2026-07-28 19:26:23.771-05,M,47,Make Ready - Time Required to Setup Job,,legacy
207,2026-07-28 19:26:23.771-05,2026-07-28 20:31:39.181-05,B,88,Pump Problem,,legacy
207,2026-07-28 20:31:39.181-05,2026-07-28 21:18:49.632-05,M,47,Make Ready - Time Required to Setup Job,,legacy
207,2026-07-28 21:18:49.632-05,2026-07-28 21:30:52.242-05,M,80,Anilox: Change,,legacy
207,2026-07-28 21:30:52.242-05,2026-07-28 21:49:56.16-05,M,47,Make Ready - Time Required to Setup Job,,legacy
207,2026-07-28 21:49:56.16-05,2026-07-28 21:50:56.362-05,B,145-99,Other,,legacy
207,2026-07-28 21:50:56.362-05,2026-07-28 22:05:00.005-05,M,47-7,Make Ready Ink Contamination,,legacy
207,2026-07-28 22:05:00.005-05,2026-07-28 23:10:15.319-05,M,47,Make Ready - Time Required to Setup Job,,legacy
207,2026-07-28 23:10:15.319-05,2026-07-29 00:17:30.343-05,G,150,Run Production,,legacy
207,2026-07-29 00:17:30.343-05,2026-07-29 00:27:32.469-05,B,99,Plates: Wash,,legacy
207,2026-07-29 00:27:32.469-05,2026-07-29 00:48:37.551-05,G,150,Run Production,,legacy
207,2026-07-29 00:48:37.551-05,2026-07-29 00:50:37.987-05,B,450,Non Productive,,legacy
207,2026-07-29 00:50:37.987-05,2026-07-29 03:00:07.006-05,M,48,Make Ready Sleeves,,legacy
207,2026-07-29 03:00:07.006-05,2026-07-29 03:07:08.614-05,M,47,Make Ready - Time Required to Setup Job,,legacy
207,2026-07-29 03:07:08.614-05,2026-07-29 03:34:15.01-05,M,47-21,MR - Wait for Plates/Mounting,,legacy
207,2026-07-29 03:34:15.01-05,2026-07-29 03:51:18.6-05,M,47,Make Ready - Time Required to Setup Job,,legacy
207,2026-07-29 03:51:18.6-05,2026-07-29 03:58:20.825-05,B,99,Plates: Wash,,legacy
207,2026-07-29 03:58:20.825-05,2026-07-29 04:44:32.053-05,M,47,Make Ready - Time Required to Setup Job,,legacy
207,2026-07-29 04:44:32.053-05,2026-07-29 05:17:39.927-05,B,354,Housekeeping,,legacy
207,2026-07-29 05:17:39.927-05,2026-07-29 05:31:43.32-05,M,80,Anilox: Change,,legacy
207,2026-07-29 05:31:43.32-05,2026-07-29 06:17:53.673-05,M,47,Make Ready - Time Required to Setup Job,,legacy
207,2026-07-29 06:17:53.673-05,2026-07-29 06:52:01.408-05,B,82,Dr. Blade Change,,legacy
207,2026-07-29 06:52:01.408-05,2026-07-29 07:25:09.428-05,M,47,Make Ready - Time Required to Setup Job,,legacy
207,2026-07-29 07:25:09.428-05,2026-07-29 07:47:14.442-05,G,150,Run Production,,legacy
207,2026-07-29 07:47:14.442-05,2026-07-29 07:51:15.353-05,B,95,Press Problem / Impression,,legacy
207,2026-07-29 07:51:15.353-05,2026-07-29 08:34:25.692-05,G,150,Run Production,,legacy
207,2026-07-29 08:34:25.692-05,2026-07-29 08:39:26.884-05,B,95,Press Problem / Impression,,legacy
207,2026-07-29 08:39:26.884-05,2026-07-29 08:47:28.644-05,G,150,Run Production,,legacy
207,2026-07-29 08:47:28.644-05,2026-07-29 08:48:28.931-05,M,47,Make Ready - Time Required to Setup Job,,legacy
207,2026-07-29 08:48:28.931-05,2026-07-29 11:24:04.523-05,G,150,Run Production,,legacy
207,2026-07-29 11:24:04.523-05,2026-07-29 11:30:05.852-05,B,99,Plates: Wash,,legacy
207,2026-07-29 11:30:05.852-05,2026-07-29 14:18:44.386-05,G,150,Run Production,,legacy
207,2026-07-29 14:18:44.386-05,2026-07-29 14:54:52.397-05,B,89,Ink: Wait On,,legacy
207,2026-07-29 14:54:52.397-05,2026-07-29 17:23:30.225-05,G,150,Run Production,,legacy
207,2026-07-29 17:23:30.225-05,2026-07-29 17:44:34.969-05,B,41-2,Maintenance - Electrical,,legacy
207,2026-07-29 17:44:34.969-05,2026-07-29 17:52:37.444-05,B,82,Dr. Blade Change,,legacy
207,2026-07-29 17:52:37.444-05,2026-07-29 18:03:39.849-05,G,150,Run Production,,legacy
207,2026-07-29 18:03:39.849-05,2026-07-29 18:04:40.07-05,B,450,Non Productive,,legacy
207,2026-07-29 18:04:40.07-05,2026-07-29 18:36:47.579-05,B,145-99,Other,,legacy
207,2026-07-29 18:36:47.579-05,2026-07-29 19:06:54.23-05,G,150,Run Production,,legacy
207,2026-07-29 19:06:54.23-05,2026-07-29 19:24:58.453-05,B,99,Plates: Wash,,legacy
207,2026-07-29 19:24:58.453-05,2026-07-29 21:49:32.367-05,G,150,Run Production,,legacy
207,2026-07-29 21:49:32.367-05,2026-07-29 22:23:39.792-05,B,145-98,Quality Hold,,legacy
207,2026-07-29 22:23:39.792-05,2026-07-29 22:40:43.676-05,B,82,Dr. Blade Change,,legacy
207,2026-07-29 22:40:43.676-05,2026-07-30 00:14:04.076-05,G,150,Run Production,,legacy
207,2026-07-30 00:14:04.076-05,2026-07-30 00:33:08.408-05,B,99,Plates: Wash,,legacy
207,2026-07-30 00:33:08.408-05,2026-07-30 10:28:33.496-05,G,150,Run Production,,legacy
207,2026-07-30 10:28:33.496-05,2026-07-30 11:08:43.135-05,M,48,Make Ready Sleeves,,legacy
207,2026-07-30 11:08:43.135-05,2026-07-30 11:27:47.861-05,M,47,Make Ready - Time Required to Setup Job,,legacy
207,2026-07-30 11:27:47.861-05,2026-07-30 11:51:54.034-05,B,82,Dr. Blade Change,,legacy
207,2026-07-30 11:51:54.034-05,2026-07-30 12:46:11.22-05,M,47,Make Ready - Time Required to Setup Job,,legacy
207,2026-07-30 12:46:11.22-05,2026-07-30 13:00:14.403-05,M,47-14,MR Anilox Change (Low volume),,legacy
207,2026-07-30 13:00:14.403-05,2026-07-30 13:44:24.351-05,B,145-99,Other,,legacy
207,2026-07-30 13:44:24.351-05,2026-07-30 13:50:26.374-05,M,47,Make Ready - Time Required to Setup Job,,legacy
207,2026-07-30 13:50:26.374-05,2026-07-30 14:31:36.124-05,M,47-14,MR Anilox Change (Low volume),,legacy
207,2026-07-30 14:31:36.124-05,2026-07-30 14:52:41.511-05,G,150,Run Production,,legacy
207,2026-07-30 14:52:41.511-05,2026-07-30 15:17:47.66-05,B,83,Drum: Clean,,legacy
207,2026-07-30 15:17:47.66-05,2026-07-30 17:31:19.593-05,G,150,Run Production,,legacy
207,2026-07-30 17:31:19.593-05,2026-07-30 17:32:19.831-05,M,47,Make Ready - Time Required to Setup Job,,legacy
207,2026-07-30 17:32:19.831-05,2026-07-30 17:37:20.834-05,G,150,Run Production,,legacy
207,2026-07-30 17:37:20.834-05,2026-07-30 17:46:22.992-05,B,99,Plates: Wash,,legacy
207,2026-07-30 17:46:22.992-05,2026-07-30 19:07:42.626-05,G,150,Run Production,,legacy
207,2026-07-30 19:07:42.626-05,2026-07-30 19:11:43.526-05,B,95,Press Problem / Impression,,legacy
207,2026-07-30 19:11:43.526-05,2026-07-30 19:28:47.37-05,B,99,Plates: Wash,,legacy
207,2026-07-30 19:28:47.37-05,2026-07-30 22:02:21.999-05,G,150,Run Production,,legacy
207,2026-07-30 22:02:21.999-05,2026-07-30 22:15:25.294-05,B,99,Plates: Wash,,legacy
207,2026-07-30 22:15:25.294-05,2026-07-30 22:48:33.351-05,G,150,Run Production,,legacy
207,2026-07-30 22:48:33.351-05,2026-07-30 23:02:36.447-05,B,99,Plates: Wash,,legacy
207,2026-07-30 23:02:36.447-05,2026-07-30 23:34:43.555-05,G,150,Run Production,,legacy
207,2026-07-30 23:34:43.555-05,2026-07-30 23:53:48.291-05,B,95,Press Problem / Impression,,legacy
207,2026-07-30 23:53:48.291-05,2026-07-31 00:00:49.826-05,G,150,Run Production,,legacy
207,2026-07-31 00:00:49.826-05,2026-07-31 00:01:50.06-05,B,145-2,Poor Print,,legacy
207,2026-07-31 00:01:50.06-05,2026-07-31 04:33:55.296-05,G,150,Run Production,,legacy
207,2026-07-31 04:33:55.296-05,2026-07-31 04:54:59.769-05,B,354,Housekeeping,,legacy
207,2026-07-31 04:54:59.769-05,2026-07-31 05:34:08.266-05,G,150,Run Production,,legacy
207,2026-07-31 05:34:08.266-05,2026-07-31 05:46:10.975-05,B,99,Plates: Wash,,legacy
207,2026-07-31 05:46:10.975-05,2026-07-31 06:51:26.563-05,G,150,Run Production,,legacy
207,2026-07-31 06:51:26.563-05,2026-07-31 07:03:29.356-05,B,95,Press Problem / Impression,,legacy
207,2026-07-31 07:03:29.356-05,2026-07-31 08:17:46.271-05,G,150,Run Production,,legacy
207,2026-07-31 08:17:46.271-05,2026-07-31 08:24:47.882-05,B,82,Dr. Blade Change,,legacy
207,2026-07-31 08:24:47.882-05,2026-07-31 08:41:51.787-05,B,450,Non Productive,,legacy
207,2026-07-31 08:41:51.787-05,2026-07-31 09:10:58.86-05,M,48,Make Ready Sleeves,,legacy
207,2026-07-31 09:10:58.86-05,2026-07-31 10:55:22.303-05,M,47,Make Ready - Time Required to Setup Job,,legacy
207,2026-07-31 10:55:22.303-05,2026-07-31 11:06:24.854-05,B,64,Mech - Press Other,,legacy
207,2026-07-31 11:06:24.854-05,2026-07-31 11:07:25.039-05,B,125,Substrate - Other,,legacy
207,2026-07-31 11:07:25.039-05,2026-07-31 14:56:16.04-05,B,138,RD Trial,,legacy
207,2026-07-31 14:56:16.04-05,2026-07-31 15:08:19.109-05,B,450,Non Productive,,legacy
207,2026-07-31 15:08:19.109-05,2026-07-31 15:11:20.458-05,M,47,Make Ready - Time Required to Setup Job,,legacy
207,2026-07-31 15:11:20.458-05,2026-07-31 15:12:20.748-05,M,48,Make Ready Sleeves,,legacy
207,2026-07-31 15:12:20.748-05,2026-07-31 15:51:31.595-05,M,47,Make Ready - Time Required to Setup Job,,legacy
207,2026-07-31 15:51:31.595-05,2026-07-31 16:17:38.558-05,B,64,Mech - Press Other,,legacy
207,2026-07-31 16:17:38.558-05,2026-07-31 16:31:41.833-05,B,125,Substrate - Other,,legacy
207,2026-07-31 16:31:41.833-05,2026-07-31 17:08:50.373-05,M,47,Make Ready - Time Required to Setup Job,,legacy
207,2026-07-31 17:08:50.373-05,2026-07-31 23:42:20.103-05,G,150,Run Production,,legacy
207,2026-07-31 23:42:20.103-05,2026-07-31 23:59:23.862-05,B,82,Dr. Blade Change,,legacy
207,2026-07-31 23:59:23.862-05,2026-08-01 02:28:56.506-05,G,150,Run Production,,legacy
207,2026-08-01 02:28:56.506-05,2026-08-01 02:45:00.47-05,B,82,Dr. Blade Change,,legacy
207,2026-08-01 02:45:00.47-05,2026-08-01 04:57:33.741-05,G,150,Run Production,,legacy
207,2026-08-01 04:57:33.741-05,2026-08-01 05:14:37.442-05,B,354,Housekeeping,,legacy
207,2026-08-01 05:14:37.442-05,2026-08-01 06:14:50.581-05,G,150,Run Production,,legacy
207,2026-08-01 06:14:50.581-05,2026-08-01 07:15:03.761-05,M,48,Make Ready Sleeves,,legacy
207,2026-08-01 07:15:03.761-05,2026-08-01 08:30:20.126-05,B,82,Dr. Blade Change,,legacy
207,2026-08-01 08:30:20.126-05,2026-08-01 08:47:23.769-05,M,47,Make Ready - Time Required to Setup Job,,legacy
207,2026-08-01 08:47:23.769-05,2026-08-01 09:42:35.589-05,M,47-19,Make Ready Sleeve Low Spot,,legacy
207,2026-08-01 09:42:35.589-05,2026-08-01 10:46:49.786-05,M,47,Make Ready - Time Required to Setup Job,,legacy
207,2026-08-01 10:46:49.786-05,2026-08-01 11:34:00.248-05,M,47-20,Make Ready Out of Register,,legacy
207,2026-08-01 11:34:00.248-05,2026-08-01 13:14:22.726-05,G,150,Run Production,,legacy
207,2026-08-01 13:14:22.726-05,2026-08-01 13:19:23.888-05,M,47-14,MR Anilox Change (Low volume),,legacy
207,2026-08-01 13:19:23.888-05,2026-08-02 00:38:56.92-05,G,150,Run Production,,legacy
207,2026-08-02 00:38:56.92-05,2026-08-02 01:13:04.575-05,B,41-1,Maintenance - Mechanical,,legacy
207,2026-08-02 01:13:04.575-05,2026-08-02 01:22:06.491-05,B,126,Substrate - Web Break,,legacy
207,2026-08-02 01:22:06.491-05,2026-08-02 02:19:19.289-05,G,150,Run Production,,legacy
207,2026-08-02 02:19:19.289-05,2026-08-03 00:16:15.418-05,B,450,Non Productive,,legacy
207,2026-08-03 00:16:15.418-05,2026-08-03 00:51:22.673-05,B,83,Drum: Clean,,legacy
207,2026-08-03 00:51:22.673-05,2026-08-03 05:48:27.911-05,M,47-22,MR Plate Damage in Press,,legacy
207,2026-08-03 05:48:27.911-05,2026-08-03 06:18:34.573-05,M,47,Make Ready - Time Required to Setup Job,,legacy
207,2026-08-03 06:18:34.573-05,2026-08-03 07:44:53.438-05,B,95,Press Problem / Impression,,legacy
207,2026-08-03 07:44:53.438-05,2026-08-03 12:15:54.463-05,G,150,Run Production,,legacy
207,2026-08-03 12:15:54.463-05,2026-08-03 12:24:56.647-05,B,99,Plates: Wash,,legacy
207,2026-08-03 12:24:56.647-05,2026-08-03 16:57:10.982-05,G,150,Run Production,,legacy
207,2026-08-03 16:57:10.982-05,2026-08-03 16:58:11.161-05,B,450,Non Productive,,legacy
207,2026-08-03 16:58:11.161-05,2026-08-03 17:30:18.176-05,M,48,Make Ready Sleeves,,legacy
207,2026-08-03 17:30:18.176-05,2026-08-03 18:29:32.468-05,M,47,Make Ready - Time Required to Setup Job,,legacy
207,2026-08-03 18:29:32.468-05,2026-08-03 18:45:36-05,B,82,Dr. Blade Change,,legacy
207,2026-08-03 18:45:36-05,2026-08-03 19:59:53.329-05,M,47,Make Ready - Time Required to Setup Job,,legacy
207,2026-08-03 19:59:53.329-05,2026-08-03 20:10:55.954-05,B,95,Press Problem / Impression,,legacy
207,2026-08-03 20:10:55.954-05,2026-08-03 20:18:57.847-05,M,47,Make Ready - Time Required to Setup Job,,legacy
207,2026-08-03 20:18:57.847-05,2026-08-03 22:55:33.962-05,G,150,Run Production,,legacy
207,2026-08-03 22:55:33.962-05,2026-08-03 23:01:35.405-05,B,99,Plates: Wash,,legacy
207,2026-08-03 23:01:35.405-05,2026-08-04 04:27:50.102-05,G,150,Run Production,,legacy
207,2026-08-04 04:27:50.102-05,2026-08-04 04:37:52.346-05,B,354,Housekeeping,,legacy
207,2026-08-04 04:37:52.346-05,2026-08-04 06:19:15.739-05,G,150,Run Production,,legacy
207,2026-08-04 06:19:15.739-05,2026-08-04 06:51:23.694-05,B,82,Dr. Blade Change,,legacy
207,2026-08-04 06:51:23.694-05,2026-08-04 07:20:31.178-05,G,150,Run Production,,legacy
207,2026-08-04 07:20:31.178-05,2026-08-04 07:40:35.918-05,B,95,Press Problem / Impression,,legacy
207,2026-08-04 07:40:35.918-05,2026-08-04 10:06:10.006-05,G,150,Run Production,,legacy
207,2026-08-04 10:06:10.006-05,2026-08-04 10:09:10.618-05,B,354,Housekeeping,,legacy
207,2026-08-04 10:09:10.618-05,2026-08-04 10:44:18.578-05,G,150,Run Production,,legacy
207,2026-08-04 10:44:18.578-05,2026-08-04 11:15:25.752-05,B,87,Ink: Off Color,,legacy
207,2026-08-04 11:15:25.752-05,2026-08-04 12:42:46.539-05,B,64,Mech - Press Other,,legacy
207,2026-08-04 12:42:46.539-05,2026-08-04 12:47:47.628-05,B,95,Press Problem / Impression,,legacy
207,2026-08-04 12:47:47.628-05,2026-08-04 13:12:53.252-05,G,150,Run Production,,legacy
207,2026-08-04 13:12:53.252-05,2026-08-04 13:48:01.401-05,B,87,Ink: Off Color,,legacy
207,2026-08-04 13:48:01.401-05,2026-08-04 14:05:05.596-05,B,97,Plates: Defective Press Ops,,legacy
207,2026-08-04 14:05:05.596-05,2026-08-04 14:09:06.525-05,G,150,Run Production,,legacy
207,2026-08-04 14:09:06.525-05,2026-08-04 14:17:08.428-05,B,41-1,Maintenance - Mechanical,,legacy
207,2026-08-04 14:17:08.428-05,2026-08-04 14:23:09.848-05,G,150,Run Production,,legacy
207,2026-08-04 14:23:09.848-05,2026-08-04 14:40:13.938-05,B,87,Ink: Off Color,,legacy
207,2026-08-04 14:40:13.938-05,2026-08-04 15:20:23.099-05,B,95,Press Problem / Impression,,legacy
207,2026-08-04 15:20:23.099-05,2026-08-04 15:44:28.804-05,G,150,Run Production,,legacy
207,2026-08-04 15:44:28.804-05,2026-08-04 15:45:29.071-05,B,139,Rewind Material,,legacy
207,2026-08-04 15:45:29.071-05,2026-08-04 16:04:34.214-05,M,47-20,Make Ready Out of Register,,legacy
207,2026-08-04 16:04:34.214-05,2026-08-04 16:08:35.437-05,G,150,Run Production,,legacy
207,2026-08-04 16:08:35.437-05,2026-08-04 16:28:40.263-05,M,47-20,Make Ready Out of Register,,legacy
207,2026-08-04 16:28:40.263-05,2026-08-04 16:33:41.332-05,G,150,Run Production,,legacy
207,2026-08-04 16:33:41.332-05,2026-08-04 17:27:54.701-05,M,47-20,Make Ready Out of Register,,legacy
207,2026-08-04 17:27:54.701-05,2026-08-04 20:16:33.003-05,G,150,Run Production,,legacy
207,2026-08-04 20:16:33.003-05,2026-08-04 20:39:38.231-05,B,99,Plates: Wash,,legacy
207,2026-08-04 20:39:38.231-05,2026-08-04 20:40:38.494-05,G,150,Run Production,,legacy
207,2026-08-04 20:40:38.494-05,2026-08-04 20:41:38.713-05,B,145-2,Poor Print,,legacy
207,2026-08-04 20:41:38.713-05,2026-08-04 22:02:57.805-05,G,150,Run Production,,legacy
207,2026-08-04 22:02:57.805-05,2026-08-04 22:03:58.013-05,B,145-2,Poor Print,,legacy
207,2026-08-04 22:03:58.013-05,2026-08-04 22:37:05.474-05,B,95,Press Problem / Impression,,legacy
207,2026-08-04 22:37:05.474-05,2026-08-04 22:38:05.681-05,B,145-2,Poor Print,,legacy
207,2026-08-04 22:38:05.681-05,2026-08-05 00:17:29.762-05,G,150,Run Production,,legacy
207,2026-08-05 00:17:29.762-05,2026-08-05 00:18:29.955-05,B,145-2,Poor Print,,legacy
207,2026-08-05 00:18:29.955-05,2026-08-05 00:45:36.084-05,G,150,Run Production,,legacy
207,2026-08-05 00:45:36.084-05,2026-08-05 00:54:38.137-05,M,48,Make Ready Sleeves,,legacy
207,2026-08-05 00:54:38.137-05,2026-08-05 01:26:45.583-05,B,82,Dr. Blade Change,,legacy
207,2026-08-05 01:26:45.583-05,2026-08-05 01:49:50.961-05,B,83,Drum: Clean,,legacy
207,2026-08-05 01:49:50.961-05,2026-08-05 03:52:18.762-05,M,47,Make Ready - Time Required to Setup Job,,legacy
207,2026-08-05 03:52:18.762-05,2026-08-05 04:28:27.301-05,G,150,Run Production,,legacy
207,2026-08-05 04:28:27.301-05,2026-08-05 04:33:28.54-05,B,99,Plates: Wash,,legacy
207,2026-08-05 04:33:28.54-05,2026-08-05 04:56:33.927-05,B,83,Drum: Clean,,legacy
207,2026-08-05 04:56:33.927-05,2026-08-05 05:36:43.312-05,G,150,Run Production,,legacy
207,2026-08-05 05:36:43.312-05,2026-08-05 05:39:43.92-05,B,95,Press Problem / Impression,,legacy
207,2026-08-05 05:39:43.92-05,2026-08-05 18:14:44.246-05,G,150,Run Production,,legacy
207,2026-08-05 18:14:44.246-05,2026-08-05 18:30:52.619-05,B,99,Plates: Wash,,legacy
207,2026-08-05 18:30:52.619-05,2026-08-05 20:35:22.127-05,G,150,Run Production,,legacy
207,2026-08-05 20:35:22.127-05,2026-08-05 20:51:26.252-05,B,99,Plates: Wash,,legacy
207,2026-08-05 20:51:26.252-05,2026-08-06 00:01:10.464-05,G,150,Run Production,,legacy
207,2026-08-06 00:01:10.464-05,2026-08-06 00:54:22.718-05,B,145-98,Quality Hold,,legacy
207,2026-08-06 00:54:22.718-05,2026-08-06 01:26:30.521-05,B,82,Dr. Blade Change,,legacy
207,2026-08-06 01:26:30.521-05,2026-08-06 04:32:13.445-05,G,150,Run Production,,legacy
207,2026-08-06 04:32:13.445-05,2026-08-06 04:33:13.746-05,M,47,Make Ready - Time Required to Setup Job,,legacy
207,2026-08-06 04:33:13.746-05,2026-08-06 05:13:22.974-05,B,125,Substrate - Other,,legacy
207,2026-08-06 05:13:22.974-05,2026-08-06 06:02:34.615-05,M,48,Make Ready Sleeves,,legacy
207,2026-08-06 06:02:34.615-05,2026-08-06 06:27:40.741-05,B,354,Housekeeping,,legacy
207,2026-08-06 06:27:40.741-05,2026-08-06 06:36:42.898-05,B,82,Dr. Blade Change,,legacy
207,2026-08-06 06:36:42.898-05,2026-08-06 09:47:28.326-05,M,47,Make Ready - Time Required to Setup Job,,legacy
207,2026-08-06 09:47:28.326-05,2026-08-06 10:48:43.832-05,G,150,Run Production,,legacy
207,2026-08-06 10:48:43.832-05,2026-08-06 10:57:45.791-05,B,99,Plates: Wash,,legacy
207,2026-08-06 10:57:45.791-05,2026-08-06 13:07:15.685-05,G,150,Run Production,,legacy
207,2026-08-06 13:07:15.685-05,2026-08-06 13:25:20.123-05,B,87,Ink: Off Color,,legacy
207,2026-08-06 13:25:20.123-05,2026-08-06 16:53:38.528-05,G,150,Run Production,,legacy
207,2026-08-06 16:53:38.528-05,2026-08-06 17:02:00.656-05,B,99,Plates: Wash,,legacy
207,2026-08-06 17:02:00.656-05,2026-08-06 23:10:55.354-05,G,150,Run Production,,legacy
207,2026-08-06 23:10:55.354-05,2026-08-06 23:25:09.611-05,M,47-9,Make Ready Wait for ink,,legacy
207,2026-08-06 23:25:09.611-05,2026-08-07 02:28:25.208-05,G,150,Run Production,,legacy
207,2026-08-07 02:28:25.208-05,2026-08-07 02:38:32.601-05,B,450,Non Productive,,legacy
207,2026-08-07 02:38:32.601-05,2026-08-07 02:51:38.035-05,M,80,Anilox: Change,,legacy
207,2026-08-07 02:51:38.035-05,2026-08-07 04:15:16.504-05,M,47-21,MR - Wait for Plates/Mounting,,legacy
207,2026-08-07 04:15:16.504-05,2026-08-07 05:10:52.861-05,M,48,Make Ready Sleeves,,legacy
207,2026-08-07 05:10:52.861-05,2026-08-07 05:11:53.451-05,M,47,Make Ready - Time Required to Setup Job,,legacy
207,2026-08-07 05:11:53.451-05,2026-08-07 05:39:07.317-05,M,47-8,Make Ready Color Match,,legacy
207,2026-08-07 05:39:07.317-05,2026-08-07 05:48:20.512-05,M,47,Make Ready - Time Required to Setup Job,,legacy
207,2026-08-07 05:48:20.512-05,2026-08-07 11:59:48.456-05,B,99,Plates: Wash,,legacy
207,2026-08-07 11:59:48.456-05,2026-08-07 17:29:29.489-05,M,47,Make Ready - Time Required to Setup Job,,legacy
207,2026-08-07 17:29:29.489-05,2026-08-07 19:15:08.209-05,G,150,Run Production,,legacy
207,2026-08-07 19:15:08.209-05,2026-08-07 19:19:09.97-05,B,95,Press Problem / Impression,,legacy
207,2026-08-07 19:19:09.97-05,2026-08-07 19:38:19.391-05,G,150,Run Production,,legacy
207,2026-08-07 19:38:19.391-05,2026-08-07 19:55:30.364-05,B,450,Non Productive,,legacy
207,2026-08-07 19:55:30.364-05,2026-08-07 20:56:57.519-05,M,48,Make Ready Sleeves,,legacy
207,2026-08-07 20:56:57.519-05,2026-08-07 20:57:57.791-05,B,82,Dr. Blade Change,,legacy
207,2026-08-07 20:57:57.791-05,2026-08-07 21:10:01.227-05,B,41-1,Maintenance - Mechanical,,legacy
207,2026-08-07 21:10:01.227-05,2026-08-07 22:34:26.083-05,M,47,Make Ready - Time Required to Setup Job,,legacy
207,2026-08-07 22:34:26.083-05,2026-08-07 22:41:27.987-05,M,47-8,Make Ready Color Match,,legacy
207,2026-08-07 22:41:27.987-05,2026-08-07 22:56:32.515-05,M,47,Make Ready - Time Required to Setup Job,,legacy
207,2026-08-07 22:56:32.515-05,2026-08-08 09:19:26.301-05,G,150,Run Production,,legacy
207,2026-08-08 09:19:26.301-05,2026-08-08 09:20:26.629-05,M,47,Make Ready - Time Required to Setup Job,,legacy
207,2026-08-08 09:20:26.629-05,2026-08-08 10:10:40.052-05,M,48,Make Ready Sleeves,,legacy
207,2026-08-08 10:10:40.052-05,2026-08-08 10:22:43.155-05,M,47,Make Ready - Time Required to Setup Job,,legacy
207,2026-08-08 10:22:43.155-05,2026-08-08 11:00:52.44-05,B,41-1,Maintenance - Mechanical,,legacy
207,2026-08-08 11:00:52.44-05,2026-08-08 11:04:53.449-05,M,47,Make Ready - Time Required to Setup Job,,legacy
207,2026-08-08 11:04:53.449-05,2026-08-08 11:30:59.483-05,B,82,Dr. Blade Change,,legacy
207,2026-08-08 11:30:59.483-05,2026-08-08 12:24:12.891-05,M,47,Make Ready - Time Required to Setup Job,,legacy
207,2026-08-08 12:24:12.891-05,2026-08-08 14:37:51.376-05,G,150,Run Production,,legacy
207,2026-08-08 14:37:51.376-05,2026-08-08 15:05:59.033-05,B,99,Plates: Wash,,legacy
207,2026-08-08 15:05:59.033-05,2026-08-08 15:36:07.037-05,G,150,Run Production,,legacy
207,2026-08-08 15:36:07.037-05,2026-08-08 16:10:16.943-05,M,80,Anilox: Change,,legacy
207,2026-08-08 16:10:16.943-05,2026-08-08 16:27:20.897-05,B,64,Mech - Press Other,,legacy
207,2026-08-08 16:27:20.897-05,2026-08-08 17:05:29.969-05,B,354,Housekeeping,,legacy
207,2026-08-08 17:05:29.969-05,2026-08-08 17:16:33.035-05,B,95,Press Problem / Impression,,legacy
207,2026-08-08 17:16:33.035-05,2026-08-08 17:23:34.864-05,M,80,Anilox: Change,,legacy
207,2026-08-08 17:23:34.864-05,2026-08-08 17:46:42.031-05,B,64,Mech - Press Other,,legacy
207,2026-08-08 17:46:42.031-05,2026-08-08 18:10:48.889-05,B,29,Electrical: Press Other,,legacy
207,2026-08-08 18:10:48.889-05,2026-08-08 18:24:52.22-05,M,47,Make Ready - Time Required to Setup Job,,legacy
207,2026-08-08 18:24:52.22-05,2026-08-08 20:42:24.202-05,G,150,Run Production,,legacy
207,2026-08-08 20:42:24.202-05,2026-08-08 20:58:28.143-05,B,99,Plates: Wash,,legacy
207,2026-08-08 20:58:28.143-05,2026-08-08 22:38:52.75-05,G,150,Run Production,,legacy
207,2026-08-08 22:38:52.75-05,2026-08-08 23:09:02.643-05,B,99,Plates: Wash,,legacy
207,2026-08-08 23:09:02.643-05,2026-08-08 23:32:09.039-05,B,82,Dr. Blade Change,,legacy
207,2026-08-08 23:32:09.039-05,2026-08-09 04:11:16.432-05,G,150,Run Production,,legacy
207,2026-08-09 04:11:16.432-05,2026-08-09 04:41:24.355-05,B,354,Housekeeping,,legacy
207,2026-08-09 04:41:24.355-05,2026-08-09 08:51:29.58-05,G,150,Run Production,,legacy
207,2026-08-09 08:51:29.58-05,2026-08-09 09:00:31.859-05,M,48,Make Ready Sleeves,,legacy
207,2026-08-09 09:00:31.859-05,2026-08-09 09:18:36.246-05,M,47-21,MR - Wait for Plates/Mounting,,legacy
207,2026-08-09 09:18:36.246-05,2026-08-09 09:41:42.298-05,M,48,Make Ready Sleeves,,legacy
207,2026-08-09 09:41:42.298-05,2026-08-09 10:01:46.81-05,B,82,Dr. Blade Change,,legacy
207,2026-08-09 10:01:46.81-05,2026-08-09 11:08:03.976-05,M,47,Make Ready - Time Required to Setup Job,,legacy
207,2026-08-09 11:08:03.976-05,2026-08-09 17:35:46.576-05,G,150,Run Production,,legacy
207,2026-08-09 17:35:46.576-05,2026-08-09 17:36:46.863-05,M,47,Make Ready - Time Required to Setup Job,,legacy
207,2026-08-09 17:36:46.863-05,2026-08-09 19:26:14.781-05,G,150,Run Production,,legacy
207,2026-08-09 19:26:14.781-05,2026-08-09 20:09:25.594-05,B,99,Plates: Wash,,legacy
207,2026-08-09 20:09:25.594-05,2026-08-10 02:11:54.23-05,G,150,Run Production,,legacy
207,2026-08-10 02:11:54.23-05,2026-08-10 02:53:04.028-05,M,48,Make Ready Sleeves,,legacy
207,2026-08-10 02:53:04.028-05,2026-08-10 04:42:32.355-05,M,47,Make Ready - Time Required to Setup Job,,legacy
207,2026-08-10 04:42:32.355-05,2026-08-10 04:49:33.945-05,B,126,Substrate - Web Break,,legacy
207,2026-08-10 04:49:33.945-05,2026-08-10 05:27:44.573-05,B,354,Housekeeping,,legacy
207,2026-08-10 05:27:44.573-05,2026-08-10 05:55:52.227-05,B,126,Substrate - Web Break,,legacy
207,2026-08-10 05:55:52.227-05,2026-08-10 06:15:57.504-05,M,47,Make Ready - Time Required to Setup Job,,legacy
207,2026-08-10 06:15:57.504-05,2026-08-10 07:08:10.625-05,G,150,Run Production,,legacy
207,2026-08-10 07:08:10.625-05,2026-08-10 07:28:15.341-05,M,48,Make Ready Sleeves,,legacy
207,2026-08-10 07:28:15.341-05,2026-08-10 07:51:21.021-05,B,82,Dr. Blade Change,,legacy
207,2026-08-10 07:51:21.021-05,2026-08-10 08:07:25.293-05,M,47-14,MR Anilox Change (Low volume),,legacy
207,2026-08-10 08:07:25.293-05,2026-08-10 08:36:32.545-05,M,47,Make Ready - Time Required to Setup Job,,legacy
207,2026-08-10 08:36:32.545-05,2026-08-10 09:08:39.968-05,G,150,Run Production,,legacy
207,2026-08-10 09:08:39.968-05,2026-08-10 09:19:48.337-05,B,99,Plates: Wash,,legacy
207,2026-08-10 09:19:48.337-05,,G,150,Run Production,,legacy
208,2026-07-16 16:19:39.879-05,2026-07-16 16:37:43.382-05,G,150,Run Production,,legacy
208,2026-07-16 16:37:43.382-05,2026-07-16 17:07:48.432-05,B,354,Housekeeping,,legacy
208,2026-07-16 17:07:48.432-05,2026-07-16 23:36:52.779-05,G,150,Run Production,,legacy
208,2026-07-16 23:36:52.779-05,2026-07-16 23:41:53.351-05,B,99,Plates: Wash,,legacy
208,2026-07-16 23:41:53.351-05,2026-07-16 23:55:55.272-05,B,82,Dr. Blade Change,,legacy
208,2026-07-16 23:55:55.272-05,2026-07-17 04:58:46.058-05,G,150,Run Production,,legacy
208,2026-07-17 04:58:46.058-05,2026-07-17 05:14:48.129-05,B,354,Housekeeping,,legacy
208,2026-07-17 05:14:48.129-05,2026-07-17 05:20:48.792-05,B,125,Substrate - Other,,legacy
208,2026-07-17 05:20:48.792-05,2026-07-17 06:21:58.102-05,G,150,Run Production,,legacy
208,2026-07-17 06:21:58.102-05,2026-07-17 06:31:00.484-05,B,99,Plates: Wash,,legacy
208,2026-07-17 06:31:00.484-05,2026-07-17 08:27:26.046-05,G,150,Run Production,,legacy
208,2026-07-17 08:27:26.046-05,2026-07-17 08:33:27.045-05,B,99,Plates: Wash,,legacy
208,2026-07-17 08:33:27.045-05,2026-07-17 11:44:52.024-05,G,150,Run Production,,legacy
208,2026-07-17 11:44:52.024-05,2026-07-17 12:05:54.691-05,B,64,Mech - Press Other,,legacy
208,2026-07-17 12:05:54.691-05,2026-07-17 15:42:35.359-05,G,150,Run Production,,legacy
208,2026-07-17 15:42:35.359-05,2026-07-17 15:58:37.391-05,B,99,Plates: Wash,,legacy
208,2026-07-17 15:58:37.391-05,2026-07-17 16:38:43.152-05,B,354,Housekeeping,,legacy
208,2026-07-17 16:38:43.152-05,2026-07-17 19:24:10.25-05,G,150,Run Production,,legacy
208,2026-07-17 19:24:10.25-05,2026-07-17 19:44:15.044-05,B,99,Plates: Wash,,legacy
208,2026-07-17 19:44:15.044-05,2026-07-17 20:35:26.216-05,G,150,Run Production,,legacy
208,2026-07-17 20:35:26.216-05,2026-07-17 21:07:30.389-05,M,48,Make Ready Sleeves,,legacy
208,2026-07-17 21:07:30.389-05,2026-07-17 21:48:36.072-05,M,47,Make Ready - Time Required to Setup Job,,legacy
208,2026-07-17 21:48:36.072-05,2026-07-17 23:14:46.729-05,B,82,Dr. Blade Change,,legacy
208,2026-07-17 23:14:46.729-05,2026-07-18 01:10:04.864-05,M,47,Make Ready - Time Required to Setup Job,,legacy
208,2026-07-18 01:10:04.864-05,2026-07-18 01:27:08.675-05,M,85,Make Ready - Color Match,,legacy
208,2026-07-18 01:27:08.675-05,2026-07-18 01:32:09.787-05,M,47,Make Ready - Time Required to Setup Job,,legacy
208,2026-07-18 01:32:09.787-05,2026-07-18 01:48:13.976-05,G,150,Run Production,,legacy
208,2026-07-18 01:48:13.976-05,2026-07-18 02:06:17.906-05,B,145-1,Film Core Waste,,legacy
208,2026-07-18 02:06:17.906-05,2026-07-18 04:11:39.521-05,G,150,Run Production,,legacy
208,2026-07-18 04:11:39.521-05,2026-07-18 04:56:45.883-05,B,145-3,Drum Clean,,legacy
208,2026-07-18 04:56:45.883-05,2026-07-18 06:01:54.494-05,G,150,Run Production,,legacy
208,2026-07-18 06:01:54.494-05,2026-07-18 06:03:54.795-05,B,145-99,Other,,legacy
208,2026-07-18 06:03:54.795-05,2026-07-18 07:53:16.897-05,G,150,Run Production,,legacy
208,2026-07-18 07:53:16.897-05,2026-07-18 09:02:30.042-05,B,126,Substrate - Web Break,,legacy
208,2026-07-18 09:02:30.042-05,2026-07-18 09:25:32.884-05,B,29,Electrical: Press Other,,legacy
208,2026-07-18 09:25:32.884-05,2026-07-18 09:38:35.079-05,B,95,Press Problem / Impression,,legacy
208,2026-07-18 09:38:35.079-05,2026-07-18 09:58:37.655-05,G,150,Run Production,,legacy
208,2026-07-18 09:58:37.655-05,2026-07-18 10:06:38.611-05,B,350,Roll Change,,legacy
208,2026-07-18 10:06:38.611-05,2026-07-18 10:10:39.042-05,G,150,Run Production,,legacy
208,2026-07-18 10:10:39.042-05,2026-07-18 10:18:40.065-05,B,29,Electrical: Press Other,,legacy
208,2026-07-18 10:18:40.065-05,2026-07-18 11:07:46.431-05,G,150,Run Production,,legacy
208,2026-07-18 11:07:46.431-05,2026-07-18 11:13:47.144-05,B,350,Roll Change,,legacy
208,2026-07-18 11:13:47.144-05,2026-07-18 12:06:55.853-05,G,150,Run Production,,legacy
208,2026-07-18 12:06:55.853-05,2026-07-18 12:12:56.463-05,B,350,Roll Change,,legacy
208,2026-07-18 12:12:56.463-05,2026-07-18 13:07:06.987-05,G,150,Run Production,,legacy
208,2026-07-18 13:07:06.987-05,2026-07-18 13:11:07.83-05,B,350,Roll Change,,legacy
208,2026-07-18 13:11:07.83-05,2026-07-18 13:59:18.357-05,B,125,Substrate - Other,,legacy
208,2026-07-18 13:59:18.357-05,2026-07-18 14:42:26.77-05,G,150,Run Production,,legacy
208,2026-07-18 14:42:26.77-05,2026-07-18 14:49:27.735-05,B,350,Roll Change,,legacy
208,2026-07-18 14:49:27.735-05,2026-07-18 15:41:34.583-05,G,150,Run Production,,legacy
208,2026-07-18 15:41:34.583-05,2026-07-18 15:56:36.646-05,B,350,Roll Change,,legacy
208,2026-07-18 15:56:36.646-05,2026-07-18 16:35:41.831-05,G,150,Run Production,,legacy
208,2026-07-18 16:35:41.831-05,2026-07-18 16:43:42.937-05,B,64,Mech - Press Other,,legacy
208,2026-07-18 16:43:42.937-05,2026-07-18 17:31:48.919-05,B,450,Non Productive,,legacy
208,2026-07-18 17:31:48.919-05,2026-07-18 17:37:49.603-05,M,47,Make Ready - Time Required to Setup Job,,legacy
208,2026-07-18 17:37:49.603-05,2026-07-18 17:41:50.087-05,B,95,Press Problem / Impression,,legacy
208,2026-07-18 17:41:50.087-05,2026-07-18 17:42:50.212-05,B,450,Non Productive,,legacy
208,2026-07-18 17:42:50.212-05,2026-07-18 18:28:56.123-05,G,150,Run Production,,legacy
208,2026-07-18 18:28:56.123-05,2026-07-18 19:04:02.945-05,B,95,Press Problem / Impression,,legacy
208,2026-07-18 19:04:02.945-05,2026-07-18 20:15:18.121-05,G,150,Run Production,,legacy
208,2026-07-18 20:15:18.121-05,2026-07-18 21:00:27.212-05,B,99,Plates: Wash,,legacy
208,2026-07-18 21:00:27.212-05,2026-07-18 23:48:48.1-05,G,150,Run Production,,legacy
208,2026-07-18 23:48:48.1-05,2026-07-19 00:11:51.19-05,B,82,Dr. Blade Change,,legacy
208,2026-07-19 00:11:51.19-05,2026-07-19 00:29:53.277-05,B,83,Drum: Clean,,legacy
208,2026-07-19 00:29:53.277-05,2026-07-19 02:56:21.505-05,G,150,Run Production,,legacy
208,2026-07-19 02:56:21.505-05,2026-07-19 03:17:25.861-05,B,99,Plates: Wash,,legacy
208,2026-07-19 03:17:25.861-05,2026-07-19 04:20:35.042-05,G,150,Run Production,,legacy
208,2026-07-19 04:20:35.042-05,2026-07-19 04:55:39.335-05,B,145-3,Drum Clean,,legacy
208,2026-07-19 04:55:39.335-05,2026-07-19 06:09:48.651-05,G,150,Run Production,,legacy
208,2026-07-19 06:09:48.651-05,2026-07-19 06:52:54.326-05,B,145-8,Dr. Blade Change,,legacy
208,2026-07-19 06:52:54.326-05,2026-07-19 07:39:01.819-05,G,150,Run Production,,legacy
208,2026-07-19 07:39:01.819-05,2026-07-19 08:12:08.91-05,B,350,Roll Change,,legacy
208,2026-07-19 08:12:08.91-05,2026-07-19 08:36:13.77-05,B,145-4,Plate Wash,,legacy
208,2026-07-19 08:36:13.77-05,2026-07-19 10:03:30.49-05,G,150,Run Production,,legacy
208,2026-07-19 10:03:30.49-05,2026-07-19 10:14:31.848-05,B,350,Roll Change,,legacy
208,2026-07-19 10:14:31.848-05,2026-07-19 11:29:41.147-05,G,150,Run Production,,legacy
208,2026-07-19 11:29:41.147-05,2026-07-19 11:34:41.722-05,B,350,Roll Change,,legacy
208,2026-07-19 11:34:41.722-05,2026-07-19 12:30:48.82-05,G,150,Run Production,,legacy
208,2026-07-19 12:30:48.82-05,2026-07-19 13:42:58.501-05,B,450,Non Productive,,legacy
208,2026-07-19 13:42:58.501-05,2026-07-19 13:43:58.686-05,M,47,Make Ready - Time Required to Setup Job,,legacy
208,2026-07-19 13:43:58.686-05,2026-07-19 13:51:00.173-05,B,64,Mech - Press Other,,legacy
208,2026-07-19 13:51:00.173-05,2026-07-19 16:06:28.415-05,M,47,Make Ready - Time Required to Setup Job,,legacy
208,2026-07-19 16:06:28.415-05,2026-07-19 16:11:28.953-05,B,354,Housekeeping,,legacy
208,2026-07-19 16:11:28.953-05,2026-07-19 16:32:32.268-05,G,150,Run Production,,legacy
208,2026-07-19 16:32:32.268-05,2026-07-19 17:03:36.161-05,B,354,Housekeeping,,legacy
208,2026-07-19 17:03:36.161-05,2026-07-19 17:48:42.393-05,G,150,Run Production,,legacy
208,2026-07-19 17:48:42.393-05,2026-07-19 18:05:44.724-05,B,82,Dr. Blade Change,,legacy
208,2026-07-19 18:05:44.724-05,2026-07-19 18:07:44.965-05,B,145-8,Dr. Blade Change,,legacy
208,2026-07-19 18:07:44.965-05,2026-07-19 19:52:58.123-05,B,95,Press Problem / Impression,,legacy
208,2026-07-19 19:52:58.123-05,2026-07-19 20:04:00.568-05,B,94,Plates: Plate Up (Obsolete),,legacy
208,2026-07-19 20:04:00.568-05,2026-07-19 20:35:06.774-05,B,95,Press Problem / Impression,,legacy
208,2026-07-19 20:35:06.774-05,2026-07-19 20:53:10.799-05,B,145-98,Quality Hold,,legacy
208,2026-07-19 20:53:10.799-05,2026-07-20 01:47:54.006-05,G,150,Run Production,,legacy
208,2026-07-20 01:47:54.006-05,2026-07-20 02:17:57.975-05,B,145-99,Other,,legacy
208,2026-07-20 02:17:57.975-05,2026-07-20 04:37:27.283-05,G,150,Run Production,,legacy
208,2026-07-20 04:37:27.283-05,2026-07-20 05:19:32.802-05,B,145-3,Drum Clean,,legacy
208,2026-07-20 05:19:32.802-05,2026-07-20 06:21:40.404-05,G,150,Run Production,,legacy
208,2026-07-20 06:21:40.404-05,2026-07-20 06:39:42.654-05,B,99,Plates: Wash,,legacy
208,2026-07-20 06:39:42.654-05,2026-07-20 06:52:44.402-05,G,150,Run Production,,legacy
208,2026-07-20 06:52:44.402-05,2026-07-20 06:59:45.301-05,B,95,Press Problem / Impression,,legacy
208,2026-07-20 06:59:45.301-05,2026-07-20 09:39:10.759-05,G,150,Run Production,,legacy
208,2026-07-20 09:39:10.759-05,2026-07-20 09:51:13.357-05,B,99,Plates: Wash,,legacy
208,2026-07-20 09:51:13.357-05,2026-07-20 10:04:16.215-05,G,150,Run Production,,legacy
208,2026-07-20 10:04:16.215-05,2026-07-20 10:16:18.639-05,B,350,Roll Change,,legacy
208,2026-07-20 10:16:18.639-05,2026-07-20 12:16:37.597-05,G,150,Run Production,,legacy
208,2026-07-20 12:16:37.597-05,2026-07-20 12:27:39.047-05,B,99,Plates: Wash,,legacy
208,2026-07-20 12:27:39.047-05,2026-07-20 14:22:53.68-05,G,150,Run Production,,legacy
208,2026-07-20 14:22:53.68-05,2026-07-20 14:24:53.984-05,B,450,Non Productive,,legacy
208,2026-07-20 14:24:53.984-05,2026-07-20 14:25:54.049-05,M,47,Make Ready - Time Required to Setup Job,,legacy
208,2026-07-20 14:25:54.049-05,2026-07-20 14:40:55.902-05,M,48,Make Ready Sleeves,,legacy
208,2026-07-20 14:40:55.902-05,2026-07-20 14:41:56.04-05,M,47,Make Ready - Time Required to Setup Job,,legacy
208,2026-07-20 14:41:56.04-05,2026-07-20 15:12:01.982-05,B,145-8,Dr. Blade Change,,legacy
208,2026-07-20 15:12:01.982-05,2026-07-20 15:23:04.259-05,B,145-3,Drum Clean,,legacy
208,2026-07-20 15:23:04.259-05,2026-07-20 15:53:10.353-05,M,47,Make Ready - Time Required to Setup Job,,legacy
208,2026-07-20 15:53:10.353-05,2026-07-20 16:07:13.464-05,B,29,Electrical: Press Other,,legacy
208,2026-07-20 16:07:13.464-05,2026-07-20 17:25:29.429-05,M,47,Make Ready - Time Required to Setup Job,,legacy
208,2026-07-20 17:25:29.429-05,2026-07-20 17:49:32.524-05,B,99,Plates: Wash,,legacy
208,2026-07-20 17:49:32.524-05,2026-07-20 19:12:42.92-05,M,47,Make Ready - Time Required to Setup Job,,legacy
208,2026-07-20 19:12:42.92-05,2026-07-20 19:59:49.098-05,M,85,Make Ready - Color Match,,legacy
208,2026-07-20 19:59:49.098-05,2026-07-20 20:33:53.389-05,G,150,Run Production,,legacy
208,2026-07-20 20:33:53.389-05,2026-07-20 21:53:08.588-05,B,95,Press Problem / Impression,,legacy
208,2026-07-20 21:53:08.588-05,2026-07-20 21:54:08.853-05,G,150,Run Production,,legacy
208,2026-07-20 21:54:08.853-05,2026-07-20 23:11:26.32-05,B,95,Press Problem / Impression,,legacy
208,2026-07-20 23:11:26.32-05,2026-07-20 23:59:32.956-05,M,48,Make Ready Sleeves,,legacy
208,2026-07-20 23:59:32.956-05,2026-07-21 00:02:33.337-05,M,47-99,Make Ready Other,,legacy
208,2026-07-21 00:02:33.337-05,2026-07-21 00:12:34.505-05,M,48,Make Ready Sleeves,,legacy
208,2026-07-21 00:12:34.505-05,2026-07-21 01:07:41.393-05,M,47-21,MR - Wait for Plates/Mounting,,legacy
208,2026-07-21 01:07:41.393-05,2026-07-21 01:35:44.952-05,M,48,Make Ready Sleeves,,legacy
208,2026-07-21 01:35:44.952-05,2026-07-21 02:35:52.533-05,M,47,Make Ready - Time Required to Setup Job,,legacy
208,2026-07-21 02:35:52.533-05,2026-07-21 05:54:30.74-05,G,150,Run Production,,legacy
208,2026-07-21 05:54:30.74-05,2026-07-21 06:40:37.398-05,B,82,Dr. Blade Change,,legacy
208,2026-07-21 06:40:37.398-05,2026-07-21 06:46:38.276-05,B,99,Plates: Wash,,legacy
208,2026-07-21 06:46:38.276-05,2026-07-21 06:56:39.528-05,B,88,Pump Problem,,legacy
208,2026-07-21 06:56:39.528-05,2026-07-21 08:55:09.011-05,G,150,Run Production,,legacy
208,2026-07-21 08:55:09.011-05,2026-07-21 09:04:11.115-05,B,99,Plates: Wash,,legacy
208,2026-07-21 09:04:11.115-05,2026-07-21 09:31:17.244-05,G,150,Run Production,,legacy
208,2026-07-21 09:31:17.244-05,2026-07-21 10:19:28.568-05,M,80,Anilox: Change,,legacy
208,2026-07-21 10:19:28.568-05,2026-07-21 10:47:32.157-05,G,150,Run Production,,legacy
208,2026-07-21 10:47:32.157-05,2026-07-21 11:03:34.48-05,M,47-5,Make Ready Chamber Malfunction,,legacy
208,2026-07-21 11:03:34.48-05,2026-07-21 12:12:44.215-05,G,150,Run Production,,legacy
208,2026-07-21 12:12:44.215-05,2026-07-21 12:13:44.381-05,M,48,Make Ready Sleeves,,legacy
208,2026-07-21 12:13:44.381-05,2026-07-21 12:28:46.457-05,G,150,Run Production,,legacy
208,2026-07-21 12:28:46.457-05,2026-07-21 12:40:48.075-05,B,99,Plates: Wash,,legacy
208,2026-07-21 12:40:48.075-05,2026-07-21 15:09:15.151-05,G,150,Run Production,,legacy
208,2026-07-21 15:09:15.151-05,2026-07-21 15:21:17.816-05,B,99,Plates: Wash,,legacy
208,2026-07-21 15:21:17.816-05,2026-07-21 16:15:28.548-05,G,150,Run Production,,legacy
208,2026-07-21 16:15:28.548-05,2026-07-21 16:47:33.077-05,B,354,Housekeeping,,legacy
208,2026-07-21 16:47:33.077-05,2026-07-21 19:26:54.586-05,G,150,Run Production,,legacy
208,2026-07-21 19:26:54.586-05,2026-07-21 19:28:54.874-05,B,95,Press Problem / Impression,,legacy
208,2026-07-21 19:28:54.874-05,2026-07-21 20:22:04.159-05,G,150,Run Production,,legacy
208,2026-07-21 20:22:04.159-05,2026-07-21 20:52:10.675-05,M,48,Make Ready Sleeves,,legacy
208,2026-07-21 20:52:10.675-05,2026-07-21 20:59:12.069-05,M,47-99,Make Ready Other,,legacy
208,2026-07-21 20:59:12.069-05,2026-07-21 21:53:23.399-05,M,47,Make Ready - Time Required to Setup Job,,legacy
208,2026-07-21 21:53:23.399-05,2026-07-22 00:39:48.689-05,M,47-25,MR Wrong Mount,,legacy
208,2026-07-22 00:39:48.689-05,2026-07-22 00:53:50.741-05,B,99,Plates: Wash,,legacy
208,2026-07-22 00:53:50.741-05,2026-07-22 02:09:02.84-05,M,47,Make Ready - Time Required to Setup Job,,legacy
208,2026-07-22 02:09:02.84-05,2026-07-22 04:42:34.358-05,G,150,Run Production,,legacy
208,2026-07-22 04:42:34.358-05,2026-07-22 04:43:34.531-05,B,450,Non Productive,,legacy
208,2026-07-22 04:43:34.531-05,2026-07-22 05:25:40.977-05,M,48,Make Ready Sleeves,,legacy
208,2026-07-22 05:25:40.977-05,2026-07-22 05:51:44.625-05,B,354,Housekeeping,,legacy
208,2026-07-22 05:51:44.625-05,2026-07-22 06:01:46.091-05,M,47,Make Ready - Time Required to Setup Job,,legacy
208,2026-07-22 06:01:46.091-05,2026-07-22 07:08:56.353-05,B,82,Dr. Blade Change,,legacy
208,2026-07-22 07:08:56.353-05,2026-07-22 08:53:22.543-05,M,47,Make Ready - Time Required to Setup Job,,legacy
208,2026-07-22 08:53:22.543-05,2026-07-22 09:01:24.619-05,B,64,Mech - Press Other,,legacy
208,2026-07-22 09:01:24.619-05,2026-07-22 09:32:30.935-05,M,47,Make Ready - Time Required to Setup Job,,legacy
208,2026-07-22 09:32:30.935-05,2026-07-22 09:33:31.168-05,B,139,Rewind Material,,legacy
208,2026-07-22 09:33:31.168-05,2026-07-22 10:46:43.568-05,M,85,Make Ready - Color Match,,legacy
208,2026-07-22 10:46:43.568-05,2026-07-22 11:37:53.102-05,G,150,Run Production,,legacy
208,2026-07-22 11:37:53.102-05,2026-07-22 11:38:53.279-05,B,139,Rewind Material,,legacy
208,2026-07-22 11:38:53.279-05,2026-07-22 12:41:06.815-05,M,47-4,Make Ready Bouncing,,legacy
208,2026-07-22 12:41:06.815-05,2026-07-22 13:17:15.468-05,B,88,Pump Problem,,legacy
208,2026-07-22 13:17:15.468-05,2026-07-22 13:29:18.91-05,B,82,Dr. Blade Change,,legacy
208,2026-07-22 13:29:18.91-05,2026-07-22 13:55:25.517-05,B,450,Non Productive,,legacy
208,2026-07-22 13:55:25.517-05,2026-07-22 13:58:26.249-05,B,88,Pump Problem,,legacy
208,2026-07-22 13:58:26.249-05,2026-07-22 14:42:33.984-05,B,95,Press Problem / Impression,,legacy
208,2026-07-22 14:42:33.984-05,2026-07-22 16:44:52.462-05,G,150,Run Production,,legacy
208,2026-07-22 16:44:52.462-05,2026-07-22 17:03:55.159-05,B,145-3,Drum Clean,,legacy
208,2026-07-22 17:03:55.159-05,2026-07-22 19:08:22.364-05,G,150,Run Production,,legacy
208,2026-07-22 19:08:22.364-05,2026-07-22 19:42:29.815-05,B,82,Dr. Blade Change,,legacy
208,2026-07-22 19:42:29.815-05,2026-07-23 01:58:35.631-05,G,150,Run Production,,legacy
208,2026-07-23 01:58:35.631-05,2026-07-23 02:21:38.988-05,B,82,Dr. Blade Change,,legacy
208,2026-07-23 02:21:38.988-05,2026-07-24 16:09:54.55-05,G,150,Run Production,,legacy
208,2026-07-24 16:09:54.55-05,2026-07-24 16:30:59.14-05,B,145-3,Drum Clean,,legacy
208,2026-07-24 16:30:59.14-05,2026-07-24 17:01:05.726-05,G,150,Run Production,,legacy
208,2026-07-24 17:01:05.726-05,2026-07-24 17:17:09.275-05,B,29,Electrical: Press Other,,legacy
208,2026-07-24 17:17:09.275-05,2026-07-24 18:19:22.624-05,B,126,Substrate - Web Break,,legacy
208,2026-07-24 18:19:22.624-05,2026-07-24 18:29:25.216-05,B,64,Mech - Press Other,,legacy
208,2026-07-24 18:29:25.216-05,2026-07-24 18:33:26.07-05,G,150,Run Production,,legacy
208,2026-07-24 18:33:26.07-05,2026-07-24 19:09:34.897-05,B,145-4,Plate Wash,,legacy
208,2026-07-24 19:09:34.897-05,2026-07-24 19:52:44.191-05,G,150,Run Production,,legacy
208,2026-07-24 19:52:44.191-05,2026-07-24 20:05:46.974-05,B,350,Roll Change,,legacy
208,2026-07-24 20:05:46.974-05,2026-07-24 20:10:48.231-05,G,150,Run Production,,legacy
208,2026-07-24 20:10:48.231-05,2026-07-24 20:18:50.351-05,B,95,Press Problem / Impression,,legacy
208,2026-07-24 20:18:50.351-05,2026-07-24 21:09:01.988-05,G,150,Run Production,,legacy
208,2026-07-24 21:09:01.988-05,2026-07-24 21:15:03.433-05,B,350,Roll Change,,legacy
208,2026-07-24 21:15:03.433-05,2026-07-24 21:53:12.4-05,B,125,Substrate - Other,,legacy
208,2026-07-24 21:53:12.4-05,2026-07-24 22:02:14.77-05,B,99,Plates: Wash,,legacy
208,2026-07-24 22:02:14.77-05,2026-07-24 23:04:29.008-05,G,150,Run Production,,legacy
208,2026-07-24 23:04:29.008-05,2026-07-24 23:26:33.875-05,B,350,Roll Change,,legacy
208,2026-07-24 23:26:33.875-05,2026-07-25 00:10:44.076-05,G,150,Run Production,,legacy
208,2026-07-25 00:10:44.076-05,2026-07-25 00:17:45.623-05,B,350,Roll Change,,legacy
208,2026-07-25 00:17:45.623-05,2026-07-25 01:12:57.349-05,G,150,Run Production,,legacy
208,2026-07-25 01:12:57.349-05,2026-07-25 01:19:58.839-05,B,350,Roll Change,,legacy
208,2026-07-25 01:19:58.839-05,2026-07-25 01:56:06.883-05,B,125,Substrate - Other,,legacy
208,2026-07-25 01:56:06.883-05,2026-07-25 02:53:19.653-05,G,150,Run Production,,legacy
208,2026-07-25 02:53:19.653-05,2026-07-25 03:02:21.618-05,B,350,Roll Change,,legacy
208,2026-07-25 03:02:21.618-05,2026-07-25 03:53:33.117-05,G,150,Run Production,,legacy
208,2026-07-25 03:53:33.117-05,2026-07-25 03:59:34.446-05,B,350,Roll Change,,legacy
208,2026-07-25 03:59:34.446-05,2026-07-25 04:08:36.415-05,G,150,Run Production,,legacy
208,2026-07-25 04:08:36.415-05,2026-07-25 04:23:39.63-05,B,125,Substrate - Other,,legacy
208,2026-07-25 04:23:39.63-05,2026-07-25 05:12:50.701-05,B,88,Pump Problem,,legacy
208,2026-07-25 05:12:50.701-05,2026-07-25 05:14:51.165-05,G,150,Run Production,,legacy
208,2026-07-25 05:14:51.165-05,2026-07-25 05:36:55.991-05,B,82,Dr. Blade Change,,legacy
208,2026-07-25 05:36:55.991-05,2026-07-25 05:55:00.202-05,B,83,Drum: Clean,,legacy
208,2026-07-25 05:55:00.202-05,2026-07-25 06:26:07.862-05,G,150,Run Production,,legacy
208,2026-07-25 06:26:07.862-05,2026-07-25 06:46:12.337-05,B,99,Plates: Wash,,legacy
208,2026-07-25 06:46:12.337-05,2026-07-25 08:50:41.758-05,G,150,Run Production,,legacy
208,2026-07-25 08:50:41.758-05,2026-07-25 09:10:46.031-05,B,95,Press Problem / Impression,,legacy
208,2026-07-25 09:10:46.031-05,2026-07-25 10:52:08.42-05,G,150,Run Production,,legacy
208,2026-07-25 10:52:08.42-05,2026-07-25 10:58:09.963-05,B,139,Rewind Material,,legacy
208,2026-07-25 10:58:09.963-05,2026-07-25 11:03:11.148-05,B,95,Press Problem / Impression,,legacy
208,2026-07-25 11:03:11.148-05,2026-07-25 11:33:17.487-05,B,82,Dr. Blade Change,,legacy
208,2026-07-25 11:33:17.487-05,2026-07-25 11:46:20.332-05,M,47-3,Make Ready Ghosting,,legacy
208,2026-07-25 11:46:20.332-05,2026-07-25 11:54:22.386-05,G,150,Run Production,,legacy
208,2026-07-25 11:54:22.386-05,2026-07-25 12:21:28.457-05,B,86,Ink: Contamination,,legacy
208,2026-07-25 12:21:28.457-05,2026-07-25 14:59:03.811-05,G,150,Run Production,,legacy
208,2026-07-25 14:59:03.811-05,2026-07-25 15:37:12.61-05,B,126,Substrate - Web Break,,legacy
208,2026-07-25 15:37:12.61-05,2026-07-25 17:02:32.278-05,G,150,Run Production,,legacy
208,2026-07-25 17:02:32.278-05,2026-07-25 17:33:42.082-05,B,354,Housekeeping,,legacy
208,2026-07-25 17:33:42.082-05,2026-07-25 18:05:49.458-05,G,150,Run Production,,legacy
208,2026-07-25 18:05:49.458-05,2026-07-25 18:28:54.701-05,B,350,Roll Change,,legacy
208,2026-07-25 18:28:54.701-05,2026-07-25 19:04:02.802-05,G,150,Run Production,,legacy
208,2026-07-25 19:04:02.802-05,2026-07-25 19:13:04.861-05,B,82,Dr. Blade Change,,legacy
208,2026-07-25 19:13:04.861-05,2026-07-25 19:43:11.704-05,G,150,Run Production,,legacy
208,2026-07-25 19:43:11.704-05,2026-07-25 20:02:15.801-05,B,82,Dr. Blade Change,,legacy
208,2026-07-25 20:02:15.801-05,2026-07-25 20:23:20.265-05,G,150,Run Production,,legacy
208,2026-07-25 20:23:20.265-05,2026-07-25 20:26:21.056-05,B,82,Dr. Blade Change,,legacy
208,2026-07-25 20:26:21.056-05,2026-07-25 20:32:22.44-05,G,150,Run Production,,legacy
208,2026-07-25 20:32:22.44-05,2026-07-25 20:43:25.029-05,M,47-14,MR Anilox Change (Low volume),,legacy
208,2026-07-25 20:43:25.029-05,2026-07-25 21:12:32.14-05,G,150,Run Production,,legacy
208,2026-07-25 21:12:32.14-05,2026-07-25 21:15:32.733-05,B,350,Roll Change,,legacy
208,2026-07-25 21:15:32.733-05,2026-07-25 21:49:40.121-05,B,125,Substrate - Other,,legacy
208,2026-07-25 21:49:40.121-05,2026-07-25 22:51:54.507-05,G,150,Run Production,,legacy
208,2026-07-25 22:51:54.507-05,2026-07-25 23:05:57.552-05,B,350,Roll Change,,legacy
208,2026-07-25 23:05:57.552-05,2026-07-26 00:01:10.117-05,G,150,Run Production,,legacy
208,2026-07-26 00:01:10.117-05,2026-07-26 00:08:11.639-05,B,350,Roll Change,,legacy
208,2026-07-26 00:08:11.639-05,2026-07-26 01:02:23.467-05,G,150,Run Production,,legacy
208,2026-07-26 01:02:23.467-05,2026-07-26 01:07:24.56-05,B,350,Roll Change,,legacy
208,2026-07-26 01:07:24.56-05,2026-07-26 01:46:33.758-05,B,125,Substrate - Other,,legacy
208,2026-07-26 01:46:33.758-05,2026-07-26 01:57:36.04-05,B,99,Plates: Wash,,legacy
208,2026-07-26 01:57:36.04-05,2026-07-26 02:48:47.139-05,B,354,Housekeeping,,legacy
208,2026-07-26 02:48:47.139-05,2026-07-26 03:37:58.255-05,G,150,Run Production,,legacy
208,2026-07-26 03:37:58.255-05,2026-07-26 03:42:59.369-05,B,350,Roll Change,,legacy
208,2026-07-26 03:42:59.369-05,2026-07-26 04:33:10.864-05,G,150,Run Production,,legacy
208,2026-07-26 04:33:10.864-05,2026-07-26 04:44:13.455-05,B,350,Roll Change,,legacy
208,2026-07-26 04:44:13.455-05,2026-07-26 05:26:23.023-05,G,150,Run Production,,legacy
208,2026-07-26 05:26:23.023-05,2026-07-26 05:32:24.687-05,B,350,Roll Change,,legacy
208,2026-07-26 05:32:24.687-05,2026-07-26 08:29:04.093-05,G,150,Run Production,,legacy
208,2026-07-26 08:29:04.093-05,2026-07-26 08:31:04.552-05,B,88,Pump Problem,,legacy
208,2026-07-26 08:31:04.552-05,2026-07-26 08:47:08.144-05,G,150,Run Production,,legacy
208,2026-07-26 08:47:08.144-05,2026-07-26 12:12:53.469-05,B,88,Pump Problem,,legacy
208,2026-07-26 12:12:53.469-05,2026-07-26 12:14:53.911-05,G,150,Run Production,,legacy
208,2026-07-26 12:14:53.911-05,2026-07-26 12:30:57.673-05,B,88,Pump Problem,,legacy
208,2026-07-26 12:30:57.673-05,2026-07-26 12:38:59.353-05,G,150,Run Production,,legacy
208,2026-07-26 12:38:59.353-05,2026-07-26 14:05:18.54-05,B,88,Pump Problem,,legacy
208,2026-07-26 14:05:18.54-05,2026-07-26 14:17:21.282-05,G,150,Run Production,,legacy
208,2026-07-26 14:17:21.282-05,2026-07-26 14:21:22.163-05,B,450,Non Productive,,legacy
208,2026-07-26 14:21:22.163-05,2026-07-26 14:36:25.698-05,M,48,Make Ready Sleeves,,legacy
208,2026-07-26 14:36:25.698-05,2026-07-26 14:58:30.433-05,M,47,Make Ready - Time Required to Setup Job,,legacy
208,2026-07-26 14:58:30.433-05,2026-07-26 15:44:41.271-05,M,48,Make Ready Sleeves,,legacy
208,2026-07-26 15:44:41.271-05,2026-07-26 16:11:47.155-05,M,47,Make Ready - Time Required to Setup Job,,legacy
208,2026-07-26 16:11:47.155-05,2026-07-26 16:12:47.347-05,B,350,Roll Change,,legacy
208,2026-07-26 16:12:47.347-05,2026-07-26 17:02:58.9-05,B,354,Housekeeping,,legacy
208,2026-07-26 17:02:58.9-05,2026-07-26 17:57:10.732-05,M,47,Make Ready - Time Required to Setup Job,,legacy
208,2026-07-26 17:57:10.732-05,2026-07-26 18:43:21.423-05,B,82,Dr. Blade Change,,legacy
208,2026-07-26 18:43:21.423-05,2026-07-26 20:11:41.651-05,B,88,Pump Problem,,legacy
208,2026-07-26 20:11:41.651-05,2026-07-26 21:28:59.787-05,M,48,Make Ready Sleeves,,legacy
208,2026-07-26 21:28:59.787-05,2026-07-26 21:31:00.271-05,M,47,Make Ready - Time Required to Setup Job,,legacy
208,2026-07-26 21:31:00.271-05,2026-07-26 22:27:13.007-05,B,99,Plates: Wash,,legacy
208,2026-07-26 22:27:13.007-05,2026-07-26 22:52:18.445-05,B,86,Ink: Contamination,,legacy
208,2026-07-26 22:52:18.445-05,2026-07-26 23:10:22.591-05,M,85,Make Ready - Color Match,,legacy
208,2026-07-26 23:10:22.591-05,2026-07-26 23:50:32.137-05,M,47-15,MR Anilox Change (High Volume),,legacy
208,2026-07-26 23:50:32.137-05,2026-07-27 00:12:36.931-05,B,95,Press Problem / Impression,,legacy
208,2026-07-27 00:12:36.931-05,2026-07-27 01:17:51.881-05,M,47-24,MR Sticky Back Change,,legacy
208,2026-07-27 01:17:51.881-05,2026-07-27 01:55:00.073-05,M,47-20,Make Ready Out of Register,,legacy
208,2026-07-27 01:55:00.073-05,2026-07-27 02:35:09.031-05,B,95,Press Problem / Impression,,legacy
208,2026-07-27 02:35:09.031-05,2026-07-27 02:41:10.294-05,G,150,Run Production,,legacy
208,2026-07-27 02:41:10.294-05,2026-07-27 02:49:11.979-05,B,64,Mech - Press Other,,legacy
208,2026-07-27 02:49:11.979-05,2026-07-27 03:10:16.426-05,B,95,Press Problem / Impression,,legacy
208,2026-07-27 03:10:16.426-05,2026-07-27 03:53:26.912-05,G,150,Run Production,,legacy
208,2026-07-27 03:53:26.912-05,2026-07-27 04:42:39.338-05,B,354,Housekeeping,,legacy
208,2026-07-27 04:42:39.338-05,2026-07-27 05:12:45.991-05,G,150,Run Production,,legacy
208,2026-07-27 05:12:45.991-05,2026-07-27 05:20:47.78-05,B,350,Roll Change,,legacy
208,2026-07-27 05:20:47.78-05,2026-07-27 05:59:55.965-05,G,150,Run Production,,legacy
208,2026-07-27 05:59:55.965-05,2026-07-27 06:47:07.022-05,B,126,Substrate - Web Break,,legacy
208,2026-07-27 06:47:07.022-05,2026-07-27 10:57:03.205-05,G,150,Run Production,,legacy
208,2026-07-27 10:57:03.205-05,2026-07-27 10:58:03.445-05,B,450,Non Productive,,legacy
208,2026-07-27 10:58:03.445-05,2026-07-27 11:04:04.8-05,M,48,Make Ready Sleeves,,legacy
208,2026-07-27 11:04:04.8-05,2026-07-27 12:24:23.595-05,B,82,Dr. Blade Change,,legacy
208,2026-07-27 12:24:23.595-05,2026-07-27 14:03:46.29-05,M,47,Make Ready - Time Required to Setup Job,,legacy
208,2026-07-27 14:03:46.29-05,2026-07-27 14:17:49.454-05,M,85,Make Ready - Color Match,,legacy
208,2026-07-27 14:17:49.454-05,2026-07-27 14:30:52.173-05,B,126,Substrate - Web Break,,legacy
208,2026-07-27 14:30:52.173-05,2026-07-27 14:55:58.248-05,M,85,Make Ready - Color Match,,legacy
208,2026-07-27 14:55:58.248-05,2026-07-27 16:38:22.045-05,G,150,Run Production,,legacy
208,2026-07-27 16:38:22.045-05,2026-07-27 17:00:27.011-05,B,145-3,Drum Clean,,legacy
208,2026-07-27 17:00:27.011-05,2026-07-27 17:10:29.367-05,B,99,Plates: Wash,,legacy
208,2026-07-27 17:10:29.367-05,2026-07-27 20:55:19.411-05,G,150,Run Production,,legacy
208,2026-07-27 20:55:19.411-05,2026-07-27 21:21:25.573-05,B,82,Dr. Blade Change,,legacy
208,2026-07-27 21:21:25.573-05,2026-07-27 21:29:27.687-05,G,150,Run Production,,legacy
208,2026-07-27 21:29:27.687-05,2026-07-27 21:33:28.605-05,B,95,Press Problem / Impression,,legacy
208,2026-07-27 21:33:28.605-05,2026-07-27 22:07:36.911-05,M,47-24,MR Sticky Back Change,,legacy
208,2026-07-27 22:07:36.911-05,2026-07-27 22:43:44.88-05,B,64,Mech - Press Other,,legacy
208,2026-07-27 22:43:44.88-05,2026-07-28 00:54:13.485-05,G,150,Run Production,,legacy
208,2026-07-28 00:54:13.485-05,2026-07-28 01:02:15.229-05,B,350,Roll Change,,legacy
208,2026-07-28 01:02:15.229-05,2026-07-28 04:29:01.7-05,G,150,Run Production,,legacy
208,2026-07-28 04:29:01.7-05,2026-07-28 04:31:02.156-05,B,350,Roll Change,,legacy
208,2026-07-28 04:31:02.156-05,2026-07-28 04:54:07.516-05,G,150,Run Production,,legacy
208,2026-07-28 04:54:07.516-05,2026-07-28 05:10:10.936-05,B,354,Housekeeping,,legacy
208,2026-07-28 05:10:10.936-05,2026-07-28 06:05:23.015-05,G,150,Run Production,,legacy
208,2026-07-28 06:05:23.015-05,2026-07-28 06:06:23.237-05,B,350,Roll Change,,legacy
208,2026-07-28 06:06:23.237-05,2026-07-28 07:14:39.06-05,G,150,Run Production,,legacy
208,2026-07-28 07:14:39.06-05,2026-07-28 07:20:41.034-05,B,145-3,Drum Clean,,legacy
208,2026-07-28 07:20:41.034-05,2026-07-28 07:43:46.119-05,B,99,Plates: Wash,,legacy
208,2026-07-28 07:43:46.119-05,2026-07-28 08:06:51.424-05,G,150,Run Production,,legacy
208,2026-07-28 08:06:51.424-05,2026-07-28 08:39:58.59-05,B,64,Mech - Press Other,,legacy
208,2026-07-28 08:39:58.59-05,2026-07-28 08:46:00.101-05,B,145-98,Quality Hold,,legacy
208,2026-07-28 08:46:00.101-05,2026-07-28 08:54:01.826-05,B,145-99,Other,,legacy
208,2026-07-28 08:54:01.826-05,2026-07-28 09:11:05.306-05,G,150,Run Production,,legacy
208,2026-07-28 09:11:05.306-05,2026-07-28 09:23:07.908-05,B,125,Substrate - Other,,legacy
208,2026-07-28 09:23:07.908-05,2026-07-28 11:00:28.91-05,G,150,Run Production,,legacy
208,2026-07-28 11:00:28.91-05,2026-07-28 11:46:40.104-05,B,126,Substrate - Web Break,,legacy
208,2026-07-28 11:46:40.104-05,2026-07-28 13:20:00.915-05,B,64,Mech - Press Other,,legacy
208,2026-07-28 13:20:00.915-05,2026-07-28 14:34:17.207-05,B,126,Substrate - Web Break,,legacy
208,2026-07-28 14:34:17.207-05,2026-07-28 16:43:47.653-05,G,150,Run Production,,legacy
208,2026-07-28 16:43:47.653-05,2026-07-28 16:59:51.075-05,B,145-3,Drum Clean,,legacy
208,2026-07-28 16:59:51.075-05,2026-07-28 17:07:52.802-05,B,99,Plates: Wash,,legacy
208,2026-07-28 17:07:52.802-05,2026-07-28 18:48:15.618-05,G,150,Run Production,,legacy
208,2026-07-28 18:48:15.618-05,2026-07-28 18:57:17.525-05,B,99,Plates: Wash,,legacy
208,2026-07-28 18:57:17.525-05,2026-07-28 19:45:28.327-05,G,150,Run Production,,legacy
208,2026-07-28 19:45:28.327-05,2026-07-28 19:53:30.091-05,B,95,Press Problem / Impression,,legacy
208,2026-07-28 19:53:30.091-05,2026-07-28 22:09:00.812-05,G,150,Run Production,,legacy
208,2026-07-28 22:09:00.812-05,2026-07-28 22:10:01.072-05,M,48,Make Ready Sleeves,,legacy
208,2026-07-28 22:10:01.072-05,2026-07-28 22:20:04.049-05,B,95,Press Problem / Impression,,legacy
208,2026-07-28 22:20:04.049-05,2026-07-28 22:44:09.419-05,B,64,Mech - Press Other,,legacy
208,2026-07-28 22:44:09.419-05,2026-07-28 22:51:11.071-05,M,48,Make Ready Sleeves,,legacy
208,2026-07-28 22:51:11.071-05,2026-07-28 23:08:14.839-05,B,99,Plates: Wash,,legacy
208,2026-07-28 23:08:14.839-05,2026-07-29 03:16:10.575-05,G,150,Run Production,,legacy
208,2026-07-29 03:16:10.575-05,2026-07-29 03:28:13.459-05,B,82,Dr. Blade Change,,legacy
208,2026-07-29 03:28:13.459-05,2026-07-29 05:00:36.215-05,G,150,Run Production,,legacy
208,2026-07-29 05:00:36.215-05,2026-07-29 05:28:42.465-05,B,354,Housekeeping,,legacy
208,2026-07-29 05:28:42.465-05,2026-07-29 05:41:45.413-05,B,125,Substrate - Other,,legacy
208,2026-07-29 05:41:45.413-05,2026-07-29 05:46:46.476-05,G,150,Run Production,,legacy
208,2026-07-29 05:46:46.476-05,2026-07-29 06:17:53.673-05,M,47-20,Make Ready Out of Register,,legacy
208,2026-07-29 06:17:53.673-05,2026-07-29 06:24:55.367-05,B,95,Press Problem / Impression,,legacy
208,2026-07-29 06:24:55.367-05,2026-07-29 07:54:16.029-05,G,150,Run Production,,legacy
208,2026-07-29 07:54:16.029-05,2026-07-29 08:01:17.681-05,B,95,Press Problem / Impression,,legacy
208,2026-07-29 08:01:17.681-05,2026-07-29 08:02:18.043-05,G,150,Run Production,,legacy
208,2026-07-29 08:02:18.043-05,2026-07-29 08:06:18.979-05,B,139,Rewind Material,,legacy
208,2026-07-29 08:06:18.979-05,2026-07-29 09:13:34.698-05,G,150,Run Production,,legacy
208,2026-07-29 09:13:34.698-05,2026-07-29 09:46:42.19-05,B,82,Dr. Blade Change,,legacy
208,2026-07-29 09:46:42.19-05,2026-07-29 09:47:42.391-05,B,126,Substrate - Web Break,,legacy
208,2026-07-29 09:47:42.391-05,2026-07-29 11:58:12.587-05,G,150,Run Production,,legacy
208,2026-07-29 11:58:12.587-05,2026-07-29 12:12:16.084-05,B,145-4,Plate Wash,,legacy
208,2026-07-29 12:12:16.084-05,2026-07-29 12:18:17.369-05,B,145-3,Drum Clean,,legacy
208,2026-07-29 12:18:17.369-05,2026-07-29 14:39:49.048-05,G,150,Run Production,,legacy
208,2026-07-29 14:39:49.048-05,2026-07-29 15:10:55.981-05,B,139,Rewind Material,,legacy
208,2026-07-29 15:10:55.981-05,2026-07-29 16:36:18.096-05,G,150,Run Production,,legacy
208,2026-07-29 16:36:18.096-05,2026-07-29 16:51:22.053-05,B,145-3,Drum Clean,,legacy
208,2026-07-29 16:51:22.053-05,2026-07-29 18:26:45.136-05,G,150,Run Production,,legacy
208,2026-07-29 18:26:45.136-05,2026-07-29 19:10:55.116-05,B,125,Substrate - Other,,legacy
208,2026-07-29 19:10:55.116-05,2026-07-29 19:33:00.29-05,B,99,Plates: Wash,,legacy
208,2026-07-29 19:33:00.29-05,2026-07-29 19:57:05.645-05,G,150,Run Production,,legacy
208,2026-07-29 19:57:05.645-05,2026-07-29 20:07:08.172-05,B,95,Press Problem / Impression,,legacy
208,2026-07-29 20:07:08.172-05,2026-07-29 22:28:40.905-05,M,47-20,Make Ready Out of Register,,legacy
208,2026-07-29 22:28:40.905-05,2026-07-30 00:38:09.559-05,G,150,Run Production,,legacy
208,2026-07-30 00:38:09.559-05,2026-07-30 01:12:18.04-05,B,145-98,Quality Hold,,legacy
208,2026-07-30 01:12:18.04-05,2026-07-30 01:40:24.547-05,B,82,Dr. Blade Change,,legacy
208,2026-07-30 01:40:24.547-05,2026-07-30 02:26:34.743-05,G,150,Run Production,,legacy
208,2026-07-30 02:26:34.743-05,2026-07-30 02:27:34.928-05,B,450,Non Productive,,legacy
208,2026-07-30 02:27:34.928-05,2026-07-30 03:49:53.528-05,G,150,Run Production,,legacy
208,2026-07-30 03:49:53.528-05,2026-07-30 04:23:00.676-05,B,125,Substrate - Other,,legacy
208,2026-07-30 04:23:00.676-05,2026-07-30 04:56:12.969-05,M,47-20,Make Ready Out of Register,,legacy
208,2026-07-30 04:56:12.969-05,2026-07-30 05:14:16.985-05,B,354,Housekeeping,,legacy
208,2026-07-30 05:14:16.985-05,2026-07-30 09:15:15.225-05,G,150,Run Production,,legacy
208,2026-07-30 09:15:15.225-05,2026-07-30 09:19:16.08-05,B,125,Substrate - Other,,legacy
208,2026-07-30 09:19:16.08-05,2026-07-30 09:27:18.055-05,B,99,Plates: Wash,,legacy
208,2026-07-30 09:27:18.055-05,2026-07-30 13:00:14.403-05,G,150,Run Production,,legacy
208,2026-07-30 13:00:14.403-05,2026-07-30 13:05:15.874-05,B,125,Substrate - Other,,legacy
208,2026-07-30 13:05:15.874-05,2026-07-30 13:14:17.768-05,G,150,Run Production,,legacy
208,2026-07-30 13:14:17.768-05,2026-07-30 13:17:18.351-05,B,125,Substrate - Other,,legacy
208,2026-07-30 13:17:18.351-05,2026-07-30 15:56:57.051-05,G,150,Run Production,,legacy
208,2026-07-30 15:56:57.051-05,2026-07-30 15:57:57.304-05,B,139,Rewind Material,,legacy
208,2026-07-30 15:57:57.304-05,2026-07-30 15:58:57.54-05,B,99,Plates: Wash,,legacy
208,2026-07-30 15:58:57.54-05,2026-07-30 15:59:57.788-05,B,145-3,Drum Clean,,legacy
208,2026-07-30 15:59:57.788-05,2026-07-30 16:06:59.628-05,B,354,Housekeeping,,legacy
208,2026-07-30 16:06:59.628-05,2026-07-30 16:14:01.5-05,B,99,Plates: Wash,,legacy
208,2026-07-30 16:14:01.5-05,2026-07-30 18:19:30.937-05,G,150,Run Production,,legacy
208,2026-07-30 18:19:30.937-05,2026-07-30 18:46:37.755-05,B,99,Plates: Wash,,legacy
208,2026-07-30 18:46:37.755-05,2026-07-30 21:18:11.685-05,G,150,Run Production,,legacy
208,2026-07-30 21:18:11.685-05,2026-07-30 21:48:18.733-05,B,95,Press Problem / Impression,,legacy
208,2026-07-30 21:48:18.733-05,2026-07-31 02:00:18.467-05,G,150,Run Production,,legacy
208,2026-07-31 02:00:18.467-05,2026-07-31 02:02:18.963-05,B,450,Non Productive,,legacy
208,2026-07-31 02:02:18.963-05,2026-07-31 03:09:34.861-05,M,48,Make Ready Sleeves,,legacy
208,2026-07-31 03:09:34.861-05,2026-07-31 04:10:49.629-05,M,47,Make Ready - Time Required to Setup Job,,legacy
208,2026-07-31 04:10:49.629-05,2026-07-31 04:40:56.725-05,B,145-3,Drum Clean,,legacy
208,2026-07-31 04:40:56.725-05,2026-07-31 05:00:00.849-05,B,354,Housekeeping,,legacy
208,2026-07-31 05:00:00.849-05,2026-07-31 06:01:14.247-05,M,47,Make Ready - Time Required to Setup Job,,legacy
208,2026-07-31 06:01:14.247-05,2026-07-31 07:02:29.144-05,B,145-8,Dr. Blade Change,,legacy
208,2026-07-31 07:02:29.144-05,2026-07-31 07:17:32.648-05,M,47,Make Ready - Time Required to Setup Job,,legacy
208,2026-07-31 07:17:32.648-05,2026-07-31 07:56:41.498-05,M,47-3,Make Ready Ghosting,,legacy
208,2026-07-31 07:56:41.498-05,2026-07-31 08:14:45.475-05,M,47,Make Ready - Time Required to Setup Job,,legacy
208,2026-07-31 08:14:45.475-05,2026-07-31 08:28:48.694-05,M,85,Make Ready - Color Match,,legacy
208,2026-07-31 08:28:48.694-05,2026-07-31 11:52:35.563-05,G,150,Run Production,,legacy
208,2026-07-31 11:52:35.563-05,2026-07-31 12:53:49.871-05,B,29,Electrical: Press Other,,legacy
208,2026-07-31 12:53:49.871-05,2026-07-31 14:40:12.606-05,G,150,Run Production,,legacy
208,2026-07-31 14:40:12.606-05,2026-07-31 14:45:13.759-05,B,29,Electrical: Press Other,,legacy
208,2026-07-31 14:45:13.759-05,2026-07-31 14:58:16.528-05,B,125,Substrate - Other,,legacy
208,2026-07-31 14:58:16.528-05,2026-07-31 15:41:28.887-05,G,150,Run Production,,legacy
208,2026-07-31 15:41:28.887-05,2026-07-31 15:54:32.457-05,B,29,Electrical: Press Other,,legacy
208,2026-07-31 15:54:32.457-05,2026-07-31 16:11:36.915-05,G,150,Run Production,,legacy
208,2026-07-31 16:11:36.915-05,2026-07-31 16:39:43.793-05,B,29,Electrical: Press Other,,legacy
208,2026-07-31 16:39:43.793-05,2026-07-31 16:58:48.187-05,G,150,Run Production,,legacy
208,2026-07-31 16:58:48.187-05,2026-07-31 16:59:48.425-05,B,450,Non Productive,,legacy
208,2026-07-31 16:59:48.425-05,2026-07-31 18:09:04.783-05,G,150,Run Production,,legacy
208,2026-07-31 18:09:04.783-05,2026-07-31 18:20:07.041-05,B,350,Roll Change,,legacy
208,2026-07-31 18:20:07.041-05,2026-07-31 19:04:17.841-05,G,150,Run Production,,legacy
208,2026-07-31 19:04:17.841-05,2026-07-31 19:14:19.983-05,B,350,Roll Change,,legacy
208,2026-07-31 19:14:19.983-05,2026-07-31 20:13:34.821-05,G,150,Run Production,,legacy
208,2026-07-31 20:13:34.821-05,2026-07-31 20:28:38.018-05,B,350,Roll Change,,legacy
208,2026-07-31 20:28:38.018-05,2026-07-31 20:45:41.596-05,G,150,Run Production,,legacy
208,2026-07-31 20:45:41.596-05,2026-07-31 20:47:42.011-05,B,125,Substrate - Other,,legacy
208,2026-07-31 20:47:42.011-05,2026-07-31 21:44:54.119-05,B,87,Ink: Off Color,,legacy
208,2026-07-31 21:44:54.119-05,2026-07-31 22:21:02.336-05,G,150,Run Production,,legacy
208,2026-07-31 22:21:02.336-05,2026-07-31 22:41:07.028-05,B,350,Roll Change,,legacy
208,2026-07-31 22:41:07.028-05,2026-07-31 23:12:13.699-05,G,150,Run Production,,legacy
208,2026-07-31 23:12:13.699-05,2026-07-31 23:36:18.906-05,B,99,Plates: Wash,,legacy
208,2026-07-31 23:36:18.906-05,2026-08-01 00:09:26.371-05,G,150,Run Production,,legacy
208,2026-08-01 00:09:26.371-05,2026-08-01 00:22:29.356-05,B,350,Roll Change,,legacy
208,2026-08-01 00:22:29.356-05,2026-08-01 00:24:29.804-05,B,99,Plates: Wash,,legacy
208,2026-08-01 00:24:29.804-05,2026-08-01 00:41:33.394-05,B,64,Mech - Press Other,,legacy
208,2026-08-01 00:41:33.394-05,2026-08-01 01:27:43.319-05,G,150,Run Production,,legacy
208,2026-08-01 01:27:43.319-05,2026-08-01 01:38:45.873-05,B,350,Roll Change,,legacy
208,2026-08-01 01:38:45.873-05,2026-08-01 02:22:55.271-05,G,150,Run Production,,legacy
208,2026-08-01 02:22:55.271-05,2026-08-01 02:27:56.298-05,B,350,Roll Change,,legacy
208,2026-08-01 02:27:56.298-05,2026-08-01 03:15:06.982-05,G,150,Run Production,,legacy
208,2026-08-01 03:15:06.982-05,2026-08-01 03:20:07.995-05,B,350,Roll Change,,legacy
208,2026-08-01 03:20:07.995-05,2026-08-01 04:00:16.455-05,G,150,Run Production,,legacy
208,2026-08-01 04:00:16.455-05,2026-08-01 04:07:17.924-05,B,350,Roll Change,,legacy
208,2026-08-01 04:07:17.924-05,2026-08-01 04:32:24.111-05,B,354,Housekeeping,,legacy
208,2026-08-01 04:32:24.111-05,2026-08-01 04:43:30.799-05,G,150,Run Production,,legacy
208,2026-08-01 04:43:30.799-05,2026-08-01 04:56:33.539-05,B,99,Plates: Wash,,legacy
208,2026-08-01 04:56:33.539-05,2026-08-01 05:14:37.442-05,G,150,Run Production,,legacy
208,2026-08-01 05:14:37.442-05,2026-08-01 05:23:39.491-05,B,145-4,Plate Wash,,legacy
208,2026-08-01 05:23:39.491-05,2026-08-01 05:41:43.535-05,G,150,Run Production,,legacy
208,2026-08-01 05:41:43.535-05,2026-08-01 05:54:46.325-05,B,350,Roll Change,,legacy
208,2026-08-01 05:54:46.325-05,2026-08-01 06:46:57.501-05,G,150,Run Production,,legacy
208,2026-08-01 06:46:57.501-05,2026-08-01 07:04:01.197-05,B,145-8,Dr. Blade Change,,legacy
208,2026-08-01 07:04:01.197-05,2026-08-01 07:19:05.002-05,B,125,Substrate - Other,,legacy
208,2026-08-01 07:19:05.002-05,2026-08-01 08:55:25.593-05,G,150,Run Production,,legacy
208,2026-08-01 08:55:25.593-05,2026-08-01 09:02:27.1-05,B,95,Press Problem / Impression,,legacy
208,2026-08-01 09:02:27.1-05,2026-08-01 09:32:33.478-05,B,87,Ink: Off Color,,legacy
208,2026-08-01 09:32:33.478-05,2026-08-01 11:01:53.186-05,G,150,Run Production,,legacy
208,2026-08-01 11:01:53.186-05,2026-08-01 11:04:53.819-05,B,95,Press Problem / Impression,,legacy
208,2026-08-01 11:04:53.819-05,2026-08-01 11:19:57.306-05,M,47-3,Make Ready Ghosting,,legacy
208,2026-08-01 11:19:57.306-05,2026-08-01 11:33:00.059-05,G,150,Run Production,,legacy
208,2026-08-01 11:33:00.059-05,2026-08-01 11:39:01.333-05,M,47-3,Make Ready Ghosting,,legacy
208,2026-08-01 11:39:01.333-05,2026-08-01 12:44:15.833-05,G,150,Run Production,,legacy
208,2026-08-01 12:44:15.833-05,2026-08-01 12:58:18.784-05,B,145-3,Drum Clean,,legacy
208,2026-08-01 12:58:18.784-05,2026-08-01 13:37:28.181-05,G,150,Run Production,,legacy
208,2026-08-01 13:37:28.181-05,2026-08-01 13:49:31.272-05,B,99,Plates: Wash,,legacy
208,2026-08-01 13:49:31.272-05,2026-08-01 15:54:58.196-05,G,150,Run Production,,legacy
208,2026-08-01 15:54:58.196-05,2026-08-01 16:11:01.834-05,B,354,Housekeeping,,legacy
208,2026-08-01 16:11:01.834-05,2026-08-01 18:09:29.012-05,G,150,Run Production,,legacy
208,2026-08-01 18:09:29.012-05,2026-08-01 18:12:29.682-05,B,350,Roll Change,,legacy
208,2026-08-01 18:12:29.682-05,2026-08-01 18:50:38.731-05,G,150,Run Production,,legacy
208,2026-08-01 18:50:38.731-05,2026-08-01 18:58:40.313-05,B,350,Roll Change,,legacy
208,2026-08-01 18:58:40.313-05,2026-08-01 19:13:43.47-05,B,145-4,Plate Wash,,legacy
208,2026-08-01 19:13:43.47-05,2026-08-01 19:34:48.036-05,B,87,Ink: Off Color,,legacy
208,2026-08-01 19:34:48.036-05,2026-08-01 20:20:58.148-05,G,150,Run Production,,legacy
208,2026-08-01 20:20:58.148-05,2026-08-01 20:40:02.097-05,B,350,Roll Change,,legacy
208,2026-08-01 20:40:02.097-05,2026-08-01 21:11:09.079-05,G,150,Run Production,,legacy
208,2026-08-01 21:11:09.079-05,2026-08-01 21:38:14.726-05,B,350,Roll Change,,legacy
208,2026-08-01 21:38:14.726-05,2026-08-01 21:47:16.65-05,G,150,Run Production,,legacy
208,2026-08-01 21:47:16.65-05,2026-08-01 22:09:21.455-05,B,350,Roll Change,,legacy
208,2026-08-01 22:09:21.455-05,2026-08-01 22:49:31.569-05,G,150,Run Production,,legacy
208,2026-08-01 22:49:31.569-05,2026-08-01 22:56:33.083-05,B,350,Roll Change,,legacy
208,2026-08-01 22:56:33.083-05,2026-08-01 23:46:44.098-05,G,150,Run Production,,legacy
208,2026-08-01 23:46:44.098-05,2026-08-02 00:06:49.153-05,B,350,Roll Change,,legacy
208,2026-08-02 00:06:49.153-05,2026-08-02 00:20:52.761-05,G,150,Run Production,,legacy
208,2026-08-02 00:20:52.761-05,2026-08-02 00:30:54.939-05,B,145-4,Plate Wash,,legacy
208,2026-08-02 00:30:54.939-05,2026-08-02 00:59:01.617-05,G,150,Run Production,,legacy
208,2026-08-02 00:59:01.617-05,2026-08-02 01:04:02.708-05,B,350,Roll Change,,legacy
208,2026-08-02 01:04:02.708-05,2026-08-02 01:50:12.523-05,G,150,Run Production,,legacy
208,2026-08-02 01:50:12.523-05,2026-08-02 01:55:13.57-05,B,350,Roll Change,,legacy
208,2026-08-02 01:55:13.57-05,2026-08-02 02:53:27.252-05,G,150,Run Production,,legacy
208,2026-08-02 02:53:27.252-05,2026-08-02 03:01:29.15-05,B,350,Roll Change,,legacy
208,2026-08-02 03:01:29.15-05,2026-08-02 03:30:35.494-05,G,150,Run Production,,legacy
208,2026-08-02 03:30:35.494-05,2026-08-02 03:51:40.745-05,B,350,Roll Change,,legacy
208,2026-08-02 03:51:40.745-05,2026-08-02 04:04:43.898-05,G,150,Run Production,,legacy
208,2026-08-02 04:04:43.898-05,2026-08-02 04:10:45.145-05,B,87,Ink: Off Color,,legacy
208,2026-08-02 04:10:45.145-05,2026-08-02 04:31:50.086-05,G,150,Run Production,,legacy
208,2026-08-02 04:31:50.086-05,2026-08-02 04:42:52.421-05,B,350,Roll Change,,legacy
208,2026-08-02 04:42:52.421-05,2026-08-02 05:10:59.43-05,G,150,Run Production,,legacy
208,2026-08-02 05:10:59.43-05,2026-08-02 05:11:59.676-05,B,450,Non Productive,,legacy
208,2026-08-02 05:11:59.676-05,2026-08-02 05:49:07.392-05,M,48,Make Ready Sleeves,,legacy
208,2026-08-02 05:49:07.392-05,2026-08-02 06:04:10.667-05,B,354,Housekeeping,,legacy
208,2026-08-02 06:04:10.667-05,2026-08-02 07:42:33.562-05,B,82,Dr. Blade Change,,legacy
208,2026-08-02 07:42:33.562-05,2026-08-02 08:42:46.461-05,M,47,Make Ready - Time Required to Setup Job,,legacy
208,2026-08-02 08:42:46.461-05,2026-08-02 09:09:52.148-05,B,64,Mech - Press Other,,legacy
208,2026-08-02 09:09:52.148-05,2026-08-02 10:38:11.972-05,M,47,Make Ready - Time Required to Setup Job,,legacy
208,2026-08-02 10:38:11.972-05,2026-08-02 11:11:19.384-05,B,99,Plates: Wash,,legacy
208,2026-08-02 11:11:19.384-05,2026-08-02 11:51:28.879-05,M,47,Make Ready - Time Required to Setup Job,,legacy
208,2026-08-02 11:51:28.879-05,2026-08-02 13:01:43.851-05,B,450,Non Productive,,legacy
208,2026-08-02 13:01:43.851-05,2026-08-02 13:05:44.751-05,B,64,Mech - Press Other,,legacy
208,2026-08-02 13:05:44.751-05,2026-08-02 13:31:50.959-05,M,47,Make Ready - Time Required to Setup Job,,legacy
208,2026-08-02 13:31:50.959-05,2026-08-02 13:47:54.557-05,M,48,Make Ready Sleeves,,legacy
208,2026-08-02 13:47:54.557-05,2026-08-02 15:21:15.823-05,M,85,Make Ready - Color Match,,legacy
208,2026-08-02 15:21:15.823-05,2026-08-02 16:18:28.678-05,M,47,Make Ready - Time Required to Setup Job,,legacy
208,2026-08-02 16:18:28.678-05,2026-08-02 16:30:31.38-05,G,150,Run Production,,legacy
208,2026-08-02 16:30:31.38-05,2026-08-02 16:49:35.424-05,B,145-3,Drum Clean,,legacy
208,2026-08-02 16:49:35.424-05,2026-08-02 17:43:47.006-05,G,150,Run Production,,legacy
208,2026-08-02 17:43:47.006-05,2026-08-02 17:59:51.839-05,B,64,Mech - Press Other,,legacy
208,2026-08-02 17:59:51.839-05,2026-08-02 18:08:53.746-05,M,48,Make Ready Sleeves,,legacy
208,2026-08-02 18:08:53.746-05,2026-08-02 18:34:59.42-05,B,145-99,Other,,legacy
208,2026-08-02 18:34:59.42-05,2026-08-02 18:36:59.829-05,B,88,Pump Problem,,legacy
208,2026-08-02 18:36:59.829-05,2026-08-02 19:04:06.018-05,B,145-99,Other,,legacy
208,2026-08-02 19:04:06.018-05,2026-08-02 19:33:12.172-05,G,150,Run Production,,legacy
208,2026-08-02 19:33:12.172-05,2026-08-02 19:39:13.449-05,B,99,Plates: Wash,,legacy
208,2026-08-02 19:39:13.449-05,2026-08-02 20:23:23.516-05,M,47-24,MR Sticky Back Change,,legacy
208,2026-08-02 20:23:23.516-05,2026-08-02 20:25:24.029-05,B,139,Rewind Material,,legacy
208,2026-08-02 20:25:24.029-05,2026-08-02 20:29:24.795-05,B,99,Plates: Wash,,legacy
208,2026-08-02 20:29:24.795-05,2026-08-02 20:38:26.744-05,G,150,Run Production,,legacy
208,2026-08-02 20:38:26.744-05,2026-08-02 20:43:27.742-05,B,95,Press Problem / Impression,,legacy
208,2026-08-02 20:43:27.742-05,2026-08-02 21:06:32.774-05,M,80,Anilox: Change,,legacy
208,2026-08-02 21:06:32.774-05,2026-08-02 21:49:42.51-05,G,150,Run Production,,legacy
208,2026-08-02 21:49:42.51-05,2026-08-02 22:13:47.536-05,B,145-99,Other,,legacy
208,2026-08-02 22:13:47.536-05,2026-08-02 23:08:59.94-05,G,150,Run Production,,legacy
208,2026-08-02 23:08:59.94-05,2026-08-02 23:23:03.11-05,B,145-4,Plate Wash,,legacy
208,2026-08-02 23:23:03.11-05,2026-08-03 00:12:13.93-05,G,150,Run Production,,legacy
208,2026-08-03 00:12:13.93-05,2026-08-03 00:31:18.479-05,B,145-4,Plate Wash,,legacy
208,2026-08-03 00:31:18.479-05,2026-08-03 01:52:36.547-05,G,150,Run Production,,legacy
208,2026-08-03 01:52:36.547-05,2026-08-03 02:16:41.777-05,B,139,Rewind Material,,legacy
208,2026-08-03 02:16:41.777-05,2026-08-03 02:22:42.973-05,B,145-4,Plate Wash,,legacy
208,2026-08-03 02:22:42.973-05,2026-08-03 02:43:47.895-05,G,150,Run Production,,legacy
208,2026-08-03 02:43:47.895-05,2026-08-03 03:16:55.085-05,B,95,Press Problem / Impression,,legacy
208,2026-08-03 03:16:55.085-05,2026-08-03 03:37:59.676-05,B,82,Dr. Blade Change,,legacy
208,2026-08-03 03:37:59.676-05,2026-08-03 04:14:07.176-05,B,145-99,Other,,legacy
208,2026-08-03 04:14:07.176-05,2026-08-03 04:27:09.904-05,G,150,Run Production,,legacy
208,2026-08-03 04:27:09.904-05,2026-08-03 04:52:15.199-05,M,80,Anilox: Change,,legacy
208,2026-08-03 04:52:15.199-05,2026-08-03 05:12:19.829-05,B,354,Housekeeping,,legacy
208,2026-08-03 05:12:19.829-05,2026-08-03 05:20:21.564-05,B,145-4,Plate Wash,,legacy
208,2026-08-03 05:20:21.564-05,2026-08-03 05:21:21.775-05,B,145-1,Film Core Waste,,legacy
208,2026-08-03 05:21:21.775-05,2026-08-03 05:24:22.53-05,B,145-4,Plate Wash,,legacy
208,2026-08-03 05:24:22.53-05,2026-08-03 06:13:33.402-05,G,150,Run Production,,legacy
208,2026-08-03 06:13:33.402-05,2026-08-03 06:22:35.368-05,B,99,Plates: Wash,,legacy
208,2026-08-03 06:22:35.368-05,2026-08-03 06:59:43.587-05,G,150,Run Production,,legacy
208,2026-08-03 06:59:43.587-05,2026-08-03 07:06:45.066-05,B,82,Dr. Blade Change,,legacy
208,2026-08-03 07:06:45.066-05,2026-08-03 07:14:46.933-05,B,99,Plates: Wash,,legacy
208,2026-08-03 07:14:46.933-05,2026-08-03 08:22:01.73-05,G,150,Run Production,,legacy
208,2026-08-03 08:22:01.73-05,2026-08-03 08:28:03.145-05,B,99,Plates: Wash,,legacy
208,2026-08-03 08:28:03.145-05,2026-08-03 09:58:22.727-05,G,150,Run Production,,legacy
208,2026-08-03 09:58:22.727-05,2026-08-03 10:03:23.965-05,B,95,Press Problem / Impression,,legacy
208,2026-08-03 10:03:23.965-05,2026-08-03 11:36:45.393-05,G,150,Run Production,,legacy
208,2026-08-03 11:36:45.393-05,2026-08-03 11:51:48.942-05,B,99,Plates: Wash,,legacy
208,2026-08-03 11:51:48.942-05,2026-08-03 12:01:51.383-05,B,82,Dr. Blade Change,,legacy
208,2026-08-03 12:01:51.383-05,2026-08-03 14:18:23.75-05,G,150,Run Production,,legacy
208,2026-08-03 14:18:23.75-05,2026-08-03 14:29:26.228-05,B,99,Plates: Wash,,legacy
208,2026-08-03 14:29:26.228-05,2026-08-03 16:32:04.833-05,G,150,Run Production,,legacy
208,2026-08-03 16:32:04.833-05,2026-08-03 16:59:11.356-05,B,354,Housekeeping,,legacy
208,2026-08-03 16:59:11.356-05,2026-08-03 20:03:54.309-05,G,150,Run Production,,legacy
208,2026-08-03 20:03:54.309-05,2026-08-03 20:10:55.954-05,B,64,Mech - Press Other,,legacy
208,2026-08-03 20:10:55.954-05,2026-08-03 20:17:57.591-05,G,150,Run Production,,legacy
208,2026-08-03 20:17:57.591-05,2026-08-03 20:41:02.777-05,B,82,Dr. Blade Change,,legacy
208,2026-08-03 20:41:02.777-05,2026-08-03 23:12:38.009-05,G,150,Run Production,,legacy
208,2026-08-03 23:12:38.009-05,2026-08-03 23:32:42.743-05,M,80,Anilox: Change,,legacy
208,2026-08-03 23:32:42.743-05,2026-08-04 00:39:57.527-05,G,150,Run Production,,legacy
208,2026-08-04 00:39:57.527-05,2026-08-04 00:54:00.546-05,B,99,Plates: Wash,,legacy
208,2026-08-04 00:54:00.546-05,2026-08-04 02:00:16.082-05,G,150,Run Production,,legacy
208,2026-08-04 02:00:16.082-05,2026-08-04 02:09:17.938-05,B,450,Non Productive,,legacy
208,2026-08-04 02:09:17.938-05,2026-08-04 03:24:35.092-05,M,48,Make Ready Sleeves,,legacy
208,2026-08-04 03:24:35.092-05,2026-08-04 03:43:39.276-05,M,47,Make Ready - Time Required to Setup Job,,legacy
208,2026-08-04 03:43:39.276-05,2026-08-04 05:58:10.574-05,M,47-17,Make Ready Dirty Anilox,,legacy
208,2026-08-04 05:58:10.574-05,2026-08-04 06:40:20.488-05,M,47,Make Ready - Time Required to Setup Job,,legacy
208,2026-08-04 06:40:20.488-05,2026-08-04 07:13:29.21-05,M,47-5,Make Ready Chamber Malfunction,,legacy
208,2026-08-04 07:13:29.21-05,2026-08-04 08:09:42.569-05,M,47,Make Ready - Time Required to Setup Job,,legacy
208,2026-08-04 08:09:42.569-05,2026-08-04 08:37:49.143-05,B,89,Ink: Wait On,,legacy
208,2026-08-04 08:37:49.143-05,2026-08-04 10:17:12.39-05,M,47,Make Ready - Time Required to Setup Job,,legacy
208,2026-08-04 10:17:12.39-05,2026-08-04 11:38:31.361-05,M,47-5,Make Ready Chamber Malfunction,,legacy
208,2026-08-04 11:38:31.361-05,2026-08-04 11:59:36.494-05,M,80,Anilox: Change,,legacy
208,2026-08-04 11:59:36.494-05,2026-08-04 12:11:39.21-05,M,85,Make Ready - Color Match,,legacy
208,2026-08-04 12:11:39.21-05,2026-08-04 12:34:44.534-05,M,47-23,MR Plate Damage in Pre Press,,legacy
208,2026-08-04 12:34:44.534-05,2026-08-04 14:06:05.799-05,G,150,Run Production,,legacy
208,2026-08-04 14:06:05.799-05,2026-08-04 14:17:08.428-05,B,89,Ink: Wait On,,legacy
208,2026-08-04 14:17:08.428-05,2026-08-04 14:23:09.848-05,B,145-3,Drum Clean,,legacy
208,2026-08-04 14:23:09.848-05,2026-08-04 15:58:32.413-05,G,150,Run Production,,legacy
208,2026-08-04 15:58:32.413-05,2026-08-04 16:14:36.948-05,B,99,Plates: Wash,,legacy
208,2026-08-04 16:14:36.948-05,2026-08-04 16:37:42.288-05,B,145-3,Drum Clean,,legacy
208,2026-08-04 16:37:42.288-05,2026-08-04 18:25:07.801-05,G,150,Run Production,,legacy
208,2026-08-04 18:25:07.801-05,2026-08-04 20:10:31.571-05,M,47-5,Make Ready Chamber Malfunction,,legacy
208,2026-08-04 20:10:31.571-05,2026-08-04 20:39:38.231-05,B,145-98,Quality Hold,,legacy
208,2026-08-04 20:39:38.231-05,2026-08-04 20:53:41.409-05,B,99,Plates: Wash,,legacy
208,2026-08-04 20:53:41.409-05,2026-08-04 22:23:02.281-05,G,150,Run Production,,legacy
208,2026-08-04 22:23:02.281-05,2026-08-04 22:29:03.698-05,B,64,Mech - Press Other,,legacy
208,2026-08-04 22:29:03.698-05,2026-08-05 01:03:39.911-05,G,150,Run Production,,legacy
208,2026-08-05 01:03:39.911-05,2026-08-05 01:34:47.554-05,B,145-98,Quality Hold,,legacy
208,2026-08-05 01:34:47.554-05,2026-08-05 01:50:51.199-05,B,99,Plates: Wash,,legacy
208,2026-08-05 01:50:51.199-05,2026-08-05 03:44:16.928-05,G,150,Run Production,,legacy
208,2026-08-05 03:44:16.928-05,2026-08-05 03:54:19.156-05,B,95,Press Problem / Impression,,legacy
208,2026-08-05 03:54:19.156-05,2026-08-05 03:55:19.443-05,G,150,Run Production,,legacy
208,2026-08-05 03:55:19.443-05,2026-08-05 04:02:21.119-05,B,95,Press Problem / Impression,,legacy
208,2026-08-05 04:02:21.119-05,2026-08-05 05:17:38.592-05,G,150,Run Production,,legacy
208,2026-08-05 05:17:38.592-05,2026-08-05 05:42:44.641-05,B,354,Housekeeping,,legacy
208,2026-08-05 05:42:44.641-05,2026-08-05 06:13:52.691-05,G,150,Run Production,,legacy
208,2026-08-05 06:13:52.691-05,2026-08-05 06:24:55.205-05,B,64,Mech - Press Other,,legacy
208,2026-08-05 06:24:55.205-05,2026-08-05 06:39:58.57-05,B,145-6,Ink Spill,,legacy
208,2026-08-05 06:39:58.57-05,2026-08-05 08:19:22.297-05,G,150,Run Production,,legacy
208,2026-08-05 08:19:22.297-05,2026-08-05 08:46:28.67-05,B,125,Substrate - Other,,legacy
208,2026-08-05 08:46:28.67-05,2026-08-05 08:59:31.923-05,M,47-15,MR Anilox Change (High Volume),,legacy
208,2026-08-05 08:59:31.923-05,2026-08-05 09:52:43.45-05,B,64,Mech - Press Other,,legacy
208,2026-08-05 09:52:43.45-05,2026-08-05 10:46:55.994-05,G,150,Run Production,,legacy
208,2026-08-05 10:46:55.994-05,2026-08-05 11:45:10.656-05,M,47-5,Make Ready Chamber Malfunction,,legacy
208,2026-08-05 11:45:10.656-05,2026-08-05 14:02:42.732-05,G,150,Run Production,,legacy
208,2026-08-05 14:02:42.732-05,2026-08-05 14:34:50.19-05,B,64,Mech - Press Other,,legacy
208,2026-08-05 14:34:50.19-05,2026-08-05 14:39:51.293-05,G,150,Run Production,,legacy
208,2026-08-05 14:39:51.293-05,2026-08-05 14:40:51.553-05,B,64,Mech - Press Other,,legacy
208,2026-08-05 14:40:51.553-05,2026-08-05 14:56:56.039-05,G,150,Run Production,,legacy
208,2026-08-05 14:56:56.039-05,2026-08-05 15:24:02.321-05,B,145-6,Ink Spill,,legacy
208,2026-08-05 15:24:02.321-05,2026-08-05 17:00:25.142-05,G,150,Run Production,,legacy
208,2026-08-05 17:00:25.142-05,2026-08-05 17:14:28.403-05,M,48,Make Ready Sleeves,,legacy
208,2026-08-05 17:14:28.403-05,2026-08-05 17:40:36.348-05,B,354,Housekeeping,,legacy
208,2026-08-05 17:40:36.348-05,2026-08-05 17:47:37.868-05,M,47,Make Ready - Time Required to Setup Job,,legacy
208,2026-08-05 17:47:37.868-05,2026-08-05 18:13:44.07-05,B,89,Ink: Wait On,,legacy
208,2026-08-05 18:13:44.07-05,2026-08-05 19:44:09.752-05,M,47,Make Ready - Time Required to Setup Job,,legacy
208,2026-08-05 19:44:09.752-05,2026-08-05 20:17:17.775-05,B,126,Substrate - Web Break,,legacy
208,2026-08-05 20:17:17.775-05,2026-08-05 20:29:20.622-05,M,47,Make Ready - Time Required to Setup Job,,legacy
208,2026-08-05 20:29:20.622-05,2026-08-05 20:51:26.252-05,G,150,Run Production,,legacy
208,2026-08-05 20:51:26.252-05,2026-08-05 21:27:34.343-05,B,64,Mech - Press Other,,legacy
208,2026-08-05 21:27:34.343-05,2026-08-05 21:43:38.551-05,G,150,Run Production,,legacy
208,2026-08-05 21:43:38.551-05,2026-08-05 21:44:38.802-05,M,47-14,MR Anilox Change (Low volume),,legacy
208,2026-08-05 21:44:38.802-05,2026-08-05 22:46:53.644-05,M,47-5,Make Ready Chamber Malfunction,,legacy
208,2026-08-05 22:46:53.644-05,2026-08-05 23:08:58.714-05,G,150,Run Production,,legacy
208,2026-08-05 23:08:58.714-05,2026-08-06 00:20:15.046-05,B,64,Mech - Press Other,,legacy
208,2026-08-06 00:20:15.046-05,2026-08-06 02:06:39.564-05,G,150,Run Production,,legacy
208,2026-08-06 02:06:39.564-05,2026-08-06 02:17:42.125-05,B,145-4,Plate Wash,,legacy
208,2026-08-06 02:17:42.125-05,2026-08-06 05:05:20.986-05,G,150,Run Production,,legacy
208,2026-08-06 05:05:20.986-05,2026-08-06 05:45:30.375-05,B,354,Housekeeping,,legacy
208,2026-08-06 05:45:30.375-05,2026-08-06 05:53:32.393-05,B,95,Press Problem / Impression,,legacy
208,2026-08-06 05:53:32.393-05,2026-08-06 06:06:35.645-05,G,150,Run Production,,legacy
208,2026-08-06 06:06:35.645-05,2026-08-06 06:21:39.345-05,B,125,Substrate - Other,,legacy
208,2026-08-06 06:21:39.345-05,2026-08-06 06:56:47.769-05,B,354,Housekeeping,,legacy
208,2026-08-06 06:56:47.769-05,2026-08-06 08:36:11.548-05,G,150,Run Production,,legacy
208,2026-08-06 08:36:11.548-05,2026-08-06 09:03:18.174-05,B,145-6,Ink Spill,,legacy
208,2026-08-06 09:03:18.174-05,2026-08-06 11:12:49.793-05,G,150,Run Production,,legacy
208,2026-08-06 11:12:49.793-05,2026-08-06 11:23:52.296-05,B,99,Plates: Wash,,legacy
208,2026-08-06 11:23:52.296-05,2026-08-06 12:43:10.28-05,G,150,Run Production,,legacy
208,2026-08-06 12:43:10.28-05,2026-08-06 12:54:12.77-05,B,145-6,Ink Spill,,legacy
208,2026-08-06 12:54:12.77-05,2026-08-06 15:17:46.945-05,G,150,Run Production,,legacy
208,2026-08-06 15:17:46.945-05,2026-08-06 15:18:47.176-05,B,450,Non Productive,,legacy
208,2026-08-06 15:18:47.176-05,2026-08-06 15:34:50.403-05,M,48,Make Ready Sleeves,,legacy
208,2026-08-06 15:34:50.403-05,2026-08-06 15:51:45.139-05,M,47,Make Ready - Time Required to Setup Job,,legacy
208,2026-08-06 15:51:45.139-05,2026-08-06 15:58:46.7-05,M,48,Make Ready Sleeves,,legacy
208,2026-08-06 15:58:46.7-05,2026-08-06 15:59:46.984-05,B,82,Dr. Blade Change,,legacy
208,2026-08-06 15:59:46.984-05,2026-08-06 16:12:50.613-05,M,47-99,Make Ready Other,,legacy
208,2026-08-06 16:12:50.613-05,2026-08-06 16:45:32.405-05,B,354,Housekeeping,,legacy
208,2026-08-06 16:45:32.405-05,2026-08-06 23:10:55.354-05,M,47-99,Make Ready Other,,legacy
208,2026-08-06 23:10:55.354-05,2026-08-06 23:13:58.784-05,G,150,Run Production,,legacy
208,2026-08-06 23:13:58.784-05,2026-08-06 23:21:05.18-05,B,139,Rewind Material,,legacy
208,2026-08-06 23:21:05.18-05,2026-08-07 01:18:58.22-05,B,126,Substrate - Web Break,,legacy
208,2026-08-07 01:18:58.22-05,2026-08-07 02:09:13.22-05,G,150,Run Production,,legacy
208,2026-08-07 02:09:13.22-05,2026-08-07 02:30:25.719-05,B,145-4,Plate Wash,,legacy
208,2026-08-07 02:30:25.719-05,2026-08-07 02:58:43.329-05,G,150,Run Production,,legacy
208,2026-08-07 02:58:43.329-05,2026-08-07 03:16:52.093-05,B,350,Roll Change,,legacy
208,2026-08-07 03:16:52.093-05,2026-08-07 03:46:05.755-05,G,150,Run Production,,legacy
208,2026-08-07 03:46:05.755-05,2026-08-07 03:51:07.372-05,B,350,Roll Change,,legacy
208,2026-08-07 03:51:07.372-05,2026-08-07 04:27:21.478-05,G,150,Run Production,,legacy
208,2026-08-07 04:27:21.478-05,2026-08-07 04:55:44.482-05,B,354,Housekeeping,,legacy
208,2026-08-07 04:55:44.482-05,2026-08-07 05:15:55.936-05,G,150,Run Production,,legacy
208,2026-08-07 05:15:55.936-05,2026-08-07 05:29:01.677-05,B,350,Roll Change,,legacy
208,2026-08-07 05:29:01.677-05,2026-08-07 11:59:48.456-05,G,150,Run Production,,legacy
208,2026-08-07 11:59:48.456-05,2026-08-07 12:21:00.866-05,M,48,Make Ready Sleeves,,legacy
208,2026-08-07 12:21:00.866-05,2026-08-07 17:29:29.489-05,M,47,Make Ready - Time Required to Setup Job,,legacy
208,2026-08-07 17:29:29.489-05,2026-08-07 18:17:42.475-05,G,150,Run Production,,legacy
208,2026-08-07 18:17:42.475-05,2026-08-07 20:12:35.545-05,M,48,Make Ready Sleeves,,legacy
208,2026-08-07 20:12:35.545-05,2026-08-07 21:06:00.186-05,M,47,Make Ready - Time Required to Setup Job,,legacy
208,2026-08-07 21:06:00.186-05,2026-08-07 21:35:08.273-05,M,85,Make Ready - Color Match,,legacy
208,2026-08-07 21:35:08.273-05,2026-08-07 22:18:20.88-05,M,80,Anilox: Change,,legacy
208,2026-08-07 22:18:20.88-05,2026-08-07 22:50:30.58-05,G,150,Run Production,,legacy
208,2026-08-07 22:50:30.58-05,2026-08-07 23:43:44.809-05,M,47-24,MR Sticky Back Change,,legacy
208,2026-08-07 23:43:44.809-05,2026-08-07 23:50:46.677-05,M,80,Anilox: Change,,legacy
208,2026-08-07 23:50:46.677-05,2026-08-08 00:17:54.053-05,G,150,Run Production,,legacy
208,2026-08-08 00:17:54.053-05,2026-08-08 00:32:57.995-05,B,354,Housekeeping,,legacy
208,2026-08-08 00:32:57.995-05,2026-08-08 00:59:04.871-05,G,150,Run Production,,legacy
208,2026-08-08 00:59:04.871-05,2026-08-08 01:09:07.697-05,B,350,Roll Change,,legacy
208,2026-08-08 01:09:07.697-05,2026-08-08 01:10:07.935-05,G,150,Run Production,,legacy
208,2026-08-08 01:10:07.935-05,2026-08-08 01:21:10.696-05,B,125,Substrate - Other,,legacy
208,2026-08-08 01:21:10.696-05,2026-08-08 02:33:33.932-05,B,41-3,Maintenance - Pump,,legacy
208,2026-08-08 02:33:33.932-05,2026-08-08 02:55:41.416-05,G,150,Run Production,,legacy
208,2026-08-08 02:55:41.416-05,2026-08-08 02:56:41.685-05,B,139,Rewind Material,,legacy
208,2026-08-08 02:56:41.685-05,2026-08-08 05:06:15.732-05,B,41-3,Maintenance - Pump,,legacy
208,2026-08-08 05:06:15.732-05,2026-08-08 05:48:27.474-05,G,150,Run Production,,legacy
208,2026-08-08 05:48:27.474-05,2026-08-08 05:56:29.763-05,B,350,Roll Change,,legacy
208,2026-08-08 05:56:29.763-05,2026-08-08 06:09:33.266-05,G,150,Run Production,,legacy
208,2026-08-08 06:09:33.266-05,2026-08-08 06:39:41.548-05,B,125,Substrate - Other,,legacy
208,2026-08-08 06:39:41.548-05,2026-08-08 07:20:53.645-05,G,150,Run Production,,legacy
208,2026-08-08 07:20:53.645-05,2026-08-08 07:22:54.209-05,B,29,Electrical: Press Other,,legacy
208,2026-08-08 07:22:54.209-05,2026-08-08 08:13:06.739-05,G,150,Run Production,,legacy
208,2026-08-08 08:13:06.739-05,2026-08-08 08:35:12.445-05,B,82,Dr. Blade Change,,legacy
208,2026-08-08 08:35:12.445-05,2026-08-08 09:12:24.502-05,G,150,Run Production,,legacy
208,2026-08-08 09:12:24.502-05,2026-08-08 09:27:28.421-05,B,82,Dr. Blade Change,,legacy
208,2026-08-08 09:27:28.421-05,2026-08-08 10:22:43.155-05,G,150,Run Production,,legacy
208,2026-08-08 10:22:43.155-05,2026-08-08 10:43:48.262-05,B,125,Substrate - Other,,legacy
208,2026-08-08 10:43:48.262-05,2026-08-08 11:37:00.948-05,G,150,Run Production,,legacy
208,2026-08-08 11:37:00.948-05,2026-08-08 11:55:05.408-05,B,145-3,Drum Clean,,legacy
208,2026-08-08 11:55:05.408-05,2026-08-08 18:45:56.939-05,G,150,Run Production,,legacy
208,2026-08-08 18:45:56.939-05,2026-08-08 18:52:58.55-05,B,95,Press Problem / Impression,,legacy
208,2026-08-08 18:52:58.55-05,2026-08-08 19:25:06.484-05,G,150,Run Production,,legacy
208,2026-08-08 19:25:06.484-05,2026-08-08 19:26:06.667-05,B,450,Non Productive,,legacy
208,2026-08-08 19:26:06.667-05,2026-08-08 20:16:18.091-05,M,48,Make Ready Sleeves,,legacy
208,2026-08-08 20:16:18.091-05,2026-08-08 20:25:20.325-05,M,47-99,Make Ready Other,,legacy
208,2026-08-08 20:25:20.325-05,2026-08-08 20:55:27.404-05,B,82,Dr. Blade Change,,legacy
208,2026-08-08 20:55:27.404-05,2026-08-08 21:41:39.129-05,M,47-99,Make Ready Other,,legacy
208,2026-08-08 21:41:39.129-05,2026-08-08 21:51:41.504-05,B,64,Mech - Press Other,,legacy
208,2026-08-08 21:51:41.504-05,2026-08-08 23:31:08.826-05,M,47,Make Ready - Time Required to Setup Job,,legacy
208,2026-08-08 23:31:08.826-05,2026-08-09 00:06:17.269-05,M,80,Anilox: Change,,legacy
208,2026-08-09 00:06:17.269-05,2026-08-09 01:07:32.12-05,B,64,Mech - Press Other,,legacy
208,2026-08-09 01:07:32.12-05,2026-08-09 01:11:33.137-05,G,150,Run Production,,legacy
208,2026-08-09 01:11:33.137-05,2026-08-09 02:00:45.085-05,M,47,Make Ready - Time Required to Setup Job,,legacy
208,2026-08-09 02:00:45.085-05,2026-08-09 02:15:48.607-05,M,80,Anilox: Change,,legacy
208,2026-08-09 02:15:48.607-05,2026-08-09 02:33:52.403-05,G,150,Run Production,,legacy
208,2026-08-09 02:33:52.403-05,2026-08-09 02:43:54.493-05,B,95,Press Problem / Impression,,legacy
208,2026-08-09 02:43:54.493-05,2026-08-09 03:24:04.909-05,G,150,Run Production,,legacy
208,2026-08-09 03:24:04.909-05,2026-08-09 03:40:08.741-05,B,95,Press Problem / Impression,,legacy
208,2026-08-09 03:40:08.741-05,2026-08-09 03:44:09.777-05,G,150,Run Production,,legacy
208,2026-08-09 03:44:09.777-05,2026-08-09 03:57:13.053-05,B,95,Press Problem / Impression,,legacy
208,2026-08-09 03:57:13.053-05,2026-08-09 05:05:30.566-05,G,150,Run Production,,legacy
208,2026-08-09 05:05:30.566-05,2026-08-09 05:23:35.611-05,B,354,Housekeeping,,legacy
208,2026-08-09 05:23:35.611-05,2026-08-09 07:13:04.179-05,G,150,Run Production,,legacy
208,2026-08-09 07:13:04.179-05,2026-08-09 07:44:11.693-05,B,82,Dr. Blade Change,,legacy
208,2026-08-09 07:44:11.693-05,2026-08-09 10:26:52.377-05,G,150,Run Production,,legacy
208,2026-08-09 10:26:52.377-05,2026-08-09 10:36:54.609-05,B,83,Drum: Clean,,legacy
208,2026-08-09 10:36:54.609-05,2026-08-09 11:35:10.749-05,G,150,Run Production,,legacy
208,2026-08-09 11:35:10.749-05,2026-08-09 12:03:19.917-05,B,95,Press Problem / Impression,,legacy
208,2026-08-09 12:03:19.917-05,2026-08-09 15:00:07.277-05,G,150,Run Production,,legacy
208,2026-08-09 15:00:07.277-05,2026-08-09 15:08:09.065-05,B,95,Press Problem / Impression,,legacy
208,2026-08-09 15:08:09.065-05,2026-08-09 15:28:14.046-05,G,150,Run Production,,legacy
208,2026-08-09 15:28:14.046-05,2026-08-09 15:54:20.428-05,B,95,Press Problem / Impression,,legacy
208,2026-08-09 15:54:20.428-05,2026-08-09 16:39:31.377-05,G,150,Run Production,,legacy
208,2026-08-09 16:39:31.377-05,2026-08-09 16:54:35.177-05,B,354,Housekeeping,,legacy
208,2026-08-09 16:54:35.177-05,2026-08-09 18:38:03.467-05,G,150,Run Production,,legacy
208,2026-08-09 18:38:03.467-05,2026-08-09 18:58:08.079-05,B,99,Plates: Wash,,legacy
208,2026-08-09 18:58:08.079-05,2026-08-09 20:29:30.608-05,G,150,Run Production,,legacy
208,2026-08-09 20:29:30.608-05,2026-08-09 20:37:32.882-05,B,95,Press Problem / Impression,,legacy
208,2026-08-09 20:37:32.882-05,2026-08-09 21:32:45.94-05,G,150,Run Production,,legacy
208,2026-08-09 21:32:45.94-05,2026-08-09 22:20:58.815-05,M,47-24,MR Sticky Back Change,,legacy
208,2026-08-09 22:20:58.815-05,2026-08-09 23:16:11.556-05,G,150,Run Production,,legacy
208,2026-08-09 23:16:11.556-05,2026-08-09 23:41:17.547-05,B,82,Dr. Blade Change,,legacy
208,2026-08-09 23:41:17.547-05,2026-08-10 04:41:32.163-05,G,150,Run Production,,legacy
208,2026-08-10 04:41:32.163-05,2026-08-10 05:09:39.259-05,B,354,Housekeeping,,legacy
208,2026-08-10 05:09:39.259-05,2026-08-10 05:26:44.35-05,G,150,Run Production,,legacy
208,2026-08-10 05:26:44.35-05,2026-08-10 05:35:46.55-05,B,99,Plates: Wash,,legacy
208,2026-08-10 05:35:46.55-05,2026-08-10 07:35:16.87-05,G,150,Run Production,,legacy
208,2026-08-10 07:35:16.87-05,2026-08-10 07:51:21.021-05,B,99,Plates: Wash,,legacy
208,2026-08-10 07:51:21.021-05,2026-08-10 08:37:32.794-05,G,150,Run Production,,legacy
208,2026-08-10 08:37:32.794-05,2026-08-10 08:58:38.064-05,M,80,Anilox: Change,,legacy
208,2026-08-10 08:58:38.064-05,2026-08-10 09:06:39.816-05,G,150,Run Production,,legacy
208,2026-08-10 09:06:39.816-05,,M,80,Anilox: Change,,legacy
209,2026-07-16 16:19:39.879-05,2026-07-16 16:22:41.381-05,B,99,Plates: Wash,,legacy
209,2026-07-16 16:22:41.381-05,2026-07-16 17:17:50.223-05,G,150,Run Production,,legacy
209,2026-07-16 17:17:50.223-05,2026-07-16 17:18:50.434-05,M,47,Make Ready - Time Required to Setup Job,,legacy
209,2026-07-16 17:18:50.434-05,2026-07-16 20:08:24.532-05,M,48,Make Ready Sleeves,,legacy
209,2026-07-16 20:08:24.532-05,2026-07-16 21:12:34.024-05,B,145-8,Dr. Blade Change,,legacy
209,2026-07-16 21:12:34.024-05,2026-07-16 23:31:52.182-05,M,47,Make Ready - Time Required to Setup Job,,legacy
209,2026-07-16 23:31:52.182-05,2026-07-16 23:47:54.297-05,B,145-7,Film Web Break,,legacy
209,2026-07-16 23:47:54.297-05,2026-07-17 00:56:06.641-05,M,47,Make Ready - Time Required to Setup Job,,legacy
209,2026-07-17 00:56:06.641-05,2026-07-17 02:28:25.682-05,B,95,Press Problem / Impression,,legacy
209,2026-07-17 02:28:25.682-05,2026-07-17 02:57:29.759-05,M,47-8,Make Ready Color Match,,legacy
209,2026-07-17 02:57:29.759-05,2026-07-17 03:23:33.359-05,M,80,Anilox: Change,,legacy
209,2026-07-17 03:23:33.359-05,2026-07-17 03:50:37.386-05,M,50,Make Ready - Color Match,,legacy
209,2026-07-17 03:50:37.386-05,2026-07-17 04:16:40.611-05,B,95,Press Problem / Impression,,legacy
209,2026-07-17 04:16:40.611-05,2026-07-17 04:25:41.944-05,M,47-8,Make Ready Color Match,,legacy
209,2026-07-17 04:25:41.944-05,2026-07-17 04:53:45.505-05,M,47,Make Ready - Time Required to Setup Job,,legacy
209,2026-07-17 04:53:45.505-05,2026-07-17 05:21:48.951-05,B,354,Housekeeping,,legacy
209,2026-07-17 05:21:48.951-05,2026-07-17 05:43:52.143-05,G,150,Run Production,,legacy
209,2026-07-17 05:43:52.143-05,2026-07-17 05:44:52.295-05,M,47,Make Ready - Time Required to Setup Job,,legacy
209,2026-07-17 05:44:52.295-05,2026-07-17 06:06:55.033-05,G,150,Run Production,,legacy
209,2026-07-17 06:06:55.033-05,2026-07-17 06:30:00.265-05,B,99,Plates: Wash,,legacy
209,2026-07-17 06:30:00.265-05,2026-07-17 06:40:02.587-05,G,150,Run Production,,legacy
209,2026-07-17 06:40:02.587-05,2026-07-17 06:43:03.253-05,B,99,Plates: Wash,,legacy
209,2026-07-17 06:43:03.253-05,2026-07-17 08:36:27.438-05,M,47-19,Make Ready Sleeve Low Spot,,legacy
209,2026-07-17 08:36:27.438-05,2026-07-17 09:34:35.54-05,B,95,Press Problem / Impression,,legacy
209,2026-07-17 09:34:35.54-05,2026-07-17 10:00:38.903-05,M,47-26,Make Ready Wrong Plate,,legacy
209,2026-07-17 10:00:38.903-05,2026-07-17 10:09:40.034-05,B,95,Press Problem / Impression,,legacy
209,2026-07-17 10:09:40.034-05,2026-07-17 10:20:41.452-05,M,47,Make Ready - Time Required to Setup Job,,legacy
209,2026-07-17 10:20:41.452-05,2026-07-17 10:42:44.27-05,G,150,Run Production,,legacy
209,2026-07-17 10:42:44.27-05,2026-07-17 10:49:45.183-05,B,95,Press Problem / Impression,,legacy
209,2026-07-17 10:49:45.183-05,2026-07-17 11:23:49.241-05,M,47-24,MR Sticky Back Change,,legacy
209,2026-07-17 11:23:49.241-05,2026-07-17 12:06:54.831-05,B,99,Plates: Wash,,legacy
209,2026-07-17 12:06:54.831-05,2026-07-17 12:27:59.417-05,G,150,Run Production,,legacy
209,2026-07-17 12:27:59.417-05,2026-07-17 13:45:15.816-05,M,47-24,MR Sticky Back Change,,legacy
209,2026-07-17 13:45:15.816-05,2026-07-17 14:52:28.735-05,B,95,Press Problem / Impression,,legacy
209,2026-07-17 14:52:28.735-05,2026-07-17 15:12:31.436-05,G,150,Run Production,,legacy
209,2026-07-17 15:12:31.436-05,2026-07-17 16:24:41.263-05,M,47-26,Make Ready Wrong Plate,,legacy
209,2026-07-17 16:24:41.263-05,2026-07-17 17:35:50.665-05,M,47-21,MR - Wait for Plates/Mounting,,legacy
209,2026-07-17 17:35:50.665-05,2026-07-17 18:09:55.368-05,B,29,Electrical: Press Other,,legacy
209,2026-07-17 18:09:55.368-05,2026-07-17 18:11:55.573-05,G,150,Run Production,,legacy
209,2026-07-17 18:11:55.573-05,2026-07-17 20:17:21.92-05,M,47-20,Make Ready Out of Register,,legacy
209,2026-07-17 20:17:21.92-05,2026-07-17 20:39:26.874-05,G,150,Run Production,,legacy
209,2026-07-17 20:39:26.874-05,2026-07-17 20:50:28.316-05,B,99,Plates: Wash,,legacy
209,2026-07-17 20:50:28.316-05,2026-07-17 20:59:29.484-05,G,150,Run Production,,legacy
209,2026-07-17 20:59:29.484-05,2026-07-17 21:51:36.423-05,M,47-2,Make Ready Dirty Print,,legacy
209,2026-07-17 21:51:36.423-05,2026-07-17 22:01:37.657-05,G,150,Run Production,,legacy
209,2026-07-17 22:01:37.657-05,2026-07-17 22:22:40.168-05,B,99,Plates: Wash,,legacy
209,2026-07-17 22:22:40.168-05,2026-07-17 22:31:41.291-05,G,150,Run Production,,legacy
209,2026-07-17 22:31:41.291-05,2026-07-17 22:32:41.419-05,B,95,Press Problem / Impression,,legacy
209,2026-07-17 22:32:41.419-05,2026-07-17 23:50:51.324-05,M,47-2,Make Ready Dirty Print,,legacy
209,2026-07-17 23:50:51.324-05,2026-07-17 23:56:52.092-05,G,150,Run Production,,legacy
209,2026-07-17 23:56:52.092-05,2026-07-18 01:01:03.05-05,B,95,Press Problem / Impression,,legacy
209,2026-07-18 01:01:03.05-05,2026-07-18 01:10:04.864-05,G,150,Run Production,,legacy
209,2026-07-18 01:10:04.864-05,2026-07-18 01:24:08.052-05,B,95,Press Problem / Impression,,legacy
209,2026-07-18 01:24:08.052-05,2026-07-18 01:26:08.479-05,B,450,Non Productive,,legacy
209,2026-07-18 01:26:08.479-05,2026-07-18 02:33:24.092-05,M,48,Make Ready Sleeves,,legacy
209,2026-07-18 02:33:24.092-05,2026-07-18 03:26:33.027-05,M,47,Make Ready - Time Required to Setup Job,,legacy
209,2026-07-18 03:26:33.027-05,2026-07-18 03:30:33.505-05,B,29,Electrical: Press Other,,legacy
209,2026-07-18 03:30:33.505-05,2026-07-18 04:16:40.429-05,M,47,Make Ready - Time Required to Setup Job,,legacy
209,2026-07-18 04:16:40.429-05,2026-07-18 07:28:11.68-05,B,41-2,Maintenance - Electrical,,legacy
209,2026-07-18 07:28:11.68-05,2026-07-18 07:48:15.886-05,B,450,Non Productive,,legacy
209,2026-07-18 07:48:15.886-05,2026-07-18 08:05:19.443-05,M,47,Make Ready - Time Required to Setup Job,,legacy
209,2026-07-18 08:05:19.443-05,2026-07-18 08:13:21.42-05,B,29,Electrical: Press Other,,legacy
209,2026-07-18 08:13:21.42-05,2026-07-18 08:16:22.091-05,M,47,Make Ready - Time Required to Setup Job,,legacy
209,2026-07-18 08:16:22.091-05,2026-07-18 09:01:29.915-05,B,95,Press Problem / Impression,,legacy
209,2026-07-18 09:01:29.915-05,2026-07-18 09:55:37.254-05,B,450,Non Productive,,legacy
209,2026-07-18 09:55:37.254-05,2026-07-18 10:07:38.734-05,M,48,Make Ready Sleeves,,legacy
209,2026-07-18 10:07:38.734-05,2026-07-18 11:48:53.685-05,M,47-99,Make Ready Other,,legacy
209,2026-07-18 11:48:53.685-05,2026-07-18 13:59:18.357-05,B,125,Substrate - Other,,legacy
209,2026-07-18 13:59:18.357-05,2026-07-18 16:16:39.415-05,B,450,Non Productive,,legacy
209,2026-07-18 16:16:39.415-05,2026-07-18 16:53:44.101-05,M,47,Make Ready - Time Required to Setup Job,,legacy
209,2026-07-18 16:53:44.101-05,2026-07-18 21:57:34.536-05,B,145-6,Ink Spill,,legacy
209,2026-07-18 21:57:34.536-05,2026-07-18 23:56:49.244-05,M,47,Make Ready - Time Required to Setup Job,,legacy
209,2026-07-18 23:56:49.244-05,2026-07-19 00:08:50.731-05,G,150,Run Production,,legacy
209,2026-07-19 00:08:50.731-05,2026-07-19 00:09:50.865-05,M,47,Make Ready - Time Required to Setup Job,,legacy
209,2026-07-19 00:09:50.865-05,2026-07-19 01:52:07.442-05,G,150,Run Production,,legacy
209,2026-07-19 01:52:07.442-05,2026-07-19 02:20:13.719-05,B,145-4,Plate Wash,,legacy
209,2026-07-19 02:20:13.719-05,2026-07-19 03:33:29.063-05,G,150,Run Production,,legacy
209,2026-07-19 03:33:29.063-05,2026-07-19 03:35:29.204-05,B,41-2,Maintenance - Electrical,,legacy
209,2026-07-19 03:35:29.204-05,2026-07-19 03:53:31.455-05,B,29,Electrical: Press Other,,legacy
209,2026-07-19 03:53:31.455-05,2026-07-19 04:11:34.048-05,G,150,Run Production,,legacy
209,2026-07-19 04:11:34.048-05,2026-07-19 04:18:34.88-05,B,99,Plates: Wash,,legacy
209,2026-07-19 04:18:34.88-05,2026-07-19 04:42:37.814-05,G,150,Run Production,,legacy
209,2026-07-19 04:42:37.814-05,2026-07-19 05:06:40.715-05,B,83,Drum: Clean,,legacy
209,2026-07-19 05:06:40.715-05,2026-07-19 05:07:40.868-05,B,145-2,Poor Print,,legacy
209,2026-07-19 05:07:40.868-05,2026-07-19 05:08:40.992-05,B,114,Substrate - COF,,legacy
209,2026-07-19 05:08:40.992-05,2026-07-19 05:28:43.712-05,B,354,Housekeeping,,legacy
209,2026-07-19 05:28:43.712-05,2026-07-19 06:08:48.521-05,G,150,Run Production,,legacy
209,2026-07-19 06:08:48.521-05,2026-07-19 06:09:48.651-05,B,450,Non Productive,,legacy
209,2026-07-19 06:09:48.651-05,2026-07-19 06:20:49.952-05,G,150,Run Production,,legacy
209,2026-07-19 06:20:49.952-05,2026-07-19 06:54:54.59-05,B,99,Plates: Wash,,legacy
209,2026-07-19 06:54:54.59-05,2026-07-19 08:05:07.5-05,G,150,Run Production,,legacy
209,2026-07-19 08:05:07.5-05,2026-07-19 08:18:10.158-05,B,350,Roll Change,,legacy
209,2026-07-19 08:18:10.158-05,2026-07-19 09:02:19.193-05,B,99,Plates: Wash,,legacy
209,2026-07-19 09:02:19.193-05,2026-07-19 10:19:32.422-05,G,150,Run Production,,legacy
209,2026-07-19 10:19:32.422-05,2026-07-19 10:28:33.489-05,B,95,Press Problem / Impression,,legacy
209,2026-07-19 10:28:33.489-05,2026-07-19 11:05:37.917-05,B,99,Plates: Wash,,legacy
209,2026-07-19 11:05:37.917-05,2026-07-19 11:46:43.136-05,G,150,Run Production,,legacy
209,2026-07-19 11:46:43.136-05,2026-07-19 13:30:56.458-05,B,99,Plates: Wash,,legacy
209,2026-07-19 13:30:56.458-05,2026-07-19 13:33:56.904-05,G,150,Run Production,,legacy
209,2026-07-19 13:33:56.904-05,2026-07-19 14:00:01.982-05,B,82,Dr. Blade Change,,legacy
209,2026-07-19 14:00:01.982-05,2026-07-19 14:57:13.898-05,G,150,Run Production,,legacy
209,2026-07-19 14:57:13.898-05,2026-07-19 17:14:37.543-05,B,450,Non Productive,,legacy
209,2026-07-19 17:14:37.543-05,2026-07-19 17:39:41.336-05,M,48,Make Ready Sleeves,,legacy
209,2026-07-19 17:39:41.336-05,2026-07-19 19:50:57.74-05,M,47,Make Ready - Time Required to Setup Job,,legacy
209,2026-07-19 19:50:57.74-05,2026-07-19 20:29:05.636-05,G,150,Run Production,,legacy
209,2026-07-19 20:29:05.636-05,2026-07-19 20:30:05.824-05,B,450,Non Productive,,legacy
209,2026-07-19 20:30:05.824-05,2026-07-19 20:53:10.799-05,G,150,Run Production,,legacy
209,2026-07-19 20:53:10.799-05,2026-07-19 21:02:12.736-05,B,145-4,Plate Wash,,legacy
209,2026-07-19 21:02:12.736-05,2026-07-19 22:48:32.157-05,G,150,Run Production,,legacy
209,2026-07-19 22:48:32.157-05,2026-07-19 22:58:33.557-05,B,99,Plates: Wash,,legacy
209,2026-07-19 22:58:33.557-05,2026-07-19 23:52:40.264-05,G,150,Run Production,,legacy
209,2026-07-19 23:52:40.264-05,2026-07-20 00:00:41.222-05,B,99,Plates: Wash,,legacy
209,2026-07-20 00:00:41.222-05,2026-07-20 00:54:47.713-05,G,150,Run Production,,legacy
209,2026-07-20 00:54:47.713-05,2026-07-20 01:41:53.264-05,B,145-98,Quality Hold,,legacy
209,2026-07-20 01:41:53.264-05,2026-07-20 01:50:54.327-05,B,99,Plates: Wash,,legacy
209,2026-07-20 01:50:54.327-05,2026-07-20 03:37:14.329-05,G,150,Run Production,,legacy
209,2026-07-20 03:37:14.329-05,2026-07-20 03:49:17.03-05,B,95,Press Problem / Impression,,legacy
209,2026-07-20 03:49:17.03-05,2026-07-20 04:20:23.546-05,G,150,Run Production,,legacy
209,2026-07-20 04:20:23.546-05,2026-07-20 04:55:29.633-05,B,354,Housekeeping,,legacy
209,2026-07-20 04:55:29.633-05,2026-07-20 06:01:37.855-05,G,150,Run Production,,legacy
209,2026-07-20 06:01:37.855-05,2026-07-20 06:07:38.596-05,B,99,Plates: Wash,,legacy
209,2026-07-20 06:07:38.596-05,2026-07-20 06:31:41.608-05,G,150,Run Production,,legacy
209,2026-07-20 06:31:41.608-05,2026-07-20 06:42:43.041-05,B,99,Plates: Wash,,legacy
209,2026-07-20 06:42:43.041-05,2026-07-20 06:54:44.683-05,B,82,Dr. Blade Change,,legacy
209,2026-07-20 06:54:44.683-05,2026-07-20 07:25:48.586-05,G,150,Run Production,,legacy
209,2026-07-20 07:25:48.586-05,2026-07-20 07:33:49.618-05,B,99,Plates: Wash,,legacy
209,2026-07-20 07:33:49.618-05,2026-07-20 08:25:55.923-05,G,150,Run Production,,legacy
209,2026-07-20 08:25:55.923-05,2026-07-20 08:38:57.779-05,B,99,Plates: Wash,,legacy
209,2026-07-20 08:38:57.779-05,2026-07-20 09:31:09.041-05,G,150,Run Production,,legacy
209,2026-07-20 09:31:09.041-05,2026-07-20 09:41:11.259-05,B,99,Plates: Wash,,legacy
209,2026-07-20 09:41:11.259-05,2026-07-20 10:01:15.519-05,G,150,Run Production,,legacy
209,2026-07-20 10:01:15.519-05,2026-07-20 10:58:27.588-05,B,145-6,Ink Spill,,legacy
209,2026-07-20 10:58:27.588-05,2026-07-20 11:24:31.074-05,B,83,Drum: Clean,,legacy
209,2026-07-20 11:24:31.074-05,2026-07-20 11:35:32.345-05,G,150,Run Production,,legacy
209,2026-07-20 11:35:32.345-05,2026-07-20 11:41:33.057-05,B,83,Drum: Clean,,legacy
209,2026-07-20 11:41:33.057-05,2026-07-20 11:44:33.461-05,G,150,Run Production,,legacy
209,2026-07-20 11:44:33.461-05,2026-07-20 12:02:35.812-05,B,95,Press Problem / Impression,,legacy
209,2026-07-20 12:02:35.812-05,2026-07-20 12:11:36.903-05,G,150,Run Production,,legacy
209,2026-07-20 12:11:36.903-05,2026-07-20 12:23:38.532-05,M,80,Anilox: Change,,legacy
209,2026-07-20 12:23:38.532-05,2026-07-20 13:27:46.674-05,G,150,Run Production,,legacy
209,2026-07-20 13:27:46.674-05,2026-07-20 13:40:48.35-05,B,99,Plates: Wash,,legacy
209,2026-07-20 13:40:48.35-05,2026-07-20 14:35:55.395-05,G,150,Run Production,,legacy
209,2026-07-20 14:35:55.395-05,2026-07-20 14:52:57.357-05,M,48,Make Ready Sleeves,,legacy
209,2026-07-20 14:52:57.357-05,2026-07-20 16:34:19.734-05,M,47,Make Ready - Time Required to Setup Job,,legacy
209,2026-07-20 16:34:19.734-05,2026-07-20 16:55:24.247-05,M,47-99,Make Ready Other,,legacy
209,2026-07-20 16:55:24.247-05,2026-07-20 17:10:27.469-05,B,354,Housekeeping,,legacy
209,2026-07-20 17:10:27.469-05,2026-07-20 17:24:29.356-05,M,47-99,Make Ready Other,,legacy
209,2026-07-20 17:24:29.356-05,2026-07-20 17:26:29.604-05,M,47,Make Ready - Time Required to Setup Job,,legacy
209,2026-07-20 17:26:29.604-05,2026-07-20 17:27:29.737-05,B,450,Non Productive,,legacy
209,2026-07-20 17:27:29.737-05,2026-07-20 17:35:30.665-05,M,47-99,Make Ready Other,,legacy
209,2026-07-20 17:35:30.665-05,2026-07-20 20:23:52.214-05,M,47,Make Ready - Time Required to Setup Job,,legacy
209,2026-07-20 20:23:52.214-05,2026-07-20 20:40:54.218-05,G,150,Run Production,,legacy
209,2026-07-20 20:40:54.218-05,2026-07-20 20:50:55.629-05,B,95,Press Problem / Impression,,legacy
209,2026-07-20 20:50:55.629-05,2026-07-20 21:27:03.262-05,G,150,Run Production,,legacy
209,2026-07-20 21:27:03.262-05,2026-07-20 21:31:04.1-05,M,47-99,Make Ready Other,,legacy
209,2026-07-20 21:31:04.1-05,2026-07-20 22:16:13.749-05,G,150,Run Production,,legacy
209,2026-07-20 22:16:13.749-05,2026-07-21 00:08:34.004-05,M,47-99,Make Ready Other,,legacy
209,2026-07-21 00:08:34.004-05,2026-07-21 01:31:44.517-05,M,80,Anilox: Change,,legacy
209,2026-07-21 01:31:44.517-05,2026-07-21 01:57:47.796-05,G,150,Run Production,,legacy
209,2026-07-21 01:57:47.796-05,2026-07-21 02:09:49.305-05,B,99,Plates: Wash,,legacy
209,2026-07-21 02:09:49.305-05,2026-07-21 02:23:51.048-05,G,150,Run Production,,legacy
209,2026-07-21 02:23:51.048-05,2026-07-21 02:50:54.431-05,B,350,Roll Change,,legacy
209,2026-07-21 02:50:54.431-05,2026-07-21 03:47:04.524-05,G,150,Run Production,,legacy
209,2026-07-21 03:47:04.524-05,2026-07-21 03:57:06.808-05,B,350,Roll Change,,legacy
209,2026-07-21 03:57:06.808-05,2026-07-21 04:22:12.293-05,G,150,Run Production,,legacy
209,2026-07-21 04:22:12.293-05,2026-07-21 04:30:14.187-05,B,450,Non Productive,,legacy
209,2026-07-21 04:30:14.187-05,2026-07-21 04:45:17.626-05,M,48,Make Ready Sleeves,,legacy
209,2026-07-21 04:45:17.626-05,2026-07-21 05:11:23.408-05,B,29,Electrical: Press Other,,legacy
209,2026-07-21 05:11:23.408-05,2026-07-21 05:12:23.624-05,B,450,Non Productive,,legacy
209,2026-07-21 05:12:23.624-05,2026-07-21 05:13:23.795-05,M,48,Make Ready Sleeves,,legacy
209,2026-07-21 05:13:23.795-05,2026-07-21 05:16:24.426-05,B,29,Electrical: Press Other,,legacy
209,2026-07-21 05:16:24.426-05,2026-07-21 06:16:33.967-05,M,48,Make Ready Sleeves,,legacy
209,2026-07-21 06:16:33.967-05,2026-07-21 08:57:09.517-05,M,47,Make Ready - Time Required to Setup Job,,legacy
209,2026-07-21 08:57:09.517-05,2026-07-21 09:05:11.344-05,B,88,Pump Problem,,legacy
209,2026-07-21 09:05:11.344-05,2026-07-21 09:06:11.541-05,M,47,Make Ready - Time Required to Setup Job,,legacy
209,2026-07-21 09:06:11.541-05,2026-07-21 09:23:15.486-05,G,150,Run Production,,legacy
209,2026-07-21 09:23:15.486-05,2026-07-21 09:37:18.399-05,M,47,Make Ready - Time Required to Setup Job,,legacy
209,2026-07-21 09:37:18.399-05,2026-07-21 09:56:23.522-05,B,82,Dr. Blade Change,,legacy
209,2026-07-21 09:56:23.522-05,2026-07-21 10:49:32.474-05,M,47,Make Ready - Time Required to Setup Job,,legacy
209,2026-07-21 10:49:32.474-05,2026-07-21 11:48:40.778-05,G,150,Run Production,,legacy
209,2026-07-21 11:48:40.778-05,2026-07-21 11:54:41.614-05,B,64,Mech - Press Other,,legacy
209,2026-07-21 11:54:41.614-05,2026-07-21 12:01:42.527-05,B,99,Plates: Wash,,legacy
209,2026-07-21 12:01:42.527-05,2026-07-21 12:36:47.563-05,G,150,Run Production,,legacy
209,2026-07-21 12:36:47.563-05,2026-07-21 12:45:48.644-05,B,99,Plates: Wash,,legacy
209,2026-07-21 12:45:48.644-05,2026-07-21 13:08:52.174-05,B,29,Electrical: Press Other,,legacy
209,2026-07-21 13:08:52.174-05,2026-07-21 13:29:55.043-05,G,150,Run Production,,legacy
209,2026-07-21 13:29:55.043-05,2026-07-21 13:30:55.125-05,B,99,Plates: Wash,,legacy
209,2026-07-21 13:30:55.125-05,2026-07-21 13:34:55.745-05,B,95,Press Problem / Impression,,legacy
209,2026-07-21 13:34:55.745-05,2026-07-21 13:43:57.015-05,M,47,Make Ready - Time Required to Setup Job,,legacy
209,2026-07-21 13:43:57.015-05,2026-07-21 13:44:57.17-05,G,150,Run Production,,legacy
209,2026-07-21 13:44:57.17-05,2026-07-21 13:45:57.199-05,M,47,Make Ready - Time Required to Setup Job,,legacy
209,2026-07-21 13:45:57.199-05,2026-07-21 14:36:08.254-05,G,150,Run Production,,legacy
209,2026-07-21 14:36:08.254-05,2026-07-21 15:17:16.818-05,M,47-24,MR Sticky Back Change,,legacy
209,2026-07-21 15:17:16.818-05,2026-07-21 16:19:29.432-05,G,150,Run Production,,legacy
209,2026-07-21 16:19:29.432-05,2026-07-21 17:01:34.894-05,B,95,Press Problem / Impression,,legacy
209,2026-07-21 17:01:34.894-05,2026-07-21 18:06:43.623-05,G,150,Run Production,,legacy
209,2026-07-21 18:06:43.623-05,2026-07-21 18:14:44.753-05,B,350,Roll Change,,legacy
209,2026-07-21 18:14:44.753-05,2026-07-21 18:17:45.061-05,B,99,Plates: Wash,,legacy
209,2026-07-21 18:17:45.061-05,2026-07-21 20:21:03.976-05,G,150,Run Production,,legacy
209,2026-07-21 20:21:03.976-05,2026-07-21 21:08:13.845-05,M,47-99,Make Ready Other,,legacy
209,2026-07-21 21:08:13.845-05,2026-07-22 00:22:46.252-05,G,150,Run Production,,legacy
209,2026-07-22 00:22:46.252-05,2026-07-22 00:40:48.726-05,B,99,Plates: Wash,,legacy
209,2026-07-22 00:40:48.726-05,2026-07-22 03:47:25.861-05,G,150,Run Production,,legacy
209,2026-07-22 03:47:25.861-05,2026-07-22 03:49:26.476-05,B,354,Housekeeping,,legacy
209,2026-07-22 03:49:26.476-05,2026-07-22 03:50:26.703-05,B,301,Cambio de Rollo,,legacy
209,2026-07-22 03:50:26.703-05,2026-07-22 03:51:26.906-05,B,326,Problemas con el  Film,,legacy
209,2026-07-22 03:51:26.906-05,2026-07-22 04:19:31.257-05,G,20,Run,,legacy
209,2026-07-22 04:19:31.257-05,2026-07-22 05:03:37.989-05,G,150,Run Production,,legacy
209,2026-07-22 05:03:37.989-05,2026-07-22 05:06:38.335-05,B,378,Cambio de Turno,,legacy
209,2026-07-22 05:06:38.335-05,2026-07-22 05:12:39.152-05,G,150,Run Production,,legacy
209,2026-07-22 05:12:39.152-05,2026-07-22 05:14:39.444-05,B,378,Cambio de Turno,,legacy
209,2026-07-22 05:14:39.444-05,2026-07-22 05:32:41.892-05,G,20,Run,,legacy
209,2026-07-22 05:32:41.892-05,2026-07-22 06:04:46.541-05,G,150,Run Production,,legacy
209,2026-07-22 06:04:46.541-05,2026-07-22 06:12:47.967-05,B,308,Falla Mechanica,,legacy
209,2026-07-22 06:12:47.967-05,2026-07-22 06:23:49.633-05,G,150,Run Production,,legacy
209,2026-07-22 06:23:49.633-05,2026-07-22 06:34:51.306-05,B,318,Cambio de Rollo de Zipper,,legacy
209,2026-07-22 06:34:51.306-05,2026-07-22 06:36:51.49-05,G,20,Run,,legacy
209,2026-07-22 06:36:51.49-05,2026-07-22 07:22:59.512-05,G,150,Run Production,,legacy
209,2026-07-22 07:22:59.512-05,2026-07-22 07:36:02.809-05,B,450,Non Productive,,legacy
209,2026-07-22 07:36:02.809-05,2026-07-22 08:24:15.041-05,M,48,Make Ready Sleeves,,legacy
209,2026-07-22 08:24:15.041-05,2026-07-22 09:42:32.58-05,M,47,Make Ready - Time Required to Setup Job,,legacy
209,2026-07-22 09:42:32.58-05,2026-07-22 09:49:33.822-05,B,64,Mech - Press Other,,legacy
209,2026-07-22 09:49:33.822-05,2026-07-22 11:38:53.279-05,M,47,Make Ready - Time Required to Setup Job,,legacy
209,2026-07-22 11:38:53.279-05,2026-07-22 11:56:56.317-05,M,47-8,Make Ready Color Match,,legacy
209,2026-07-22 11:56:56.317-05,2026-07-22 12:03:57.356-05,M,80,Anilox: Change,,legacy
209,2026-07-22 12:03:57.356-05,2026-07-22 13:32:19.818-05,G,150,Run Production,,legacy
209,2026-07-22 13:32:19.818-05,2026-07-22 14:12:29.307-05,B,450,Non Productive,,legacy
209,2026-07-22 14:12:29.307-05,2026-07-22 14:14:29.608-05,M,47,Make Ready - Time Required to Setup Job,,legacy
209,2026-07-22 14:14:29.608-05,2026-07-22 15:58:44.98-05,G,150,Run Production,,legacy
209,2026-07-22 15:58:44.98-05,2026-07-22 16:15:47.961-05,B,99,Plates: Wash,,legacy
209,2026-07-22 16:15:47.961-05,2026-07-22 16:53:53.718-05,G,150,Run Production,,legacy
209,2026-07-22 16:53:53.718-05,2026-07-22 17:20:57.68-05,B,354,Housekeeping,,legacy
209,2026-07-22 17:20:57.68-05,2026-07-22 18:16:10.404-05,G,150,Run Production,,legacy
209,2026-07-22 18:16:10.404-05,2026-07-22 18:32:14.189-05,B,99,Plates: Wash,,legacy
209,2026-07-22 18:32:14.189-05,2026-07-22 19:00:20.742-05,G,150,Run Production,,legacy
209,2026-07-22 19:00:20.742-05,2026-07-22 19:04:21.569-05,B,450,Non Productive,,legacy
209,2026-07-22 19:04:21.569-05,2026-07-22 19:25:26.191-05,M,48,Make Ready Sleeves,,legacy
209,2026-07-22 19:25:26.191-05,2026-07-22 20:29:37.69-05,M,47-99,Make Ready Other,,legacy
209,2026-07-22 20:29:37.69-05,2026-07-22 21:31:46.373-05,M,47,Make Ready - Time Required to Setup Job,,legacy
209,2026-07-22 21:31:46.373-05,2026-07-22 21:37:47.26-05,G,150,Run Production,,legacy
209,2026-07-22 21:37:47.26-05,2026-07-22 22:37:55.39-05,B,350,Roll Change,,legacy
209,2026-07-22 22:37:55.39-05,2026-07-23 01:03:27.887-05,G,150,Run Production,,legacy
209,2026-07-23 01:03:27.887-05,2026-07-23 01:04:28.026-05,B,450,Non Productive,,legacy
209,2026-07-23 01:04:28.026-05,2026-07-23 02:03:36.35-05,M,48,Make Ready Sleeves,,legacy
209,2026-07-23 02:03:36.35-05,2026-07-23 02:25:39.481-05,M,47,Make Ready - Time Required to Setup Job,,legacy
209,2026-07-23 02:25:39.481-05,2026-07-24 14:32:32.917-05,G,150,Run Production,,legacy
209,2026-07-24 14:32:32.917-05,2026-07-24 14:35:33.748-05,B,99,Plates: Wash,,legacy
209,2026-07-24 14:35:33.748-05,2026-07-24 14:52:37.399-05,B,95,Press Problem / Impression,,legacy
209,2026-07-24 14:52:37.399-05,2026-07-24 15:00:39.212-05,B,301,Cambio de Rollo,,legacy
209,2026-07-24 15:00:39.212-05,2026-07-24 15:20:43.66-05,G,20,Run,,legacy
209,2026-07-24 15:20:43.66-05,2026-07-24 15:46:49.593-05,G,150,Run Production,,legacy
209,2026-07-24 15:46:49.593-05,2026-07-24 15:53:51.063-05,B,99,Plates: Wash,,legacy
209,2026-07-24 15:53:51.063-05,2026-07-24 16:36:00.171-05,B,354,Housekeeping,,legacy
209,2026-07-24 16:36:00.171-05,2026-07-24 16:42:01.379-05,B,308,Falla Mechanica,,legacy
209,2026-07-24 16:42:01.379-05,2026-07-24 16:43:01.573-05,G,20,Run,,legacy
209,2026-07-24 16:43:01.573-05,2026-07-24 16:49:02.826-05,G,150,Run Production,,legacy
209,2026-07-24 16:49:02.826-05,2026-07-24 17:02:05.982-05,B,378,Cambio de Turno,,legacy
209,2026-07-24 17:02:05.982-05,2026-07-24 17:08:07.295-05,G,150,Run Production,,legacy
209,2026-07-24 17:08:07.295-05,2026-07-24 17:13:08.332-05,B,99,Plates: Wash,,legacy
209,2026-07-24 17:13:08.332-05,2026-07-24 17:16:09.051-05,B,378,Cambio de Turno,,legacy
209,2026-07-24 17:16:09.051-05,2026-07-24 17:44:15.015-05,G,150,Run Production,,legacy
209,2026-07-24 17:44:15.015-05,2026-07-24 17:49:16.088-05,G,20,Run,,legacy
209,2026-07-24 17:49:16.088-05,2026-07-24 18:02:18.846-05,B,145-5,Plate Up,,legacy
209,2026-07-24 18:02:18.846-05,2026-07-24 18:30:25.418-05,B,308,Falla Mechanica,,legacy
209,2026-07-24 18:30:25.418-05,2026-07-24 18:40:27.811-05,G,150,Run Production,,legacy
209,2026-07-24 18:40:27.811-05,2026-07-24 18:52:30.977-05,B,95,Press Problem / Impression,,legacy
209,2026-07-24 18:52:30.977-05,2026-07-24 19:12:35.508-05,G,150,Run Production,,legacy
209,2026-07-24 19:12:35.508-05,2026-07-24 19:30:39.451-05,B,145-7,Film Web Break,,legacy
209,2026-07-24 19:30:39.451-05,2026-07-24 19:32:39.862-05,G,20,Run,,legacy
209,2026-07-24 19:32:39.862-05,2026-07-24 19:33:40.087-05,B,318,Cambio de Rollo de Zipper,,legacy
209,2026-07-24 19:33:40.087-05,2026-07-24 20:39:55.305-05,G,20,Run,,legacy
209,2026-07-24 20:39:55.305-05,2026-07-24 20:40:55.535-05,M,80,Anilox: Change,,legacy
209,2026-07-24 20:40:55.535-05,2026-07-24 20:55:58.9-05,M,47-17,Make Ready Dirty Anilox,,legacy
209,2026-07-24 20:55:58.9-05,2026-07-24 21:04:00.923-05,B,308,Falla Mechanica,,legacy
209,2026-07-24 21:04:00.923-05,2026-07-24 21:11:02.602-05,B,29,Electrical: Press Other,,legacy
209,2026-07-24 21:11:02.602-05,2026-07-24 21:33:07.401-05,G,150,Run Production,,legacy
209,2026-07-24 21:33:07.401-05,2026-07-24 21:44:10.567-05,B,95,Press Problem / Impression,,legacy
209,2026-07-24 21:44:10.567-05,2026-07-24 22:38:23.128-05,G,150,Run Production,,legacy
209,2026-07-24 22:38:23.128-05,2026-07-24 22:51:26.006-05,G,20,Run,,legacy
209,2026-07-24 22:51:26.006-05,2026-07-24 23:08:29.866-05,G,150,Run Production,,legacy
209,2026-07-24 23:08:29.866-05,2026-07-24 23:37:36.51-05,B,308,Falla Mechanica,,legacy
209,2026-07-24 23:37:36.51-05,2026-07-25 00:00:41.977-05,G,150,Run Production,,legacy
209,2026-07-25 00:00:41.977-05,2026-07-25 00:41:50.903-05,B,308,Falla Mechanica,,legacy
209,2026-07-25 00:41:50.903-05,2026-07-25 01:09:56.738-05,G,150,Run Production,,legacy
209,2026-07-25 01:09:56.738-05,2026-07-25 01:31:01.215-05,B,145-98,Quality Hold,,legacy
209,2026-07-25 01:31:01.215-05,2026-07-25 01:47:04.655-05,G,20,Run,,legacy
209,2026-07-25 01:47:04.655-05,2026-07-25 01:54:06.493-05,B,301,Cambio de Rollo,,legacy
209,2026-07-25 01:54:06.493-05,2026-07-25 02:23:12.762-05,G,150,Run Production,,legacy
209,2026-07-25 02:23:12.762-05,2026-07-25 02:31:14.833-05,G,20,Run,,legacy
209,2026-07-25 02:31:14.833-05,2026-07-25 03:04:22.128-05,G,150,Run Production,,legacy
209,2026-07-25 03:04:22.128-05,2026-07-25 03:12:23.81-05,B,326,Problemas con el  Film,,legacy
209,2026-07-25 03:12:23.81-05,2026-07-25 03:52:32.91-05,B,301,Cambio de Rollo,,legacy
209,2026-07-25 03:52:32.91-05,2026-07-25 04:24:39.893-05,B,145-7,Film Web Break,,legacy
209,2026-07-25 04:24:39.893-05,2026-07-25 04:31:41.403-05,G,20,Run,,legacy
209,2026-07-25 04:31:41.403-05,2026-07-25 04:32:41.595-05,G,150,Run Production,,legacy
209,2026-07-25 04:32:41.595-05,2026-07-25 04:56:46.96-05,B,354,Housekeeping,,legacy
209,2026-07-25 04:56:46.96-05,2026-07-25 04:57:47.164-05,B,378,Cambio de Turno,,legacy
209,2026-07-25 04:57:47.164-05,2026-07-25 05:08:49.868-05,G,20,Run,,legacy
209,2026-07-25 05:08:49.868-05,2026-07-25 05:14:51.165-05,H,,,,legacy
209,2026-07-25 05:14:51.165-05,2026-07-25 05:52:59.812-05,G,150,Run Production,,legacy
209,2026-07-25 05:52:59.812-05,2026-07-25 06:02:02.48-05,B,350,Roll Change,,legacy
209,2026-07-25 06:02:02.48-05,2026-07-25 07:44:25.803-05,G,150,Run Production,,legacy
209,2026-07-25 07:44:25.803-05,2026-07-25 07:45:26.092-05,B,450,Non Productive,,legacy
209,2026-07-25 07:45:26.092-05,2026-07-25 08:11:32.896-05,M,48,Make Ready Sleeves,,legacy
209,2026-07-25 08:11:32.896-05,2026-07-25 08:42:40.034-05,B,82,Dr. Blade Change,,legacy
209,2026-07-25 08:42:40.034-05,2026-07-25 08:57:43.192-05,B,83,Drum: Clean,,legacy
209,2026-07-25 08:57:43.192-05,2026-07-25 09:11:46.27-05,B,354,Housekeeping,,legacy
209,2026-07-25 09:11:46.27-05,2026-07-25 10:23:02.331-05,M,47,Make Ready - Time Required to Setup Job,,legacy
209,2026-07-25 10:23:02.331-05,2026-07-25 10:35:04.755-05,G,150,Run Production,,legacy
209,2026-07-25 10:35:04.755-05,2026-07-25 10:47:07.37-05,B,350,Roll Change,,legacy
209,2026-07-25 10:47:07.37-05,2026-07-25 16:20:22.375-05,G,150,Run Production,,legacy
209,2026-07-25 16:20:22.375-05,2026-07-25 16:29:24.347-05,B,354,Housekeeping,,legacy
209,2026-07-25 16:29:24.347-05,2026-07-25 19:17:05.746-05,G,150,Run Production,,legacy
209,2026-07-25 19:17:05.746-05,2026-07-25 19:45:12.155-05,B,95,Press Problem / Impression,,legacy
209,2026-07-25 19:45:12.155-05,2026-07-25 20:49:26.426-05,M,47-24,MR Sticky Back Change,,legacy
209,2026-07-25 20:49:26.426-05,2026-07-25 20:56:28.095-05,G,150,Run Production,,legacy
209,2026-07-25 20:56:28.095-05,2026-07-25 21:32:36.459-05,B,126,Substrate - Web Break,,legacy
209,2026-07-25 21:32:36.459-05,2026-07-26 01:04:23.941-05,G,150,Run Production,,legacy
209,2026-07-26 01:04:23.941-05,2026-07-26 01:47:33.962-05,B,145-98,Quality Hold,,legacy
209,2026-07-26 01:47:33.962-05,2026-07-26 03:44:59.768-05,G,150,Run Production,,legacy
209,2026-07-26 03:44:59.768-05,2026-07-26 04:12:06.15-05,B,145-98,Quality Hold,,legacy
209,2026-07-26 04:12:06.15-05,2026-07-26 04:37:12.004-05,B,354,Housekeeping,,legacy
209,2026-07-26 04:37:12.004-05,2026-07-26 08:15:01.215-05,G,150,Run Production,,legacy
209,2026-07-26 08:15:01.215-05,2026-07-26 08:16:01.439-05,M,47,Make Ready - Time Required to Setup Job,,legacy
209,2026-07-26 08:16:01.439-05,2026-07-26 09:44:20.168-05,M,48,Make Ready Sleeves,,legacy
209,2026-07-26 09:44:20.168-05,2026-07-26 11:18:41.191-05,M,47,Make Ready - Time Required to Setup Job,,legacy
209,2026-07-26 11:18:41.191-05,2026-07-26 12:14:53.911-05,G,150,Run Production,,legacy
209,2026-07-26 12:14:53.911-05,2026-07-26 12:18:55.086-05,B,99,Plates: Wash,,legacy
209,2026-07-26 12:18:55.086-05,2026-07-26 13:11:06.815-05,G,150,Run Production,,legacy
209,2026-07-26 13:11:06.815-05,2026-07-26 13:12:07.066-05,B,145-2,Poor Print,,legacy
209,2026-07-26 13:12:07.066-05,2026-07-26 13:13:07.298-05,G,150,Run Production,,legacy
209,2026-07-26 13:13:07.298-05,2026-07-26 13:14:07.627-05,B,450,Non Productive,,legacy
209,2026-07-26 13:14:07.627-05,2026-07-26 15:16:34.136-05,M,48,Make Ready Sleeves,,legacy
209,2026-07-26 15:16:34.136-05,2026-07-26 15:43:41.051-05,M,47,Make Ready - Time Required to Setup Job,,legacy
209,2026-07-26 15:43:41.051-05,2026-07-26 16:26:50.361-05,M,47-20,Make Ready Out of Register,,legacy
209,2026-07-26 16:26:50.361-05,2026-07-26 16:44:54.849-05,M,80,Anilox: Change,,legacy
209,2026-07-26 16:44:54.849-05,2026-07-26 16:52:56.633-05,M,47,Make Ready - Time Required to Setup Job,,legacy
209,2026-07-26 16:52:56.633-05,2026-07-26 17:12:01.129-05,B,354,Housekeeping,,legacy
209,2026-07-26 17:12:01.129-05,2026-07-26 17:21:03.014-05,M,47,Make Ready - Time Required to Setup Job,,legacy
209,2026-07-26 17:21:03.014-05,2026-07-26 17:54:10.015-05,G,150,Run Production,,legacy
209,2026-07-26 17:54:10.015-05,2026-07-26 18:08:13.427-05,B,350,Roll Change,,legacy
209,2026-07-26 18:08:13.427-05,2026-07-26 18:41:20.739-05,G,150,Run Production,,legacy
209,2026-07-26 18:41:20.739-05,2026-07-26 18:42:20.929-05,B,450,Non Productive,,legacy
209,2026-07-26 18:42:20.929-05,2026-07-26 19:03:26.527-05,M,48,Make Ready Sleeves,,legacy
209,2026-07-26 19:03:26.527-05,2026-07-26 19:12:28.482-05,M,47-99,Make Ready Other,,legacy
209,2026-07-26 19:12:28.482-05,2026-07-26 19:34:33.345-05,M,47,Make Ready - Time Required to Setup Job,,legacy
209,2026-07-26 19:34:33.345-05,2026-07-26 21:07:55.387-05,B,64,Mech - Press Other,,legacy
209,2026-07-26 21:07:55.387-05,2026-07-26 21:22:58.539-05,M,47,Make Ready - Time Required to Setup Job,,legacy
209,2026-07-26 21:22:58.539-05,2026-07-26 21:23:58.714-05,M,47-15,MR Anilox Change (High Volume),,legacy
209,2026-07-26 21:23:58.714-05,2026-07-26 23:14:23.611-05,M,47-19,Make Ready Sleeve Low Spot,,legacy
209,2026-07-26 23:14:23.611-05,2026-07-27 01:23:53.123-05,G,150,Run Production,,legacy
209,2026-07-27 01:23:53.123-05,2026-07-27 01:43:57.605-05,B,350,Roll Change,,legacy
209,2026-07-27 01:43:57.605-05,2026-07-27 03:39:23.917-05,G,150,Run Production,,legacy
209,2026-07-27 03:39:23.917-05,2026-07-27 04:31:36.358-05,M,48,Make Ready Sleeves,,legacy
209,2026-07-27 04:31:36.358-05,2026-07-27 04:41:39.158-05,M,47,Make Ready - Time Required to Setup Job,,legacy
209,2026-07-27 04:41:39.158-05,2026-07-27 05:54:54.964-05,M,80,Anilox: Change,,legacy
209,2026-07-27 05:54:54.964-05,2026-07-27 05:57:55.573-05,M,47-17,Make Ready Dirty Anilox,,legacy
209,2026-07-27 05:57:55.573-05,2026-07-27 05:58:55.761-05,B,450,Non Productive,,legacy
209,2026-07-27 05:58:55.761-05,2026-07-27 05:59:55.965-05,M,48,Make Ready Sleeves,,legacy
209,2026-07-27 05:59:55.965-05,2026-07-27 06:54:08.578-05,M,47-17,Make Ready Dirty Anilox,,legacy
209,2026-07-27 06:54:08.578-05,2026-07-27 07:38:18.652-05,M,47,Make Ready - Time Required to Setup Job,,legacy
209,2026-07-27 07:38:18.652-05,2026-07-27 07:49:20.861-05,M,80,Anilox: Change,,legacy
209,2026-07-27 07:49:20.861-05,2026-07-27 08:27:29.109-05,M,47,Make Ready - Time Required to Setup Job,,legacy
209,2026-07-27 08:27:29.109-05,2026-07-27 08:59:36.561-05,M,47-24,MR Sticky Back Change,,legacy
209,2026-07-27 08:59:36.561-05,2026-07-27 10:00:50.673-05,B,95,Press Problem / Impression,,legacy
209,2026-07-27 10:00:50.673-05,2026-07-27 10:01:50.903-05,M,80,Anilox: Change,,legacy
209,2026-07-27 10:01:50.903-05,2026-07-27 10:21:55.111-05,M,47-4,Make Ready Bouncing,,legacy
209,2026-07-27 10:21:55.111-05,2026-07-27 10:57:03.205-05,M,47,Make Ready - Time Required to Setup Job,,legacy
209,2026-07-27 10:57:03.205-05,2026-07-27 11:28:10.607-05,B,82,Dr. Blade Change,,legacy
209,2026-07-27 11:28:10.607-05,2026-07-27 11:40:13.533-05,B,95,Press Problem / Impression,,legacy
209,2026-07-27 11:40:13.533-05,2026-07-27 11:41:13.745-05,M,47,Make Ready - Time Required to Setup Job,,legacy
209,2026-07-27 11:41:13.745-05,2026-07-27 13:22:37.371-05,G,150,Run Production,,legacy
209,2026-07-27 13:22:37.371-05,2026-07-27 14:02:46.024-05,B,145-7,Film Web Break,,legacy
209,2026-07-27 14:02:46.024-05,2026-07-27 14:12:48.286-05,B,29,Electrical: Press Other,,legacy
209,2026-07-27 14:12:48.286-05,2026-07-27 14:15:48.973-05,B,145-7,Film Web Break,,legacy
209,2026-07-27 14:15:48.973-05,2026-07-27 14:40:54.636-05,B,83,Drum: Clean,,legacy
209,2026-07-27 14:40:54.636-05,2026-07-27 17:06:28.27-05,G,150,Run Production,,legacy
209,2026-07-27 17:06:28.27-05,2026-07-27 17:19:31.222-05,B,354,Housekeeping,,legacy
209,2026-07-27 17:19:31.222-05,2026-07-27 18:08:42.088-05,G,150,Run Production,,legacy
209,2026-07-27 18:08:42.088-05,2026-07-27 18:24:45.766-05,B,350,Roll Change,,legacy
209,2026-07-27 18:24:45.766-05,2026-07-27 19:14:56.642-05,G,150,Run Production,,legacy
209,2026-07-27 19:14:56.642-05,2026-07-27 19:22:58.288-05,B,350,Roll Change,,legacy
209,2026-07-27 19:22:58.288-05,2026-07-27 20:31:13.623-05,G,150,Run Production,,legacy
209,2026-07-27 20:31:13.623-05,2026-07-27 21:00:20.701-05,B,350,Roll Change,,legacy
209,2026-07-27 21:00:20.701-05,2026-07-28 02:47:39.119-05,M,47-22,MR Plate Damage in Press,,legacy
209,2026-07-28 02:47:39.119-05,2026-07-28 03:13:44.808-05,B,95,Press Problem / Impression,,legacy
209,2026-07-28 03:13:44.808-05,2026-07-28 03:32:49.005-05,G,150,Run Production,,legacy
209,2026-07-28 03:32:49.005-05,2026-07-28 03:53:53.615-05,M,16,Make Ready,,legacy
209,2026-07-28 03:53:53.615-05,2026-07-28 04:01:55.537-05,G,150,Run Production,,legacy
209,2026-07-28 04:01:55.537-05,2026-07-28 04:13:58.152-05,B,350,Roll Change,,legacy
209,2026-07-28 04:13:58.152-05,2026-07-28 04:48:06.276-05,G,150,Run Production,,legacy
209,2026-07-28 04:48:06.276-05,2026-07-28 05:01:09-05,B,82,Dr. Blade Change,,legacy
209,2026-07-28 05:01:09-05,2026-07-28 05:03:09.456-05,B,378,Cambio de Turno,,legacy
209,2026-07-28 05:03:09.456-05,2026-07-28 05:27:14.771-05,M,80,Anilox: Change,,legacy
209,2026-07-28 05:27:14.771-05,2026-07-28 05:36:16.837-05,G,150,Run Production,,legacy
209,2026-07-28 05:36:16.837-05,2026-07-28 05:40:17.68-05,G,20,Run,,legacy
209,2026-07-28 05:40:17.68-05,2026-07-28 05:41:17.9-05,G,150,Run Production,,legacy
209,2026-07-28 05:41:17.9-05,2026-07-28 06:00:21.935-05,B,350,Roll Change,,legacy
209,2026-07-28 06:00:21.935-05,2026-07-28 06:20:26.805-05,B,83,Drum: Clean,,legacy
209,2026-07-28 06:20:26.805-05,2026-07-28 06:26:28.223-05,G,150,Run Production,,legacy
209,2026-07-28 06:26:28.223-05,2026-07-28 06:52:34.084-05,B,308,Falla Mechanica,,legacy
209,2026-07-28 06:52:34.084-05,2026-07-28 06:54:34.52-05,G,150,Run Production,,legacy
209,2026-07-28 06:54:34.52-05,2026-07-28 07:06:37.315-05,B,99,Plates: Wash,,legacy
209,2026-07-28 07:06:37.315-05,2026-07-28 07:18:40.635-05,G,150,Run Production,,legacy
209,2026-07-28 07:18:40.635-05,2026-07-28 07:44:46.432-05,G,20,Run,,legacy
209,2026-07-28 07:44:46.432-05,2026-07-28 07:54:48.633-05,G,150,Run Production,,legacy
209,2026-07-28 07:54:48.633-05,2026-07-28 08:07:51.625-05,B,83,Drum: Clean,,legacy
209,2026-07-28 08:07:51.625-05,2026-07-28 08:21:54.679-05,G,150,Run Production,,legacy
209,2026-07-28 08:21:54.679-05,2026-07-28 08:33:57.311-05,B,83,Drum: Clean,,legacy
209,2026-07-28 08:33:57.311-05,2026-07-28 08:57:02.396-05,G,150,Run Production,,legacy
209,2026-07-28 08:57:02.396-05,2026-07-28 09:10:05.123-05,B,125,Substrate - Other,,legacy
209,2026-07-28 09:10:05.123-05,2026-07-28 09:15:06.225-05,G,150,Run Production,,legacy
209,2026-07-28 09:15:06.225-05,2026-07-28 09:27:08.738-05,B,301,Cambio de Rollo,,legacy
209,2026-07-28 09:27:08.738-05,2026-07-28 09:49:13.495-05,G,150,Run Production,,legacy
209,2026-07-28 09:49:13.495-05,2026-07-28 10:03:16.711-05,G,20,Run,,legacy
209,2026-07-28 10:03:16.711-05,2026-07-28 12:02:43.591-05,G,150,Run Production,,legacy
209,2026-07-28 12:02:43.591-05,2026-07-28 12:18:47.221-05,B,99,Plates: Wash,,legacy
209,2026-07-28 12:18:47.221-05,2026-07-28 12:59:56.471-05,G,150,Run Production,,legacy
209,2026-07-28 12:59:56.471-05,2026-07-28 13:00:56.723-05,M,48,Make Ready Sleeves,,legacy
209,2026-07-28 13:00:56.723-05,2026-07-28 13:30:03.367-05,G,150,Run Production,,legacy
209,2026-07-28 13:30:03.367-05,2026-07-28 13:38:05.009-05,B,83,Drum: Clean,,legacy
209,2026-07-28 13:38:05.009-05,2026-07-28 14:02:10.294-05,G,150,Run Production,,legacy
209,2026-07-28 14:02:10.294-05,2026-07-28 14:09:11.951-05,B,95,Press Problem / Impression,,legacy
209,2026-07-28 14:09:11.951-05,2026-07-28 14:20:14.344-05,G,150,Run Production,,legacy
209,2026-07-28 14:20:14.344-05,2026-07-28 14:42:18.94-05,B,136,Substrate - Problem Other,,legacy
209,2026-07-28 14:42:18.94-05,2026-07-28 15:58:37.525-05,G,150,Run Production,,legacy
209,2026-07-28 15:58:37.525-05,2026-07-28 16:07:39.598-05,B,133,Substrate - Wind/Edge Profile,,legacy
209,2026-07-28 16:07:39.598-05,2026-07-28 16:20:42.554-05,G,150,Run Production,,legacy
209,2026-07-28 16:20:42.554-05,2026-07-28 16:37:46.336-05,B,133,Substrate - Wind/Edge Profile,,legacy
209,2026-07-28 16:37:46.336-05,2026-07-28 16:40:47.015-05,G,150,Run Production,,legacy
209,2026-07-28 16:40:47.015-05,2026-07-28 17:22:56.251-05,B,354,Housekeeping,,legacy
209,2026-07-28 17:22:56.251-05,2026-07-28 17:29:57.59-05,M,80,Anilox: Change,,legacy
209,2026-07-28 17:29:57.59-05,2026-07-28 17:30:57.794-05,B,145-2,Poor Print,,legacy
209,2026-07-28 17:30:57.794-05,2026-07-28 17:36:59.123-05,B,133,Substrate - Wind/Edge Profile,,legacy
209,2026-07-28 17:36:59.123-05,2026-07-28 17:51:02.428-05,G,150,Run Production,,legacy
209,2026-07-28 17:51:02.428-05,2026-07-28 20:03:32.446-05,B,95,Press Problem / Impression,,legacy
209,2026-07-28 20:03:32.446-05,2026-07-28 20:27:37.624-05,G,150,Run Production,,legacy
209,2026-07-28 20:27:37.624-05,2026-07-28 20:32:39.372-05,B,133,Substrate - Wind/Edge Profile,,legacy
209,2026-07-28 20:32:39.372-05,2026-07-28 21:06:47.071-05,G,150,Run Production,,legacy
209,2026-07-28 21:06:47.071-05,2026-07-28 21:17:49.404-05,B,350,Roll Change,,legacy
209,2026-07-28 21:17:49.404-05,2026-07-28 22:06:00.197-05,G,150,Run Production,,legacy
209,2026-07-28 22:06:00.197-05,2026-07-28 22:14:02.681-05,B,350,Roll Change,,legacy
209,2026-07-28 22:14:02.681-05,2026-07-28 22:46:09.91-05,G,150,Run Production,,legacy
209,2026-07-28 22:46:09.91-05,2026-07-28 23:04:13.865-05,B,350,Roll Change,,legacy
209,2026-07-28 23:04:13.865-05,2026-07-28 23:32:20.149-05,G,150,Run Production,,legacy
209,2026-07-28 23:32:20.149-05,2026-07-28 23:39:21.75-05,B,350,Roll Change,,legacy
209,2026-07-28 23:39:21.75-05,2026-07-29 00:03:26.904-05,G,150,Run Production,,legacy
209,2026-07-29 00:03:26.904-05,2026-07-29 00:20:30.955-05,B,145-4,Plate Wash,,legacy
209,2026-07-29 00:20:30.955-05,2026-07-29 00:34:34.055-05,G,150,Run Production,,legacy
209,2026-07-29 00:34:34.055-05,2026-07-29 00:44:36.584-05,M,16,Make Ready,,legacy
209,2026-07-29 00:44:36.584-05,2026-07-29 00:45:36.829-05,G,150,Run Production,,legacy
209,2026-07-29 00:45:36.829-05,2026-07-29 01:05:41.838-05,B,350,Roll Change,,legacy
209,2026-07-29 01:05:41.838-05,2026-07-29 01:53:52.675-05,G,150,Run Production,,legacy
209,2026-07-29 01:53:52.675-05,2026-07-29 01:59:54.039-05,B,350,Roll Change,,legacy
209,2026-07-29 01:59:54.039-05,2026-07-29 02:01:54.493-05,B,99,Plates: Wash,,legacy
209,2026-07-29 02:01:54.493-05,2026-07-29 02:20:58.541-05,B,351,Falla electrica,,legacy
209,2026-07-29 02:20:58.541-05,2026-07-29 02:40:02.691-05,G,150,Run Production,,legacy
209,2026-07-29 02:40:02.691-05,2026-07-29 02:49:04.643-05,G,20,Run,,legacy
209,2026-07-29 02:49:04.643-05,2026-07-29 02:54:05.658-05,G,150,Run Production,,legacy
209,2026-07-29 02:54:05.658-05,2026-07-29 03:07:08.614-05,B,308,Falla Mechanica,,legacy
209,2026-07-29 03:07:08.614-05,2026-07-29 03:12:09.711-05,G,150,Run Production,,legacy
209,2026-07-29 03:12:09.711-05,2026-07-29 03:34:15.01-05,G,20,Run,,legacy
209,2026-07-29 03:34:15.01-05,2026-07-29 03:57:20.616-05,G,150,Run Production,,legacy
209,2026-07-29 03:57:20.616-05,2026-07-29 04:08:23.09-05,B,350,Roll Change,,legacy
209,2026-07-29 04:08:23.09-05,2026-07-29 04:53:33.916-05,G,150,Run Production,,legacy
209,2026-07-29 04:53:33.916-05,2026-07-29 04:55:35.118-05,B,83,Drum: Clean,,legacy
209,2026-07-29 04:55:35.118-05,2026-07-29 05:06:37.5-05,B,378,Cambio de Turno,,legacy
209,2026-07-29 05:06:37.5-05,2026-07-29 05:14:39.313-05,M,16,Make Ready,,legacy
209,2026-07-29 05:14:39.313-05,2026-07-29 05:16:39.705-05,G,20,Run,,legacy
209,2026-07-29 05:16:39.705-05,2026-07-29 05:28:42.465-05,G,150,Run Production,,legacy
209,2026-07-29 05:28:42.465-05,2026-07-29 05:35:44.167-05,B,99,Plates: Wash,,legacy
209,2026-07-29 05:35:44.167-05,2026-07-29 06:52:01.408-05,G,150,Run Production,,legacy
209,2026-07-29 06:52:01.408-05,2026-07-29 07:03:03.968-05,B,301,Cambio de Rollo,,legacy
209,2026-07-29 07:03:03.968-05,2026-07-29 07:04:04.459-05,G,20,Run,,legacy
209,2026-07-29 07:04:04.459-05,2026-07-29 07:06:04.917-05,G,150,Run Production,,legacy
209,2026-07-29 07:06:04.917-05,2026-07-29 07:32:10.983-05,G,20,Run,,legacy
209,2026-07-29 07:32:10.983-05,2026-07-29 07:58:16.998-05,G,150,Run Production,,legacy
209,2026-07-29 07:58:16.998-05,2026-07-29 07:59:17.251-05,B,450,Non Productive,,legacy
209,2026-07-29 07:59:17.251-05,2026-07-29 08:19:21.782-05,M,48,Make Ready Sleeves,,legacy
209,2026-07-29 08:19:21.782-05,2026-07-29 08:21:22.251-05,B,450,Non Productive,,legacy
209,2026-07-29 08:21:22.251-05,2026-07-29 09:22:36.691-05,M,47,Make Ready - Time Required to Setup Job,,legacy
209,2026-07-29 09:22:36.691-05,2026-07-29 09:52:43.463-05,B,41-1,Maintenance - Mechanical,,legacy
209,2026-07-29 09:52:43.463-05,2026-07-29 10:02:45.841-05,M,48,Make Ready Sleeves,,legacy
209,2026-07-29 10:02:45.841-05,2026-07-29 10:34:52.881-05,M,47,Make Ready - Time Required to Setup Job,,legacy
209,2026-07-29 10:34:52.881-05,2026-07-29 11:04:59.663-05,B,82,Dr. Blade Change,,legacy
209,2026-07-29 11:04:59.663-05,2026-07-29 12:23:18.435-05,M,47,Make Ready - Time Required to Setup Job,,legacy
209,2026-07-29 12:23:18.435-05,2026-07-29 13:49:38.088-05,G,150,Run Production,,legacy
209,2026-07-29 13:49:38.088-05,2026-07-29 14:02:40.991-05,B,99,Plates: Wash,,legacy
209,2026-07-29 14:02:40.991-05,2026-07-29 16:05:09.356-05,G,150,Run Production,,legacy
209,2026-07-29 16:05:09.356-05,2026-07-29 16:11:10.833-05,B,354,Housekeeping,,legacy
209,2026-07-29 16:11:10.833-05,2026-07-29 16:32:17.194-05,B,83,Drum: Clean,,legacy
209,2026-07-29 16:32:17.194-05,2026-07-29 16:38:18.517-05,B,354,Housekeeping,,legacy
209,2026-07-29 16:38:18.517-05,2026-07-29 16:49:21.641-05,G,150,Run Production,,legacy
209,2026-07-29 16:49:21.641-05,2026-07-29 16:53:22.487-05,B,99,Plates: Wash,,legacy
209,2026-07-29 16:53:22.487-05,2026-07-29 16:55:22.994-05,B,145-4,Plate Wash,,legacy
209,2026-07-29 16:55:22.994-05,2026-07-29 17:56:38.265-05,G,150,Run Production,,legacy
209,2026-07-29 17:56:38.265-05,2026-07-29 18:55:51.605-05,B,350,Roll Change,,legacy
209,2026-07-29 18:55:51.605-05,2026-07-29 19:48:03.6-05,B,82,Dr. Blade Change,,legacy
209,2026-07-29 19:48:03.6-05,2026-07-29 20:38:15.197-05,G,150,Run Production,,legacy
209,2026-07-29 20:38:15.197-05,2026-07-29 20:48:17.652-05,B,350,Roll Change,,legacy
209,2026-07-29 20:48:17.652-05,2026-07-29 21:23:26.024-05,M,47-3,Make Ready Ghosting,,legacy
209,2026-07-29 21:23:26.024-05,2026-07-29 21:58:34.299-05,M,47-15,MR Anilox Change (High Volume),,legacy
209,2026-07-29 21:58:34.299-05,2026-07-29 22:36:42.872-05,G,150,Run Production,,legacy
209,2026-07-29 22:36:42.872-05,2026-07-29 23:06:49.277-05,B,145-98,Quality Hold,,legacy
209,2026-07-29 23:06:49.277-05,2026-07-29 23:51:59.234-05,G,150,Run Production,,legacy
209,2026-07-29 23:51:59.234-05,2026-07-30 00:09:03.007-05,B,350,Roll Change,,legacy
209,2026-07-30 00:09:03.007-05,2026-07-30 00:50:12.904-05,G,150,Run Production,,legacy
209,2026-07-30 00:50:12.904-05,2026-07-30 01:04:15.966-05,B,99,Plates: Wash,,legacy
209,2026-07-30 01:04:15.966-05,2026-07-30 01:42:24.952-05,G,150,Run Production,,legacy
209,2026-07-30 01:42:24.952-05,2026-07-30 01:51:26.918-05,B,350,Roll Change,,legacy
209,2026-07-30 01:51:26.918-05,2026-07-30 02:42:38.476-05,G,150,Run Production,,legacy
209,2026-07-30 02:42:38.476-05,2026-07-30 03:16:46.331-05,B,145-98,Quality Hold,,legacy
209,2026-07-30 03:16:46.331-05,2026-07-30 03:55:54.873-05,G,150,Run Production,,legacy
209,2026-07-30 03:55:54.873-05,2026-07-30 04:11:58.368-05,B,350,Roll Change,,legacy
209,2026-07-30 04:11:58.368-05,2026-07-30 04:45:10.434-05,G,150,Run Production,,legacy
209,2026-07-30 04:45:10.434-05,2026-07-30 04:58:13.452-05,B,350,Roll Change,,legacy
209,2026-07-30 04:58:13.452-05,2026-07-30 05:14:16.985-05,G,150,Run Production,,legacy
209,2026-07-30 05:14:16.985-05,2026-07-30 05:42:23.346-05,B,145-3,Drum Clean,,legacy
209,2026-07-30 05:42:23.346-05,2026-07-30 07:16:44.845-05,G,150,Run Production,,legacy
209,2026-07-30 07:16:44.845-05,2026-07-30 07:27:47.366-05,B,83,Drum: Clean,,legacy
209,2026-07-30 07:27:47.366-05,2026-07-30 08:36:05.201-05,G,150,Run Production,,legacy
209,2026-07-30 08:36:05.201-05,2026-07-30 08:37:05.445-05,B,350,Roll Change,,legacy
209,2026-07-30 08:37:05.445-05,2026-07-30 08:51:08.962-05,B,82,Dr. Blade Change,,legacy
209,2026-07-30 08:51:08.962-05,2026-07-30 09:12:14.472-05,B,95,Press Problem / Impression,,legacy
209,2026-07-30 09:12:14.472-05,2026-07-30 10:11:29.273-05,G,150,Run Production,,legacy
209,2026-07-30 10:11:29.273-05,2026-07-30 10:12:29.532-05,B,102,Poor Print (Obsolete),,legacy
209,2026-07-30 10:12:29.532-05,2026-07-30 10:57:39.94-05,M,47-4,Make Ready Bouncing,,legacy
209,2026-07-30 10:57:39.94-05,2026-07-30 13:33:21.871-05,G,150,Run Production,,legacy
209,2026-07-30 13:33:21.871-05,2026-07-30 14:35:36.947-05,M,47-99,Make Ready Other,,legacy
209,2026-07-30 14:35:36.947-05,2026-07-30 14:56:42.443-05,M,47,Make Ready - Time Required to Setup Job,,legacy
209,2026-07-30 14:56:42.443-05,2026-07-30 15:02:44.05-05,B,41-1,Maintenance - Mechanical,,legacy
209,2026-07-30 15:02:44.05-05,2026-07-30 15:59:57.788-05,M,47,Make Ready - Time Required to Setup Job,,legacy
209,2026-07-30 15:59:57.788-05,2026-07-30 16:39:08.063-05,G,150,Run Production,,legacy
209,2026-07-30 16:39:08.063-05,2026-07-30 16:49:10.267-05,B,354,Housekeeping,,legacy
209,2026-07-30 16:49:10.267-05,2026-07-30 18:18:30.684-05,G,150,Run Production,,legacy
209,2026-07-30 18:18:30.684-05,2026-07-30 18:37:35.789-05,B,350,Roll Change,,legacy
209,2026-07-30 18:37:35.789-05,2026-07-30 19:15:44.478-05,G,150,Run Production,,legacy
209,2026-07-30 19:15:44.478-05,2026-07-30 19:27:47.18-05,B,350,Roll Change,,legacy
209,2026-07-30 19:27:47.18-05,2026-07-30 20:11:56.994-05,G,150,Run Production,,legacy
209,2026-07-30 20:11:56.994-05,2026-07-30 20:31:01.08-05,B,350,Roll Change,,legacy
209,2026-07-30 20:31:01.08-05,2026-07-30 21:17:11.475-05,G,150,Run Production,,legacy
209,2026-07-30 21:17:11.475-05,2026-07-30 21:51:19.351-05,M,16,Make Ready,,legacy
209,2026-07-30 21:51:19.351-05,2026-07-30 22:14:25.069-05,G,150,Run Production,,legacy
209,2026-07-30 22:14:25.069-05,2026-07-30 22:22:26.814-05,B,350,Roll Change,,legacy
209,2026-07-30 22:22:26.814-05,2026-07-30 23:01:36.239-05,G,150,Run Production,,legacy
209,2026-07-30 23:01:36.239-05,2026-07-30 23:16:39.455-05,B,350,Roll Change,,legacy
209,2026-07-30 23:16:39.455-05,2026-07-31 00:01:50.06-05,G,150,Run Production,,legacy
209,2026-07-31 00:01:50.06-05,2026-07-31 00:16:53.302-05,B,350,Roll Change,,legacy
209,2026-07-31 00:16:53.302-05,2026-07-31 00:50:01.434-05,G,150,Run Production,,legacy
209,2026-07-31 00:50:01.434-05,2026-07-31 00:56:02.939-05,B,145-4,Plate Wash,,legacy
209,2026-07-31 00:56:02.939-05,2026-07-31 00:58:03.358-05,G,20,Run,,legacy
209,2026-07-31 00:58:03.358-05,2026-07-31 01:28:10.474-05,G,150,Run Production,,legacy
209,2026-07-31 01:28:10.474-05,2026-07-31 01:39:13.154-05,B,350,Roll Change,,legacy
209,2026-07-31 01:39:13.154-05,2026-07-31 02:17:22.555-05,G,150,Run Production,,legacy
209,2026-07-31 02:17:22.555-05,2026-07-31 02:24:24.291-05,B,350,Roll Change,,legacy
209,2026-07-31 02:24:24.291-05,2026-07-31 03:53:45.889-05,G,150,Run Production,,legacy
209,2026-07-31 03:53:45.889-05,2026-07-31 04:12:50.053-05,B,350,Roll Change,,legacy
209,2026-07-31 04:12:50.053-05,2026-07-31 04:50:58.901-05,G,150,Run Production,,legacy
209,2026-07-31 04:50:58.901-05,2026-07-31 04:59:00.587-05,B,350,Roll Change,,legacy
209,2026-07-31 04:59:00.587-05,2026-07-31 05:01:01.04-05,B,378,Cambio de Turno,,legacy
209,2026-07-31 05:01:01.04-05,2026-07-31 05:03:01.445-05,B,354,Housekeeping,,legacy
209,2026-07-31 05:03:01.445-05,2026-07-31 05:28:06.818-05,G,20,Run,,legacy
209,2026-07-31 05:28:06.818-05,2026-07-31 05:43:10.319-05,B,83,Drum: Clean,,legacy
209,2026-07-31 05:43:10.319-05,2026-07-31 06:05:15.132-05,B,82,Dr. Blade Change,,legacy
209,2026-07-31 06:05:15.132-05,2026-07-31 06:10:16.572-05,B,301,Cambio de Rollo,,legacy
209,2026-07-31 06:10:16.572-05,2026-07-31 06:15:17.722-05,G,150,Run Production,,legacy
209,2026-07-31 06:15:17.722-05,2026-07-31 06:27:20.442-05,G,20,Run,,legacy
209,2026-07-31 06:27:20.442-05,2026-07-31 07:38:37.38-05,G,150,Run Production,,legacy
209,2026-07-31 07:38:37.38-05,2026-07-31 07:52:40.744-05,B,99,Plates: Wash,,legacy
209,2026-07-31 07:52:40.744-05,2026-07-31 07:54:41.113-05,G,150,Run Production,,legacy
209,2026-07-31 07:54:41.113-05,2026-07-31 08:05:43.642-05,B,82,Dr. Blade Change,,legacy
209,2026-07-31 08:05:43.642-05,2026-07-31 08:27:48.543-05,B,145-99,Other,,legacy
209,2026-07-31 08:27:48.543-05,2026-07-31 08:49:53.458-05,G,150,Run Production,,legacy
209,2026-07-31 08:49:53.458-05,2026-07-31 09:07:58.018-05,B,86,Ink: Contamination,,legacy
209,2026-07-31 09:07:58.018-05,2026-07-31 10:37:18.586-05,G,150,Run Production,,legacy
209,2026-07-31 10:37:18.586-05,2026-07-31 11:06:24.854-05,B,41-1,Maintenance - Mechanical,,legacy
209,2026-07-31 11:06:24.854-05,2026-07-31 11:24:29.287-05,G,150,Run Production,,legacy
209,2026-07-31 11:24:29.287-05,2026-07-31 11:33:31.264-05,B,82,Dr. Blade Change,,legacy
209,2026-07-31 11:33:31.264-05,2026-07-31 11:41:33.116-05,G,150,Run Production,,legacy
209,2026-07-31 11:41:33.116-05,2026-07-31 11:50:35.109-05,B,82,Dr. Blade Change,,legacy
209,2026-07-31 11:50:35.109-05,2026-07-31 11:58:37.002-05,B,301,Cambio de Rollo,,legacy
209,2026-07-31 11:58:37.002-05,2026-07-31 12:08:39.262-05,G,20,Run,,legacy
209,2026-07-31 12:08:39.262-05,2026-07-31 12:38:46.295-05,G,150,Run Production,,legacy
209,2026-07-31 12:38:46.295-05,2026-07-31 12:48:48.77-05,B,99,Plates: Wash,,legacy
209,2026-07-31 12:48:48.77-05,2026-07-31 14:50:14.842-05,G,150,Run Production,,legacy
209,2026-07-31 14:50:14.842-05,2026-07-31 14:59:16.735-05,B,41-2,Maintenance - Electrical,,legacy
209,2026-07-31 14:59:16.735-05,2026-07-31 16:12:37.262-05,G,150,Run Production,,legacy
209,2026-07-31 16:12:37.262-05,2026-07-31 16:25:40.446-05,B,83,Drum: Clean,,legacy
209,2026-07-31 16:25:40.446-05,2026-07-31 16:47:45.754-05,G,150,Run Production,,legacy
209,2026-07-31 16:47:45.754-05,2026-07-31 16:58:48.187-05,B,378,Cambio de Turno,,legacy
209,2026-07-31 16:58:48.187-05,2026-07-31 17:26:54.1-05,G,150,Run Production,,legacy
209,2026-07-31 17:26:54.1-05,2026-07-31 17:31:55.425-05,G,20,Run,,legacy
209,2026-07-31 17:31:55.425-05,2026-07-31 17:54:01.119-05,G,150,Run Production,,legacy
209,2026-07-31 17:54:01.119-05,2026-07-31 17:56:01.603-05,B,301,Cambio de Rollo,,legacy
209,2026-07-31 17:56:01.603-05,2026-07-31 18:04:03.297-05,B,350,Roll Change,,legacy
209,2026-07-31 18:04:03.297-05,2026-07-31 18:12:05.411-05,G,150,Run Production,,legacy
209,2026-07-31 18:12:05.411-05,2026-07-31 18:22:07.465-05,G,20,Run,,legacy
209,2026-07-31 18:22:07.465-05,2026-07-31 19:22:22.207-05,G,150,Run Production,,legacy
209,2026-07-31 19:22:22.207-05,2026-07-31 19:43:27.35-05,M,48,Make Ready Sleeves,,legacy
209,2026-07-31 19:43:27.35-05,2026-07-31 20:15:35.314-05,B,29,Electrical: Press Other,,legacy
209,2026-07-31 20:15:35.314-05,2026-07-31 20:19:36.134-05,M,47,Make Ready - Time Required to Setup Job,,legacy
209,2026-07-31 20:19:36.134-05,2026-07-31 20:28:38.018-05,M,47-99,Make Ready Other,,legacy
209,2026-07-31 20:28:38.018-05,2026-07-31 21:26:50.228-05,M,47,Make Ready - Time Required to Setup Job,,legacy
209,2026-07-31 21:26:50.228-05,2026-07-31 21:50:55.516-05,B,29,Electrical: Press Other,,legacy
209,2026-07-31 21:50:55.516-05,2026-07-31 22:32:05.05-05,M,47,Make Ready - Time Required to Setup Job,,legacy
209,2026-07-31 22:32:05.05-05,2026-07-31 23:26:16.66-05,G,150,Run Production,,legacy
209,2026-07-31 23:26:16.66-05,2026-07-31 23:38:19.287-05,B,83,Drum: Clean,,legacy
209,2026-07-31 23:38:19.287-05,2026-08-01 01:52:49.021-05,G,150,Run Production,,legacy
209,2026-08-01 01:52:49.021-05,2026-08-01 02:35:58.418-05,B,95,Press Problem / Impression,,legacy
209,2026-08-01 02:35:58.418-05,2026-08-01 03:47:13.592-05,M,47-27,Make Ready Wrong Sleeve,,legacy
209,2026-08-01 03:47:13.592-05,2026-08-01 08:59:26.483-05,G,150,Run Production,,legacy
209,2026-08-01 08:59:26.483-05,2026-08-01 09:14:29.649-05,B,133,Substrate - Wind/Edge Profile,,legacy
209,2026-08-01 09:14:29.649-05,2026-08-01 09:32:33.478-05,G,150,Run Production,,legacy
209,2026-08-01 09:32:33.478-05,2026-08-01 09:34:33.94-05,B,29,Electrical: Press Other,,legacy
209,2026-08-01 09:34:33.94-05,2026-08-01 10:16:43.303-05,G,150,Run Production,,legacy
209,2026-08-01 10:16:43.303-05,2026-08-01 11:01:53.186-05,B,29,Electrical: Press Other,,legacy
209,2026-08-01 11:01:53.186-05,2026-08-01 12:41:15.203-05,G,150,Run Production,,legacy
209,2026-08-01 12:41:15.203-05,2026-08-01 12:46:16.23-05,B,99,Plates: Wash,,legacy
209,2026-08-01 12:46:16.23-05,2026-08-01 15:57:58.831-05,G,150,Run Production,,legacy
209,2026-08-01 15:57:58.831-05,2026-08-01 16:45:09.369-05,B,29,Electrical: Press Other,,legacy
209,2026-08-01 16:45:09.369-05,2026-08-01 16:53:10.978-05,B,354,Housekeeping,,legacy
209,2026-08-01 16:53:10.978-05,2026-08-01 16:54:11.209-05,G,150,Run Production,,legacy
209,2026-08-01 16:54:11.209-05,2026-08-01 17:27:18.343-05,B,29,Electrical: Press Other,,legacy
209,2026-08-01 17:27:18.343-05,2026-08-01 17:28:18.557-05,G,150,Run Production,,legacy
209,2026-08-01 17:28:18.557-05,2026-08-01 17:56:25.885-05,B,450,Non Productive,,legacy
209,2026-08-01 17:56:25.885-05,2026-08-01 17:58:26.284-05,M,47,Make Ready - Time Required to Setup Job,,legacy
209,2026-08-01 17:58:26.284-05,2026-08-01 20:55:05.614-05,G,150,Run Production,,legacy
209,2026-08-01 20:55:05.614-05,2026-08-01 20:58:06.303-05,B,350,Roll Change,,legacy
209,2026-08-01 20:58:06.303-05,2026-08-02 01:00:01.815-05,G,150,Run Production,,legacy
209,2026-08-02 01:00:01.815-05,2026-08-02 01:05:02.94-05,B,350,Roll Change,,legacy
209,2026-08-02 01:05:02.94-05,2026-08-02 02:07:16.278-05,G,150,Run Production,,legacy
209,2026-08-02 02:07:16.278-05,2026-08-02 02:17:18.755-05,B,450,Non Productive,,legacy
209,2026-08-02 02:17:18.755-05,2026-08-02 03:04:29.777-05,M,48,Make Ready Sleeves,,legacy
209,2026-08-02 03:04:29.777-05,2026-08-02 03:29:35.274-05,B,29,Electrical: Press Other,,legacy
209,2026-08-02 03:29:35.274-05,2026-08-02 03:31:36.022-05,M,47,Make Ready - Time Required to Setup Job,,legacy
209,2026-08-02 03:31:36.022-05,2026-08-02 03:40:37.921-05,M,48,Make Ready Sleeves,,legacy
209,2026-08-02 03:40:37.921-05,2026-08-02 04:18:47.11-05,M,47,Make Ready - Time Required to Setup Job,,legacy
209,2026-08-02 04:18:47.11-05,2026-08-02 04:37:51.359-05,B,354,Housekeeping,,legacy
209,2026-08-02 04:37:51.359-05,2026-08-02 05:12:59.925-05,M,47,Make Ready - Time Required to Setup Job,,legacy
209,2026-08-02 05:12:59.925-05,2026-08-02 06:08:11.562-05,M,80,Anilox: Change,,legacy
209,2026-08-02 06:08:11.562-05,2026-08-02 07:58:36.859-05,M,47,Make Ready - Time Required to Setup Job,,legacy
209,2026-08-02 07:58:36.859-05,2026-08-02 09:54:02.096-05,G,150,Run Production,,legacy
209,2026-08-02 09:54:02.096-05,2026-08-02 10:21:08.325-05,B,99,Plates: Wash,,legacy
209,2026-08-02 10:21:08.325-05,2026-08-02 11:02:17.476-05,G,150,Run Production,,legacy
209,2026-08-02 11:02:17.476-05,2026-08-02 11:15:20.401-05,B,83,Drum: Clean,,legacy
209,2026-08-02 11:15:20.401-05,2026-08-02 11:50:28.712-05,G,150,Run Production,,legacy
209,2026-08-02 11:50:28.712-05,2026-08-02 12:51:41.76-05,B,450,Non Productive,,legacy
209,2026-08-02 12:51:41.76-05,2026-08-02 14:08:59.015-05,B,145-7,Film Web Break,,legacy
209,2026-08-02 14:08:59.015-05,2026-08-02 14:11:59.648-05,G,150,Run Production,,legacy
209,2026-08-02 14:11:59.648-05,2026-08-02 14:14:00.05-05,B,29,Electrical: Press Other,,legacy
209,2026-08-02 14:14:00.05-05,2026-08-02 14:30:03.385-05,B,125,Substrate - Other,,legacy
209,2026-08-02 14:30:03.385-05,2026-08-02 15:05:12.416-05,B,29,Electrical: Press Other,,legacy
209,2026-08-02 15:05:12.416-05,2026-08-02 23:10:00.141-05,B,450,Non Productive,,legacy
209,2026-08-02 23:10:00.141-05,2026-08-02 23:15:01.17-05,M,47,Make Ready - Time Required to Setup Job,,legacy
209,2026-08-02 23:15:01.17-05,2026-08-02 23:45:07.717-05,B,99,Plates: Wash,,legacy
209,2026-08-02 23:45:07.717-05,2026-08-02 23:58:10.7-05,M,80,Anilox: Change,,legacy
209,2026-08-02 23:58:10.7-05,2026-08-03 00:15:15.208-05,M,47,Make Ready - Time Required to Setup Job,,legacy
209,2026-08-03 00:15:15.208-05,2026-08-03 00:36:19.489-05,B,83,Drum: Clean,,legacy
209,2026-08-03 00:36:19.489-05,2026-08-03 01:01:24.834-05,G,150,Run Production,,legacy
209,2026-08-03 01:01:24.834-05,2026-08-03 01:05:25.705-05,B,145-99,Other,,legacy
209,2026-08-03 01:05:25.705-05,2026-08-03 01:06:25.968-05,G,150,Run Production,,legacy
209,2026-08-03 01:06:25.968-05,2026-08-03 01:26:30.475-05,B,99,Plates: Wash,,legacy
209,2026-08-03 01:26:30.475-05,2026-08-03 01:31:31.525-05,B,95,Press Problem / Impression,,legacy
209,2026-08-03 01:31:31.525-05,2026-08-03 02:02:38.606-05,G,150,Run Production,,legacy
209,2026-08-03 02:02:38.606-05,2026-08-03 02:21:42.763-05,B,350,Roll Change,,legacy
209,2026-08-03 02:21:42.763-05,2026-08-03 02:28:44.277-05,B,95,Press Problem / Impression,,legacy
209,2026-08-03 02:28:44.277-05,2026-08-03 02:45:48.329-05,G,150,Run Production,,legacy
209,2026-08-03 02:45:48.329-05,2026-08-03 02:55:50.388-05,B,95,Press Problem / Impression,,legacy
209,2026-08-03 02:55:50.388-05,2026-08-03 03:43:00.666-05,B,145-98,Quality Hold,,legacy
209,2026-08-03 03:43:00.666-05,2026-08-03 04:06:05.441-05,B,99,Plates: Wash,,legacy
209,2026-08-03 04:06:05.441-05,2026-08-03 04:17:07.831-05,G,150,Run Production,,legacy
209,2026-08-03 04:17:07.831-05,2026-08-03 04:39:12.552-05,B,95,Press Problem / Impression,,legacy
209,2026-08-03 04:39:12.552-05,2026-08-03 04:45:13.809-05,G,150,Run Production,,legacy
209,2026-08-03 04:45:13.809-05,2026-08-03 05:02:17.207-05,B,350,Roll Change,,legacy
209,2026-08-03 05:02:17.207-05,2026-08-03 05:16:20.75-05,B,354,Housekeeping,,legacy
209,2026-08-03 05:16:20.75-05,2026-08-03 05:53:29-05,G,150,Run Production,,legacy
209,2026-08-03 05:53:29-05,2026-08-03 06:03:31.03-05,B,99,Plates: Wash,,legacy
209,2026-08-03 06:03:31.03-05,2026-08-03 07:04:44.582-05,G,150,Run Production,,legacy
209,2026-08-03 07:04:44.582-05,2026-08-03 07:13:46.632-05,B,99,Plates: Wash,,legacy
209,2026-08-03 07:13:46.632-05,2026-08-03 07:22:48.812-05,G,150,Run Production,,legacy
209,2026-08-03 07:22:48.812-05,2026-08-03 07:24:49.265-05,B,95,Press Problem / Impression,,legacy
209,2026-08-03 07:24:49.265-05,2026-08-03 07:47:54.063-05,M,80,Anilox: Change,,legacy
209,2026-08-03 07:47:54.063-05,2026-08-03 07:50:54.836-05,B,99,Plates: Wash,,legacy
209,2026-08-03 07:50:54.836-05,2026-08-03 08:36:05.044-05,G,150,Run Production,,legacy
209,2026-08-03 08:36:05.044-05,2026-08-03 08:47:07.396-05,B,83,Drum: Clean,,legacy
209,2026-08-03 08:47:07.396-05,2026-08-03 09:32:17.238-05,G,150,Run Production,,legacy
209,2026-08-03 09:32:17.238-05,2026-08-03 09:44:19.646-05,B,99,Plates: Wash,,legacy
209,2026-08-03 09:44:19.646-05,2026-08-03 09:45:19.861-05,B,82,Dr. Blade Change,,legacy
209,2026-08-03 09:45:19.861-05,2026-08-03 10:39:32.449-05,G,150,Run Production,,legacy
209,2026-08-03 10:39:32.449-05,2026-08-03 10:48:34.445-05,B,99,Plates: Wash,,legacy
209,2026-08-03 10:48:34.445-05,2026-08-03 11:20:41.953-05,G,150,Run Production,,legacy
209,2026-08-03 11:20:41.953-05,2026-08-03 11:24:42.884-05,B,145-4,Plate Wash,,legacy
209,2026-08-03 11:24:42.884-05,2026-08-03 12:32:58.299-05,G,150,Run Production,,legacy
209,2026-08-03 12:32:58.299-05,2026-08-03 12:49:01.67-05,B,99,Plates: Wash,,legacy
209,2026-08-03 12:49:01.67-05,2026-08-03 14:22:24.66-05,G,150,Run Production,,legacy
209,2026-08-03 14:22:24.66-05,2026-08-03 14:30:26.427-05,B,350,Roll Change,,legacy
209,2026-08-03 14:30:26.427-05,2026-08-03 16:58:11.161-05,G,150,Run Production,,legacy
209,2026-08-03 16:58:11.161-05,2026-08-03 16:59:11.356-05,B,145-2,Poor Print,,legacy
209,2026-08-03 16:59:11.356-05,2026-08-03 17:25:17.042-05,B,354,Housekeeping,,legacy
209,2026-08-03 17:25:17.042-05,2026-08-03 18:11:28.32-05,G,150,Run Production,,legacy
209,2026-08-03 18:11:28.32-05,2026-08-03 18:32:33.092-05,B,350,Roll Change,,legacy
209,2026-08-03 18:32:33.092-05,2026-08-03 19:16:43.436-05,G,150,Run Production,,legacy
209,2026-08-03 19:16:43.436-05,2026-08-03 19:26:45.789-05,B,350,Roll Change,,legacy
209,2026-08-03 19:26:45.789-05,2026-08-03 20:11:56.203-05,B,145-4,Plate Wash,,legacy
209,2026-08-03 20:11:56.203-05,2026-08-03 20:34:01.204-05,G,150,Run Production,,legacy
209,2026-08-03 20:34:01.204-05,2026-08-03 20:40:02.539-05,B,350,Roll Change,,legacy
209,2026-08-03 20:40:02.539-05,2026-08-03 20:55:06.077-05,G,150,Run Production,,legacy
209,2026-08-03 20:55:06.077-05,2026-08-03 20:56:06.322-05,B,450,Non Productive,,legacy
209,2026-08-03 20:56:06.322-05,2026-08-03 20:57:06.52-05,M,47,Make Ready - Time Required to Setup Job,,legacy
209,2026-08-03 20:57:06.52-05,2026-08-03 21:11:09.787-05,M,48,Make Ready Sleeves,,legacy
209,2026-08-03 21:11:09.787-05,2026-08-03 21:37:15.42-05,B,64,Mech - Press Other,,legacy
209,2026-08-03 21:37:15.42-05,2026-08-03 22:11:23.948-05,M,48,Make Ready Sleeves,,legacy
209,2026-08-03 22:11:23.948-05,2026-08-03 22:46:32.073-05,M,47-17,Make Ready Dirty Anilox,,legacy
209,2026-08-03 22:46:32.073-05,2026-08-04 00:19:53.197-05,M,47,Make Ready - Time Required to Setup Job,,legacy
209,2026-08-04 00:19:53.197-05,2026-08-04 02:14:19.072-05,B,82,Dr. Blade Change,,legacy
209,2026-08-04 02:14:19.072-05,2026-08-04 02:53:27.943-05,B,64,Mech - Press Other,,legacy
209,2026-08-04 02:53:27.943-05,2026-08-04 02:58:29.039-05,M,48,Make Ready Sleeves,,legacy
209,2026-08-04 02:58:29.039-05,2026-08-04 03:43:39.276-05,M,47,Make Ready - Time Required to Setup Job,,legacy
209,2026-08-04 03:43:39.276-05,2026-08-04 04:34:51.615-05,B,354,Housekeeping,,legacy
209,2026-08-04 04:34:51.615-05,2026-08-04 05:01:57.849-05,M,47,Make Ready - Time Required to Setup Job,,legacy
209,2026-08-04 05:01:57.849-05,2026-08-04 06:14:14.604-05,B,126,Substrate - Web Break,,legacy
209,2026-08-04 06:14:14.604-05,2026-08-04 07:11:28.656-05,B,41-1,Maintenance - Mechanical,,legacy
209,2026-08-04 07:11:28.656-05,2026-08-04 07:42:36.342-05,B,126,Substrate - Web Break,,legacy
209,2026-08-04 07:42:36.342-05,2026-08-04 08:54:52.983-05,M,47,Make Ready - Time Required to Setup Job,,legacy
209,2026-08-04 08:54:52.983-05,2026-08-04 09:04:55.457-05,M,47-16,MR Score Line (Anilox),,legacy
209,2026-08-04 09:04:55.457-05,2026-08-04 09:13:57.516-05,M,47,Make Ready - Time Required to Setup Job,,legacy
209,2026-08-04 09:13:57.516-05,2026-08-04 09:19:59.369-05,M,85,Make Ready - Color Match,,legacy
209,2026-08-04 09:19:59.369-05,2026-08-04 09:31:01.968-05,M,47,Make Ready - Time Required to Setup Job,,legacy
209,2026-08-04 09:31:01.968-05,2026-08-04 10:32:15.87-05,G,150,Run Production,,legacy
209,2026-08-04 10:32:15.87-05,2026-08-04 10:48:19.456-05,B,99,Plates: Wash,,legacy
209,2026-08-04 10:48:19.456-05,2026-08-04 11:41:32.136-05,G,150,Run Production,,legacy
209,2026-08-04 11:41:32.136-05,2026-08-04 12:54:49.11-05,B,41-1,Maintenance - Mechanical,,legacy
209,2026-08-04 12:54:49.11-05,2026-08-04 13:39:59.674-05,G,150,Run Production,,legacy
209,2026-08-04 13:39:59.674-05,2026-08-04 13:40:59.887-05,B,41-2,Maintenance - Electrical,,legacy
209,2026-08-04 13:40:59.887-05,2026-08-04 14:43:14.672-05,B,450,Non Productive,,legacy
209,2026-08-04 14:43:14.672-05,2026-08-04 14:44:14.886-05,M,47,Make Ready - Time Required to Setup Job,,legacy
209,2026-08-04 14:44:14.886-05,2026-08-04 14:56:17.448-05,G,150,Run Production,,legacy
209,2026-08-04 14:56:17.448-05,2026-08-04 15:05:19.416-05,B,41-2,Maintenance - Electrical,,legacy
209,2026-08-04 15:05:19.416-05,2026-08-04 15:38:27.291-05,G,150,Run Production,,legacy
209,2026-08-04 15:38:27.291-05,2026-08-04 15:47:29.514-05,B,99,Plates: Wash,,legacy
209,2026-08-04 15:47:29.514-05,2026-08-04 15:50:30.471-05,G,150,Run Production,,legacy
209,2026-08-04 15:50:30.471-05,2026-08-04 18:46:12.43-05,B,126,Substrate - Web Break,,legacy
209,2026-08-04 18:46:12.43-05,2026-08-04 19:58:28.528-05,G,150,Run Production,,legacy
209,2026-08-04 19:58:28.528-05,2026-08-04 20:05:30.299-05,B,99,Plates: Wash,,legacy
209,2026-08-04 20:05:30.299-05,2026-08-04 22:00:57.092-05,G,150,Run Production,,legacy
209,2026-08-04 22:00:57.092-05,2026-08-04 22:14:00.322-05,B,82,Dr. Blade Change,,legacy
209,2026-08-04 22:14:00.322-05,2026-08-04 22:28:03.509-05,G,150,Run Production,,legacy
209,2026-08-04 22:28:03.509-05,2026-08-04 22:46:07.513-05,B,83,Drum: Clean,,legacy
209,2026-08-04 22:46:07.513-05,2026-08-04 23:16:14.984-05,G,150,Run Production,,legacy
209,2026-08-04 23:16:14.984-05,2026-08-04 23:25:16.949-05,B,99,Plates: Wash,,legacy
209,2026-08-04 23:25:16.949-05,2026-08-05 00:17:29.762-05,G,150,Run Production,,legacy
209,2026-08-05 00:17:29.762-05,2026-08-05 04:16:24.439-05,B,126,Substrate - Web Break,,legacy
209,2026-08-05 04:16:24.439-05,2026-08-05 04:58:34.368-05,B,145-6,Ink Spill,,legacy
209,2026-08-05 04:58:34.368-05,2026-08-05 05:09:36.719-05,G,150,Run Production,,legacy
209,2026-08-05 05:09:36.719-05,2026-08-05 05:13:37.639-05,B,95,Press Problem / Impression,,legacy
209,2026-08-05 05:13:37.639-05,2026-08-05 06:14:52.911-05,G,150,Run Production,,legacy
209,2026-08-05 06:14:52.911-05,2026-08-05 06:22:54.77-05,B,99,Plates: Wash,,legacy
209,2026-08-05 06:22:54.77-05,2026-08-05 06:31:56.817-05,G,150,Run Production,,legacy
209,2026-08-05 06:31:56.817-05,2026-08-05 09:53:43.636-05,B,126,Substrate - Web Break,,legacy
209,2026-08-05 09:53:43.636-05,2026-08-05 10:16:49.086-05,G,150,Run Production,,legacy
209,2026-08-05 10:16:49.086-05,2026-08-05 10:24:51.021-05,B,350,Roll Change,,legacy
209,2026-08-05 10:24:51.021-05,2026-08-05 11:26:05.995-05,G,150,Run Production,,legacy
209,2026-08-05 11:26:05.995-05,2026-08-05 11:50:11.647-05,M,48,Make Ready Sleeves,,legacy
209,2026-08-05 11:50:11.647-05,2026-08-05 13:34:35.635-05,M,47,Make Ready - Time Required to Setup Job,,legacy
209,2026-08-05 13:34:35.635-05,2026-08-05 13:48:39.275-05,B,145-98,Quality Hold,,legacy
209,2026-08-05 13:48:39.275-05,2026-08-05 14:10:44.711-05,M,47,Make Ready - Time Required to Setup Job,,legacy
209,2026-08-05 14:10:44.711-05,2026-08-05 14:42:51.978-05,M,47-8,Make Ready Color Match,,legacy
209,2026-08-05 14:42:51.978-05,2026-08-05 14:43:52.299-05,M,47,Make Ready - Time Required to Setup Job,,legacy
209,2026-08-05 14:43:52.299-05,2026-08-05 16:08:12.507-05,G,150,Run Production,,legacy
209,2026-08-05 16:08:12.507-05,2026-08-05 16:15:14.196-05,B,99,Plates: Wash,,legacy
209,2026-08-05 16:15:14.196-05,2026-08-05 17:17:30.268-05,G,150,Run Production,,legacy
209,2026-08-05 17:17:30.268-05,2026-08-05 17:24:32.314-05,M,48,Make Ready Sleeves,,legacy
209,2026-08-05 17:24:32.314-05,2026-08-05 17:47:37.868-05,B,354,Housekeeping,,legacy
209,2026-08-05 17:47:37.868-05,2026-08-05 18:06:42.19-05,M,47-9,Make Ready Wait for ink,,legacy
209,2026-08-05 18:06:42.19-05,2026-08-05 20:41:23.479-05,M,47,Make Ready - Time Required to Setup Job,,legacy
209,2026-08-05 20:41:23.479-05,2026-08-05 21:22:33.197-05,M,80,Anilox: Change,,legacy
209,2026-08-05 21:22:33.197-05,2026-08-05 21:36:36.791-05,M,47,Make Ready - Time Required to Setup Job,,legacy
209,2026-08-05 21:36:36.791-05,2026-08-05 21:51:40.326-05,G,150,Run Production,,legacy
209,2026-08-05 21:51:40.326-05,2026-08-05 22:12:45.052-05,B,350,Roll Change,,legacy
209,2026-08-05 22:12:45.052-05,2026-08-05 22:26:48.43-05,G,150,Run Production,,legacy
209,2026-08-05 22:26:48.43-05,2026-08-05 22:38:51.352-05,B,99,Plates: Wash,,legacy
209,2026-08-05 22:38:51.352-05,2026-08-05 23:26:02.447-05,G,150,Run Production,,legacy
209,2026-08-05 23:26:02.447-05,2026-08-05 23:30:03.358-05,B,450,Non Productive,,legacy
209,2026-08-05 23:30:03.358-05,2026-08-06 00:46:20.949-05,M,48,Make Ready Sleeves,,legacy
209,2026-08-06 00:46:20.949-05,2026-08-06 03:00:52.17-05,M,47,Make Ready - Time Required to Setup Job,,legacy
209,2026-08-06 03:00:52.17-05,2026-08-06 03:27:58.698-05,M,80,Anilox: Change,,legacy
209,2026-08-06 03:27:58.698-05,2026-08-06 04:11:08.231-05,G,150,Run Production,,legacy
209,2026-08-06 04:11:08.231-05,2026-08-06 04:22:11.047-05,B,350,Roll Change,,legacy
209,2026-08-06 04:22:11.047-05,2026-08-06 04:41:15.553-05,G,150,Run Production,,legacy
209,2026-08-06 04:41:15.553-05,2026-08-06 06:11:36.838-05,M,48,Make Ready Sleeves,,legacy
209,2026-08-06 06:11:36.838-05,2026-08-06 07:47:59.556-05,M,47,Make Ready - Time Required to Setup Job,,legacy
209,2026-08-06 07:47:59.556-05,2026-08-06 08:05:03.176-05,M,47-24,MR Sticky Back Change,,legacy
209,2026-08-06 08:05:03.176-05,2026-08-06 08:16:05.949-05,M,47,Make Ready - Time Required to Setup Job,,legacy
209,2026-08-06 08:16:05.949-05,2026-08-06 09:32:24.898-05,G,150,Run Production,,legacy
209,2026-08-06 09:32:24.898-05,2026-08-06 09:35:25.583-05,B,41-2,Maintenance - Electrical,,legacy
209,2026-08-06 09:35:25.583-05,2026-08-06 10:36:40.732-05,G,150,Run Production,,legacy
209,2026-08-06 10:36:40.732-05,2026-08-06 10:37:41-05,B,145-2,Poor Print,,legacy
209,2026-08-06 10:37:41-05,2026-08-06 10:41:42.078-05,G,150,Run Production,,legacy
209,2026-08-06 10:41:42.078-05,2026-08-06 10:56:45.577-05,M,48,Make Ready Sleeves,,legacy
209,2026-08-06 10:56:45.577-05,2026-08-06 11:47:58.089-05,B,82,Dr. Blade Change,,legacy
209,2026-08-06 11:47:58.089-05,2026-08-06 12:48:11.393-05,M,47,Make Ready - Time Required to Setup Job,,legacy
209,2026-08-06 12:48:11.393-05,2026-08-06 13:03:14.811-05,M,47-3,Make Ready Ghosting,,legacy
209,2026-08-06 13:03:14.811-05,2026-08-06 13:16:18.171-05,M,47,Make Ready - Time Required to Setup Job,,legacy
209,2026-08-06 13:16:18.171-05,2026-08-06 13:22:19.447-05,G,150,Run Production,,legacy
209,2026-08-06 13:22:19.447-05,2026-08-06 13:36:22.785-05,M,47,Make Ready - Time Required to Setup Job,,legacy
209,2026-08-06 13:36:22.785-05,2026-08-06 14:01:29.223-05,G,150,Run Production,,legacy
209,2026-08-06 14:01:29.223-05,2026-08-06 14:10:31.487-05,B,95,Press Problem / Impression,,legacy
209,2026-08-06 14:10:31.487-05,2026-08-06 15:00:42.769-05,G,150,Run Production,,legacy
209,2026-08-06 15:00:42.769-05,2026-08-06 15:14:46.194-05,B,41-1,Maintenance - Mechanical,,legacy
209,2026-08-06 15:14:46.194-05,2026-08-06 16:10:50.206-05,G,150,Run Production,,legacy
209,2026-08-06 16:10:50.206-05,2026-08-06 16:11:50.416-05,B,95,Press Problem / Impression,,legacy
209,2026-08-06 16:11:50.416-05,2026-08-06 16:53:38.528-05,B,83,Drum: Clean,,legacy
209,2026-08-06 16:53:38.528-05,2026-08-06 23:10:55.354-05,G,150,Run Production,,legacy
209,2026-08-06 23:10:55.354-05,2026-08-06 23:46:06.679-05,B,350,Roll Change,,legacy
209,2026-08-06 23:46:06.679-05,2026-08-06 23:56:38.555-05,G,150,Run Production,,legacy
209,2026-08-06 23:56:38.555-05,2026-08-07 00:20:24.233-05,B,350,Roll Change,,legacy
209,2026-08-07 00:20:24.233-05,2026-08-07 02:18:22.262-05,G,150,Run Production,,legacy
209,2026-08-07 02:18:22.262-05,2026-08-07 02:19:22.632-05,B,450,Non Productive,,legacy
209,2026-08-07 02:19:22.632-05,2026-08-07 02:20:22.848-05,M,47,Make Ready - Time Required to Setup Job,,legacy
209,2026-08-07 02:20:22.848-05,2026-08-07 02:24:24.063-05,B,350,Roll Change,,legacy
209,2026-08-07 02:24:24.063-05,2026-08-07 02:35:27.014-05,G,150,Run Production,,legacy
209,2026-08-07 02:35:27.014-05,2026-08-07 02:36:27.168-05,M,47,Make Ready - Time Required to Setup Job,,legacy
209,2026-08-07 02:36:27.168-05,2026-08-07 03:46:05.755-05,G,150,Run Production,,legacy
209,2026-08-07 03:46:05.755-05,2026-08-07 04:14:15.692-05,B,354,Housekeeping,,legacy
209,2026-08-07 04:14:15.692-05,2026-08-07 05:04:49.92-05,G,150,Run Production,,legacy
209,2026-08-07 05:04:49.92-05,2026-08-07 05:14:54.929-05,B,99,Plates: Wash,,legacy
209,2026-08-07 05:14:54.929-05,2026-08-07 05:49:21.27-05,G,150,Run Production,,legacy
209,2026-08-07 05:49:21.27-05,2026-08-07 05:57:41.855-05,B,350,Roll Change,,legacy
209,2026-08-07 05:57:41.855-05,2026-08-07 11:59:48.456-05,G,150,Run Production,,legacy
209,2026-08-07 11:59:48.456-05,2026-08-07 12:21:00.866-05,B,86,Ink: Contamination,,legacy
209,2026-08-07 12:21:00.866-05,2026-08-07 12:40:43.224-05,M,47,Make Ready - Time Required to Setup Job,,legacy
209,2026-08-07 12:40:43.224-05,2026-08-07 17:29:29.489-05,M,47-8,Make Ready Color Match,,legacy
209,2026-08-07 17:29:29.489-05,2026-08-07 18:09:40.219-05,B,41-1,Maintenance - Mechanical,,legacy
209,2026-08-07 18:09:40.219-05,2026-08-07 18:20:43.148-05,B,350,Roll Change,,legacy
209,2026-08-07 18:20:43.148-05,2026-08-07 18:42:54.66-05,G,150,Run Production,,legacy
209,2026-08-07 18:42:54.66-05,2026-08-07 18:44:55.63-05,B,450,Non Productive,,legacy
209,2026-08-07 18:44:55.63-05,2026-08-07 20:33:42.075-05,M,48,Make Ready Sleeves,,legacy
209,2026-08-07 20:33:42.075-05,2026-08-07 21:09:00.999-05,M,47-99,Make Ready Other,,legacy
209,2026-08-07 21:09:00.999-05,2026-08-07 22:18:20.88-05,M,47,Make Ready - Time Required to Setup Job,,legacy
209,2026-08-07 22:18:20.88-05,2026-08-07 22:44:28.755-05,M,47-15,MR Anilox Change (High Volume),,legacy
209,2026-08-07 22:44:28.755-05,2026-08-07 23:45:45.319-05,M,47,Make Ready - Time Required to Setup Job,,legacy
209,2026-08-07 23:45:45.319-05,2026-08-08 00:51:02.926-05,G,150,Run Production,,legacy
209,2026-08-08 00:51:02.926-05,2026-08-08 00:56:04.25-05,B,450,Non Productive,,legacy
209,2026-08-08 00:56:04.25-05,2026-08-08 01:43:17.441-05,M,48,Make Ready Sleeves,,legacy
209,2026-08-08 01:43:17.441-05,2026-08-08 01:48:18.859-05,M,47-99,Make Ready Other,,legacy
209,2026-08-08 01:48:18.859-05,2026-08-08 02:06:25.153-05,B,29,Electrical: Press Other,,legacy
209,2026-08-08 02:06:25.153-05,2026-08-08 02:07:25.373-05,M,47,Make Ready - Time Required to Setup Job,,legacy
209,2026-08-08 02:07:25.373-05,2026-08-08 02:30:32.827-05,M,47-99,Make Ready Other,,legacy
209,2026-08-08 02:30:32.827-05,2026-08-08 03:09:45.159-05,M,47,Make Ready - Time Required to Setup Job,,legacy
209,2026-08-08 03:09:45.159-05,2026-08-08 03:29:49.991-05,G,150,Run Production,,legacy
209,2026-08-08 03:29:49.991-05,2026-08-08 03:48:55.627-05,B,354,Housekeeping,,legacy
209,2026-08-08 03:48:55.627-05,2026-08-08 04:22:04.743-05,G,150,Run Production,,legacy
209,2026-08-08 04:22:04.743-05,2026-08-08 04:23:04.957-05,B,450,Non Productive,,legacy
209,2026-08-08 04:23:04.957-05,2026-08-08 04:32:07.177-05,M,48,Make Ready Sleeves,,legacy
209,2026-08-08 04:32:07.177-05,2026-08-08 05:35:23.979-05,M,47-99,Make Ready Other,,legacy
209,2026-08-08 05:35:23.979-05,2026-08-08 06:29:38.592-05,B,29,Electrical: Press Other,,legacy
209,2026-08-08 06:29:38.592-05,2026-08-08 07:38:58.307-05,M,47,Make Ready - Time Required to Setup Job,,legacy
209,2026-08-08 07:38:58.307-05,2026-08-08 07:54:02.144-05,M,80,Anilox: Change,,legacy
209,2026-08-08 07:54:02.144-05,2026-08-08 08:25:09.905-05,M,47-17,Make Ready Dirty Anilox,,legacy
209,2026-08-08 08:25:09.905-05,2026-08-08 09:10:23.969-05,M,47,Make Ready - Time Required to Setup Job,,legacy
209,2026-08-08 09:10:23.969-05,2026-08-08 09:36:31.088-05,M,47-20,Make Ready Out of Register,,legacy
209,2026-08-08 09:36:31.088-05,2026-08-08 10:16:41.828-05,M,47,Make Ready - Time Required to Setup Job,,legacy
209,2026-08-08 10:16:41.828-05,2026-08-08 10:48:49.571-05,G,150,Run Production,,legacy
209,2026-08-08 10:48:49.571-05,2026-08-08 11:23:57.909-05,M,47-20,Make Ready Out of Register,,legacy
209,2026-08-08 11:23:57.909-05,2026-08-08 11:40:01.559-05,B,95,Press Problem / Impression,,legacy
209,2026-08-08 11:40:01.559-05,2026-08-08 11:54:05.153-05,G,150,Run Production,,legacy
209,2026-08-08 11:54:05.153-05,2026-08-08 13:47:36.805-05,B,450,Non Productive,,legacy
209,2026-08-08 13:47:36.805-05,2026-08-08 13:48:37.108-05,M,47,Make Ready - Time Required to Setup Job,,legacy
209,2026-08-08 13:48:37.108-05,2026-08-08 14:55:56.098-05,G,150,Run Production,,legacy
209,2026-08-08 14:55:56.098-05,2026-08-08 14:56:56.302-05,B,450,Non Productive,,legacy
209,2026-08-08 14:56:56.302-05,2026-08-08 15:13:00.497-05,M,48,Make Ready Sleeves,,legacy
209,2026-08-08 15:13:00.497-05,2026-08-08 15:40:08.558-05,B,41-1,Maintenance - Mechanical,,legacy
209,2026-08-08 15:40:08.558-05,2026-08-08 15:49:11.499-05,M,48,Make Ready Sleeves,,legacy
209,2026-08-08 15:49:11.499-05,2026-08-08 16:40:24.226-05,M,47,Make Ready - Time Required to Setup Job,,legacy
209,2026-08-08 16:40:24.226-05,2026-08-08 16:54:27.425-05,M,80,Anilox: Change,,legacy
209,2026-08-08 16:54:27.425-05,2026-08-08 17:01:29.042-05,M,47,Make Ready - Time Required to Setup Job,,legacy
209,2026-08-08 17:01:29.042-05,2026-08-08 17:24:35.127-05,B,354,Housekeeping,,legacy
209,2026-08-08 17:24:35.127-05,2026-08-08 17:39:39.857-05,M,47,Make Ready - Time Required to Setup Job,,legacy
209,2026-08-08 17:39:39.857-05,2026-08-08 18:29:53.348-05,G,150,Run Production,,legacy
209,2026-08-08 18:29:53.348-05,2026-08-08 19:10:02.969-05,B,350,Roll Change,,legacy
209,2026-08-08 19:10:02.969-05,2026-08-08 19:25:06.484-05,M,80,Anilox: Change,,legacy
209,2026-08-08 19:25:06.484-05,2026-08-08 19:47:11.395-05,B,29,Electrical: Press Other,,legacy
209,2026-08-08 19:47:11.395-05,2026-08-08 19:48:11.6-05,B,139,Rewind Material,,legacy
209,2026-08-08 19:48:11.6-05,2026-08-08 20:01:14.655-05,M,80,Anilox: Change,,legacy
209,2026-08-08 20:01:14.655-05,2026-08-08 21:24:35.101-05,B,29,Electrical: Press Other,,legacy
209,2026-08-08 21:24:35.101-05,2026-08-08 21:34:37.476-05,M,80,Anilox: Change,,legacy
209,2026-08-08 21:34:37.476-05,2026-08-08 21:47:40.544-05,G,150,Run Production,,legacy
209,2026-08-08 21:47:40.544-05,2026-08-08 21:51:41.504-05,B,95,Press Problem / Impression,,legacy
209,2026-08-08 21:51:41.504-05,2026-08-08 21:54:42.138-05,G,150,Run Production,,legacy
209,2026-08-08 21:54:42.138-05,2026-08-08 22:00:43.607-05,B,99,Plates: Wash,,legacy
209,2026-08-08 22:00:43.607-05,2026-08-08 22:44:54.744-05,G,150,Run Production,,legacy
209,2026-08-08 22:44:54.744-05,2026-08-08 22:49:57.004-05,B,99,Plates: Wash,,legacy
209,2026-08-08 22:49:57.004-05,2026-08-08 23:36:10.019-05,G,150,Run Production,,legacy
209,2026-08-08 23:36:10.019-05,2026-08-08 23:52:13.825-05,B,350,Roll Change,,legacy
209,2026-08-08 23:52:13.825-05,2026-08-09 00:17:19.87-05,G,150,Run Production,,legacy
209,2026-08-09 00:17:19.87-05,2026-08-09 00:34:23.828-05,B,99,Plates: Wash,,legacy
209,2026-08-09 00:34:23.828-05,2026-08-09 01:30:37.713-05,G,150,Run Production,,legacy
209,2026-08-09 01:30:37.713-05,2026-08-09 01:39:40.072-05,B,350,Roll Change,,legacy
209,2026-08-09 01:39:40.072-05,2026-08-09 01:54:43.482-05,B,82,Dr. Blade Change,,legacy
209,2026-08-09 01:54:43.482-05,2026-08-09 02:49:56.288-05,G,150,Run Production,,legacy
209,2026-08-09 02:49:56.288-05,2026-08-09 02:59:58.624-05,B,145-4,Plate Wash,,legacy
209,2026-08-09 02:59:58.624-05,2026-08-09 03:13:01.539-05,B,82,Dr. Blade Change,,legacy
209,2026-08-09 03:13:01.539-05,2026-08-09 03:42:09.264-05,G,150,Run Production,,legacy
209,2026-08-09 03:42:09.264-05,2026-08-09 03:49:11.012-05,B,350,Roll Change,,legacy
209,2026-08-09 03:49:11.012-05,2026-08-09 04:36:23.141-05,G,150,Run Production,,legacy
209,2026-08-09 04:36:23.141-05,2026-08-09 05:32:37.811-05,M,48,Make Ready Sleeves,,legacy
209,2026-08-09 05:32:37.811-05,2026-08-09 06:05:46.273-05,B,354,Housekeeping,,legacy
209,2026-08-09 06:05:46.273-05,2026-08-09 06:27:52.272-05,M,48,Make Ready Sleeves,,legacy
209,2026-08-09 06:27:52.272-05,2026-08-09 08:31:23.972-05,M,47,Make Ready - Time Required to Setup Job,,legacy
209,2026-08-09 08:31:23.972-05,2026-08-09 09:53:44.989-05,G,150,Run Production,,legacy
209,2026-08-09 09:53:44.989-05,2026-08-09 09:54:45.185-05,M,48,Make Ready Sleeves,,legacy
209,2026-08-09 09:54:45.185-05,2026-08-09 10:03:47.26-05,B,450,Non Productive,,legacy
209,2026-08-09 10:03:47.26-05,2026-08-09 10:35:54.378-05,M,48,Make Ready Sleeves,,legacy
209,2026-08-09 10:35:54.378-05,2026-08-09 10:43:56.347-05,B,41-1,Maintenance - Mechanical,,legacy
209,2026-08-09 10:43:56.347-05,2026-08-09 10:53:58.645-05,B,29,Electrical: Press Other,,legacy
209,2026-08-09 10:53:58.645-05,2026-08-09 11:23:07.498-05,M,48,Make Ready Sleeves,,legacy
209,2026-08-09 11:23:07.498-05,2026-08-09 12:19:23.686-05,M,47,Make Ready - Time Required to Setup Job,,legacy
209,2026-08-09 12:19:23.686-05,2026-08-09 13:06:39.185-05,G,150,Run Production,,legacy
209,2026-08-09 13:06:39.185-05,2026-08-09 13:07:39.411-05,B,450,Non Productive,,legacy
209,2026-08-09 13:07:39.411-05,2026-08-09 13:45:49.037-05,M,48,Make Ready Sleeves,,legacy
209,2026-08-09 13:45:49.037-05,2026-08-09 14:45:03.749-05,M,47,Make Ready - Time Required to Setup Job,,legacy
209,2026-08-09 14:45:03.749-05,2026-08-09 15:17:11.186-05,G,150,Run Production,,legacy
209,2026-08-09 15:17:11.186-05,2026-08-09 15:18:11.411-05,B,145-2,Poor Print,,legacy
209,2026-08-09 15:18:11.411-05,2026-08-09 15:25:13.327-05,G,150,Run Production,,legacy
209,2026-08-09 15:25:13.327-05,2026-08-09 15:51:19.739-05,M,48,Make Ready Sleeves,,legacy
209,2026-08-09 15:51:19.739-05,2026-08-09 15:55:20.675-05,M,47,Make Ready - Time Required to Setup Job,,legacy
209,2026-08-09 15:55:20.675-05,2026-08-09 15:57:21.084-05,B,41-1,Maintenance - Mechanical,,legacy
209,2026-08-09 15:57:21.084-05,2026-08-09 16:06:23.164-05,B,29,Electrical: Press Other,,legacy
209,2026-08-09 16:06:23.164-05,2026-08-09 16:37:30.962-05,M,47,Make Ready - Time Required to Setup Job,,legacy
209,2026-08-09 16:37:30.962-05,2026-08-09 17:01:36.936-05,B,354,Housekeeping,,legacy
209,2026-08-09 17:01:36.936-05,2026-08-09 17:46:49.951-05,M,47,Make Ready - Time Required to Setup Job,,legacy
209,2026-08-09 17:46:49.951-05,2026-08-09 19:02:08.986-05,M,47-19,Make Ready Sleeve Low Spot,,legacy
209,2026-08-09 19:02:08.986-05,2026-08-09 19:22:13.777-05,M,47,Make Ready - Time Required to Setup Job,,legacy
209,2026-08-09 19:22:13.777-05,2026-08-09 19:45:19.536-05,B,29,Electrical: Press Other,,legacy
209,2026-08-09 19:45:19.536-05,2026-08-09 20:21:28.602-05,M,47,Make Ready - Time Required to Setup Job,,legacy
209,2026-08-09 20:21:28.602-05,2026-08-09 20:56:37.294-05,M,85,Make Ready - Color Match,,legacy
209,2026-08-09 20:56:37.294-05,2026-08-09 21:25:44.186-05,M,47,Make Ready - Time Required to Setup Job,,legacy
209,2026-08-09 21:25:44.186-05,2026-08-09 21:52:51.544-05,G,150,Run Production,,legacy
209,2026-08-09 21:52:51.544-05,2026-08-09 21:59:53.312-05,B,99,Plates: Wash,,legacy
209,2026-08-09 21:59:53.312-05,2026-08-09 22:36:02.429-05,G,150,Run Production,,legacy
209,2026-08-09 22:36:02.429-05,2026-08-10 01:01:36.932-05,M,48,Make Ready Sleeves,,legacy
209,2026-08-10 01:01:36.932-05,2026-08-10 01:39:45.877-05,M,47,Make Ready - Time Required to Setup Job,,legacy
209,2026-08-10 01:39:45.877-05,2026-08-10 02:18:55.894-05,M,80,Anilox: Change,,legacy
209,2026-08-10 02:18:55.894-05,2026-08-10 02:27:58.354-05,M,47,Make Ready - Time Required to Setup Job,,legacy
209,2026-08-10 02:27:58.354-05,2026-08-10 02:39:00.768-05,M,80,Anilox: Change,,legacy
209,2026-08-10 02:39:00.768-05,2026-08-10 02:47:02.773-05,M,47,Make Ready - Time Required to Setup Job,,legacy
209,2026-08-10 02:47:02.773-05,2026-08-10 03:02:06.484-05,B,95,Press Problem / Impression,,legacy
209,2026-08-10 03:02:06.484-05,2026-08-10 03:40:17.174-05,M,47,Make Ready - Time Required to Setup Job,,legacy
209,2026-08-10 03:40:17.174-05,2026-08-10 04:19:26.532-05,B,82,Dr. Blade Change,,legacy
209,2026-08-10 04:19:26.532-05,2026-08-10 04:30:29.01-05,M,47,Make Ready - Time Required to Setup Job,,legacy
209,2026-08-10 04:30:29.01-05,2026-08-10 04:58:36.378-05,B,83,Drum: Clean,,legacy
209,2026-08-10 04:58:36.378-05,2026-08-10 05:03:37.426-05,G,150,Run Production,,legacy
209,2026-08-10 05:03:37.426-05,2026-08-10 05:14:40.458-05,B,83,Drum: Clean,,legacy
209,2026-08-10 05:14:40.458-05,2026-08-10 05:33:46.078-05,G,150,Run Production,,legacy
209,2026-08-10 05:33:46.078-05,2026-08-10 05:40:48.098-05,B,350,Roll Change,,legacy
209,2026-08-10 05:40:48.098-05,2026-08-10 05:50:51.122-05,G,150,Run Production,,legacy
209,2026-08-10 05:50:51.122-05,2026-08-10 06:04:54.377-05,B,145-99,Other,,legacy
209,2026-08-10 06:04:54.377-05,2026-08-10 07:32:16.231-05,G,150,Run Production,,legacy
209,2026-08-10 07:32:16.231-05,2026-08-10 07:37:17.418-05,B,99,Plates: Wash,,legacy
209,2026-08-10 07:37:17.418-05,2026-08-10 08:41:33.815-05,G,150,Run Production,,legacy
209,2026-08-10 08:41:33.815-05,2026-08-10 08:48:35.458-05,B,95,Press Problem / Impression,,legacy
209,2026-08-10 08:48:35.458-05,,G,150,Run Production,,legacy
210,2026-07-16 16:19:39.879-05,2026-07-16 16:41:44.035-05,G,150,Run Production,,legacy
210,2026-07-16 16:41:44.035-05,2026-07-16 17:06:48.268-05,B,354,Housekeeping,,legacy
210,2026-07-16 17:06:48.268-05,2026-07-16 17:32:52.881-05,G,150,Run Production,,legacy
210,2026-07-16 17:32:52.881-05,2026-07-16 17:59:56.684-05,B,350,Roll Change,,legacy
210,2026-07-16 17:59:56.684-05,2026-07-16 18:51:07.367-05,G,150,Run Production,,legacy
210,2026-07-16 18:51:07.367-05,2026-07-16 19:09:11.687-05,B,99,Plates: Wash,,legacy
210,2026-07-16 19:09:11.687-05,2026-07-16 21:53:39.405-05,G,150,Run Production,,legacy
210,2026-07-16 21:53:39.405-05,2026-07-16 22:10:41.753-05,B,95,Press Problem / Impression,,legacy
210,2026-07-16 22:10:41.753-05,2026-07-16 22:26:43.666-05,G,150,Run Production,,legacy
210,2026-07-16 22:26:43.666-05,2026-07-16 22:37:45.046-05,M,80,Anilox: Change,,legacy
210,2026-07-16 22:37:45.046-05,2026-07-17 04:47:44.716-05,G,150,Run Production,,legacy
210,2026-07-17 04:47:44.716-05,2026-07-17 05:03:46.701-05,B,354,Housekeeping,,legacy
210,2026-07-17 05:03:46.701-05,2026-07-17 05:58:54.01-05,G,150,Run Production,,legacy
210,2026-07-17 05:58:54.01-05,2026-07-17 06:09:55.804-05,B,350,Roll Change,,legacy
210,2026-07-17 06:09:55.804-05,2026-07-17 07:41:16.047-05,G,150,Run Production,,legacy
210,2026-07-17 07:41:16.047-05,2026-07-17 07:52:18.251-05,B,99,Plates: Wash,,legacy
210,2026-07-17 07:52:18.251-05,2026-07-17 09:28:34.705-05,G,150,Run Production,,legacy
210,2026-07-17 09:28:34.705-05,2026-07-17 09:44:36.872-05,B,350,Roll Change,,legacy
210,2026-07-17 09:44:36.872-05,2026-07-17 09:58:38.698-05,G,150,Run Production,,legacy
210,2026-07-17 09:58:38.698-05,2026-07-17 10:09:40.034-05,B,350,Roll Change,,legacy
210,2026-07-17 10:09:40.034-05,2026-07-17 10:11:40.229-05,G,150,Run Production,,legacy
210,2026-07-17 10:11:40.229-05,2026-07-17 10:25:42.175-05,B,139,Rewind Material,,legacy
210,2026-07-17 10:25:42.175-05,2026-07-17 10:27:42.434-05,B,450,Non Productive,,legacy
210,2026-07-17 10:27:42.434-05,2026-07-17 11:28:49.869-05,M,48,Make Ready Sleeves,,legacy
210,2026-07-17 11:28:49.869-05,2026-07-17 12:14:55.94-05,M,47,Make Ready - Time Required to Setup Job,,legacy
210,2026-07-17 12:14:55.94-05,2026-07-17 12:46:03.154-05,B,64,Mech - Press Other,,legacy
210,2026-07-17 12:46:03.154-05,2026-07-17 14:00:19.06-05,M,47,Make Ready - Time Required to Setup Job,,legacy
210,2026-07-17 14:00:19.06-05,2026-07-17 14:03:19.699-05,G,150,Run Production,,legacy
210,2026-07-17 14:03:19.699-05,2026-07-17 14:09:21.12-05,B,125,Substrate - Other,,legacy
210,2026-07-17 14:09:21.12-05,2026-07-17 14:15:22.384-05,G,150,Run Production,,legacy
210,2026-07-17 14:15:22.384-05,2026-07-17 15:18:32.304-05,M,47-3,Make Ready Ghosting,,legacy
210,2026-07-17 15:18:32.304-05,2026-07-17 16:46:44.239-05,G,150,Run Production,,legacy
210,2026-07-17 16:46:44.239-05,2026-07-17 16:51:44.871-05,B,350,Roll Change,,legacy
210,2026-07-17 16:51:44.871-05,2026-07-17 17:13:47.897-05,G,150,Run Production,,legacy
210,2026-07-17 17:13:47.897-05,2026-07-17 17:14:48.026-05,B,450,Non Productive,,legacy
210,2026-07-17 17:14:48.026-05,2026-07-17 18:07:55.043-05,M,48,Make Ready Sleeves,,legacy
210,2026-07-17 18:07:55.043-05,2026-07-17 19:04:06.218-05,M,47,Make Ready - Time Required to Setup Job,,legacy
210,2026-07-17 19:04:06.218-05,2026-07-17 19:20:09.444-05,M,48,Make Ready Sleeves,,legacy
210,2026-07-17 19:20:09.444-05,2026-07-17 23:33:49.068-05,M,47,Make Ready - Time Required to Setup Job,,legacy
210,2026-07-17 23:33:49.068-05,2026-07-18 00:59:02.661-05,G,150,Run Production,,legacy
210,2026-07-18 00:59:02.661-05,2026-07-18 01:40:11.938-05,M,48,Make Ready Sleeves,,legacy
210,2026-07-18 01:40:11.938-05,2026-07-18 03:23:32.665-05,M,47,Make Ready - Time Required to Setup Job,,legacy
210,2026-07-18 03:23:32.665-05,2026-07-18 04:48:44.864-05,G,150,Run Production,,legacy
210,2026-07-18 04:48:44.864-05,2026-07-18 05:04:46.869-05,B,354,Housekeeping,,legacy
210,2026-07-18 05:04:46.869-05,2026-07-18 07:25:10.986-05,G,150,Run Production,,legacy
210,2026-07-18 07:25:10.986-05,2026-07-18 15:11:30.655-05,B,450,Non Productive,,legacy
210,2026-07-18 15:11:30.655-05,2026-07-18 15:12:30.807-05,M,47,Make Ready - Time Required to Setup Job,,legacy
210,2026-07-18 15:12:30.807-05,2026-07-18 15:18:31.573-05,G,150,Run Production,,legacy
210,2026-07-18 15:18:31.573-05,2026-07-20 07:41:50.541-05,B,450,Non Productive,,legacy
210,2026-07-20 07:41:50.541-05,2026-07-20 07:43:50.798-05,M,47,Make Ready - Time Required to Setup Job,,legacy
210,2026-07-20 07:43:50.798-05,2026-07-20 08:06:53.647-05,B,125,Substrate - Other,,legacy
210,2026-07-20 08:06:53.647-05,2026-07-20 09:07:03.646-05,H,,,,legacy
210,2026-07-20 09:07:03.646-05,2026-07-20 09:33:09.485-05,G,150,Run Production,,legacy
210,2026-07-20 09:33:09.485-05,2026-07-20 09:45:12.081-05,M,48,Make Ready Sleeves,,legacy
210,2026-07-20 09:45:12.081-05,2026-07-20 09:54:14.024-05,M,47,Make Ready - Time Required to Setup Job,,legacy
210,2026-07-20 09:54:14.024-05,2026-07-20 11:02:28.099-05,G,150,Run Production,,legacy
210,2026-07-20 11:02:28.099-05,2026-07-20 11:19:30.476-05,B,83,Drum: Clean,,legacy
210,2026-07-20 11:19:30.476-05,2026-07-20 13:02:43.481-05,G,150,Run Production,,legacy
210,2026-07-20 13:02:43.481-05,2026-07-20 14:03:51.406-05,M,48,Make Ready Sleeves,,legacy
210,2026-07-20 14:03:51.406-05,2026-07-20 16:30:18.911-05,M,47,Make Ready - Time Required to Setup Job,,legacy
210,2026-07-20 16:30:18.911-05,2026-07-20 17:27:29.737-05,G,150,Run Production,,legacy
210,2026-07-20 17:27:29.737-05,2026-07-20 18:55:40.909-05,M,48,Make Ready Sleeves,,legacy
210,2026-07-20 18:55:40.909-05,2026-07-20 20:16:51.349-05,M,47,Make Ready - Time Required to Setup Job,,legacy
210,2026-07-20 20:16:51.349-05,2026-07-20 20:55:56.255-05,G,150,Run Production,,legacy
210,2026-07-20 20:55:56.255-05,2026-07-20 21:48:07.523-05,B,145-8,Dr. Blade Change,,legacy
210,2026-07-20 21:48:07.523-05,2026-07-20 21:54:08.853-05,B,125,Substrate - Other,,legacy
210,2026-07-20 21:54:08.853-05,2026-07-20 22:04:10.86-05,G,150,Run Production,,legacy
210,2026-07-20 22:04:10.86-05,2026-07-20 23:18:27.563-05,M,47-19,Make Ready Sleeve Low Spot,,legacy
210,2026-07-20 23:18:27.563-05,2026-07-21 00:16:35.121-05,G,150,Run Production,,legacy
210,2026-07-21 00:16:35.121-05,2026-07-21 00:23:35.987-05,B,450,Non Productive,,legacy
210,2026-07-21 00:23:35.987-05,2026-07-21 00:24:36.184-05,M,48,Make Ready Sleeves,,legacy
210,2026-07-21 00:24:36.184-05,2026-07-21 00:35:37.468-05,B,29,Electrical: Press Other,,legacy
210,2026-07-21 00:35:37.468-05,2026-07-21 00:58:40.223-05,M,48,Make Ready Sleeves,,legacy
210,2026-07-21 00:58:40.223-05,2026-07-21 01:18:42.9-05,M,47-99,Make Ready Other,,legacy
210,2026-07-21 01:18:42.9-05,2026-07-21 02:43:53.578-05,M,47,Make Ready - Time Required to Setup Job,,legacy
210,2026-07-21 02:43:53.578-05,2026-07-21 03:17:58.421-05,M,47-15,MR Anilox Change (High Volume),,legacy
210,2026-07-21 03:17:58.421-05,2026-07-21 03:47:04.524-05,M,47,Make Ready - Time Required to Setup Job,,legacy
210,2026-07-21 03:47:04.524-05,2026-07-21 04:17:11.133-05,B,29,Electrical: Press Other,,legacy
210,2026-07-21 04:17:11.133-05,2026-07-21 04:46:17.838-05,B,125,Substrate - Other,,legacy
210,2026-07-21 04:46:17.838-05,2026-07-21 05:20:25.292-05,G,150,Run Production,,legacy
210,2026-07-21 05:20:25.292-05,2026-07-21 05:48:29.953-05,B,354,Housekeeping,,legacy
210,2026-07-21 05:48:29.953-05,2026-07-21 05:49:30.095-05,G,150,Run Production,,legacy
210,2026-07-21 05:49:30.095-05,2026-07-21 06:03:31.928-05,B,125,Substrate - Other,,legacy
210,2026-07-21 06:03:31.928-05,2026-07-21 06:25:35.193-05,B,99,Plates: Wash,,legacy
210,2026-07-21 06:25:35.193-05,2026-07-21 08:05:49.154-05,G,150,Run Production,,legacy
210,2026-07-21 08:05:49.154-05,2026-07-21 10:11:27.135-05,M,48,Make Ready Sleeves,,legacy
210,2026-07-21 10:11:27.135-05,2026-07-21 12:05:43.2-05,M,47,Make Ready - Time Required to Setup Job,,legacy
210,2026-07-21 12:05:43.2-05,2026-07-21 12:23:45.825-05,B,82,Dr. Blade Change,,legacy
210,2026-07-21 12:23:45.825-05,2026-07-21 12:46:48.768-05,M,80,Anilox: Change,,legacy
210,2026-07-21 12:46:48.768-05,2026-07-21 13:39:56.504-05,M,47,Make Ready - Time Required to Setup Job,,legacy
210,2026-07-21 13:39:56.504-05,2026-07-21 14:41:09.46-05,G,150,Run Production,,legacy
210,2026-07-21 14:41:09.46-05,2026-07-21 15:28:19.24-05,B,145-98,Quality Hold,,legacy
210,2026-07-21 15:28:19.24-05,2026-07-21 16:28:30.786-05,M,48,Make Ready Sleeves,,legacy
210,2026-07-21 16:28:30.786-05,2026-07-21 17:11:36.761-05,B,354,Housekeeping,,legacy
210,2026-07-21 17:11:36.761-05,2026-07-21 18:13:44.629-05,M,47,Make Ready - Time Required to Setup Job,,legacy
210,2026-07-21 18:13:44.629-05,2026-07-21 19:03:51.932-05,M,85,Make Ready - Color Match,,legacy
210,2026-07-21 19:03:51.932-05,2026-07-21 19:21:54.069-05,M,47,Make Ready - Time Required to Setup Job,,legacy
210,2026-07-21 19:21:54.069-05,2026-07-21 21:47:21.988-05,G,150,Run Production,,legacy
210,2026-07-21 21:47:21.988-05,2026-07-21 21:57:24.355-05,B,64,Mech - Press Other,,legacy
210,2026-07-21 21:57:24.355-05,2026-07-21 22:28:30.724-05,G,150,Run Production,,legacy
210,2026-07-21 22:28:30.724-05,2026-07-21 22:42:32.733-05,B,99,Plates: Wash,,legacy
210,2026-07-21 22:42:32.733-05,2026-07-21 23:02:35.508-05,G,150,Run Production,,legacy
210,2026-07-21 23:02:35.508-05,2026-07-21 23:06:36.011-05,B,450,Non Productive,,legacy
210,2026-07-21 23:06:36.011-05,2026-07-21 23:19:37.725-05,M,48,Make Ready Sleeves,,legacy
210,2026-07-21 23:19:37.725-05,2026-07-22 01:22:54.51-05,M,47-99,Make Ready Other,,legacy
210,2026-07-22 01:22:54.51-05,2026-07-22 03:48:26.108-05,M,47,Make Ready - Time Required to Setup Job,,legacy
210,2026-07-22 03:48:26.108-05,2026-07-22 03:49:26.476-05,B,145-2,Poor Print,,legacy
210,2026-07-22 03:49:26.476-05,2026-07-22 04:13:30.42-05,G,150,Run Production,,legacy
210,2026-07-22 04:13:30.42-05,2026-07-22 04:48:35.271-05,B,354,Housekeeping,,legacy
210,2026-07-22 04:48:35.271-05,2026-07-22 05:09:38.758-05,G,150,Run Production,,legacy
210,2026-07-22 05:09:38.758-05,2026-07-22 09:26:29.88-05,B,95,Press Problem / Impression,,legacy
210,2026-07-22 09:26:29.88-05,2026-07-22 10:44:43.28-05,G,150,Run Production,,legacy
210,2026-07-22 10:44:43.28-05,2026-07-22 11:39:53.584-05,M,48,Make Ready Sleeves,,legacy
210,2026-07-22 11:39:53.584-05,2026-07-22 13:04:12.269-05,M,47,Make Ready - Time Required to Setup Job,,legacy
210,2026-07-22 13:04:12.269-05,2026-07-22 13:28:18.679-05,B,82,Dr. Blade Change,,legacy
210,2026-07-22 13:28:18.679-05,2026-07-22 13:29:18.91-05,B,102,Poor Print (Obsolete),,legacy
210,2026-07-22 13:29:18.91-05,2026-07-22 14:16:29.825-05,B,450,Non Productive,,legacy
210,2026-07-22 14:16:29.825-05,2026-07-22 14:52:35.52-05,M,47,Make Ready - Time Required to Setup Job,,legacy
210,2026-07-22 14:52:35.52-05,2026-07-22 15:05:37.441-05,M,85,Make Ready - Color Match,,legacy
210,2026-07-22 15:05:37.441-05,2026-07-22 15:22:39.871-05,M,47,Make Ready - Time Required to Setup Job,,legacy
210,2026-07-22 15:22:39.871-05,2026-07-22 16:33:50.826-05,G,150,Run Production,,legacy
210,2026-07-22 16:33:50.826-05,2026-07-22 16:34:51.006-05,B,450,Non Productive,,legacy
210,2026-07-22 16:34:51.006-05,2026-07-22 16:58:54.418-05,M,47,Make Ready - Time Required to Setup Job,,legacy
210,2026-07-22 16:58:54.418-05,2026-07-22 17:04:55.312-05,B,354,Housekeeping,,legacy
210,2026-07-22 17:04:55.312-05,2026-07-22 18:14:09.99-05,G,150,Run Production,,legacy
210,2026-07-22 18:14:09.99-05,2026-07-22 19:25:26.191-05,B,450,Non Productive,,legacy
210,2026-07-22 19:25:26.191-05,2026-07-22 19:26:26.416-05,M,47,Make Ready - Time Required to Setup Job,,legacy
210,2026-07-22 19:26:26.416-05,2026-07-22 20:06:33.64-05,M,48,Make Ready Sleeves,,legacy
210,2026-07-22 20:06:33.64-05,2026-07-22 20:28:37.513-05,M,80,Anilox: Change,,legacy
210,2026-07-22 20:28:37.513-05,2026-07-22 20:48:40.108-05,M,47,Make Ready - Time Required to Setup Job,,legacy
210,2026-07-22 20:48:40.108-05,2026-07-22 21:16:44.353-05,B,145-98,Quality Hold,,legacy
210,2026-07-22 21:16:44.353-05,2026-07-22 22:10:51.837-05,M,47,Make Ready - Time Required to Setup Job,,legacy
210,2026-07-22 22:10:51.837-05,2026-07-22 22:33:54.891-05,M,47-22,MR Plate Damage in Press,,legacy
210,2026-07-22 22:33:54.891-05,2026-07-22 23:07:01.026-05,M,47,Make Ready - Time Required to Setup Job,,legacy
210,2026-07-22 23:07:01.026-05,2026-07-22 23:40:08.465-05,M,85,Make Ready - Color Match,,legacy
210,2026-07-22 23:40:08.465-05,2026-07-23 00:06:14.331-05,B,99,Plates: Wash,,legacy
210,2026-07-23 00:06:14.331-05,2026-07-23 00:18:17.467-05,M,47-14,MR Anilox Change (Low volume),,legacy
210,2026-07-23 00:18:17.467-05,2026-07-23 00:39:22.205-05,M,47,Make Ready - Time Required to Setup Job,,legacy
210,2026-07-23 00:39:22.205-05,2026-07-23 01:48:34.164-05,G,150,Run Production,,legacy
210,2026-07-23 01:48:34.164-05,2026-07-23 01:59:35.749-05,B,450,Non Productive,,legacy
210,2026-07-23 01:59:35.749-05,2026-07-23 02:00:35.873-05,M,47,Make Ready - Time Required to Setup Job,,legacy
210,2026-07-23 02:00:35.873-05,2026-07-23 02:31:40.275-05,B,145-98,Quality Hold,,legacy
210,2026-07-23 02:31:40.275-05,2026-07-24 14:32:32.917-05,M,48,Make Ready Sleeves,,legacy
210,2026-07-24 14:32:32.917-05,2026-07-24 15:01:39.561-05,M,47,Make Ready - Time Required to Setup Job,,legacy
210,2026-07-24 15:01:39.561-05,2026-07-24 15:18:43.141-05,M,80,Anilox: Change,,legacy
210,2026-07-24 15:18:43.141-05,2026-07-24 15:28:45.583-05,M,47,Make Ready - Time Required to Setup Job,,legacy
210,2026-07-24 15:28:45.583-05,2026-07-24 15:29:45.797-05,M,80,Anilox: Change,,legacy
210,2026-07-24 15:29:45.797-05,2026-07-24 15:56:51.63-05,M,47,Make Ready - Time Required to Setup Job,,legacy
210,2026-07-24 15:56:51.63-05,2026-07-24 16:57:04.775-05,G,150,Run Production,,legacy
210,2026-07-24 16:57:04.775-05,2026-07-24 16:58:04.995-05,B,450,Non Productive,,legacy
210,2026-07-24 16:58:04.995-05,2026-07-24 17:48:15.868-05,M,48,Make Ready Sleeves,,legacy
210,2026-07-24 17:48:15.868-05,2026-07-24 18:03:19.068-05,B,354,Housekeeping,,legacy
210,2026-07-24 18:03:19.068-05,2026-07-24 18:44:28.868-05,M,48,Make Ready Sleeves,,legacy
210,2026-07-24 18:44:28.868-05,2026-07-24 19:17:36.562-05,M,47,Make Ready - Time Required to Setup Job,,legacy
210,2026-07-24 19:17:36.562-05,2026-07-24 19:27:38.793-05,B,99,Plates: Wash,,legacy
210,2026-07-24 19:27:38.793-05,2026-07-24 19:37:40.948-05,M,47,Make Ready - Time Required to Setup Job,,legacy
210,2026-07-24 19:37:40.948-05,2026-07-24 20:24:51.851-05,G,150,Run Production,,legacy
210,2026-07-24 20:24:51.851-05,2026-07-24 20:35:54.444-05,B,350,Roll Change,,legacy
210,2026-07-24 20:35:54.444-05,2026-07-24 21:09:01.988-05,B,145-98,Quality Hold,,legacy
210,2026-07-24 21:09:01.988-05,2026-07-24 21:13:03.051-05,M,80,Anilox: Change,,legacy
210,2026-07-24 21:13:03.051-05,2026-07-24 23:45:38.331-05,G,150,Run Production,,legacy
210,2026-07-24 23:45:38.331-05,2026-07-24 23:46:38.537-05,M,47,Make Ready - Time Required to Setup Job,,legacy
210,2026-07-24 23:46:38.537-05,2026-07-25 00:58:54.464-05,M,48,Make Ready Sleeves,,legacy
210,2026-07-25 00:58:54.464-05,2026-07-25 01:01:55.037-05,B,29,Electrical: Press Other,,legacy
210,2026-07-25 01:01:55.037-05,2026-07-25 01:35:02.109-05,M,47,Make Ready - Time Required to Setup Job,,legacy
210,2026-07-25 01:35:02.109-05,2026-07-25 01:54:06.493-05,M,47-99,Make Ready Other,,legacy
210,2026-07-25 01:54:06.493-05,2026-07-25 03:00:21.193-05,M,47-6,Make Ready Wrong Sequence,,legacy
210,2026-07-25 03:00:21.193-05,2026-07-25 03:24:26.506-05,G,150,Run Production,,legacy
210,2026-07-25 03:24:26.506-05,2026-07-25 03:27:27.212-05,B,95,Press Problem / Impression,,legacy
210,2026-07-25 03:27:27.212-05,2026-07-25 03:53:33.117-05,B,82,Dr. Blade Change,,legacy
210,2026-07-25 03:53:33.117-05,2026-07-25 04:20:39.033-05,B,145-98,Quality Hold,,legacy
210,2026-07-25 04:20:39.033-05,2026-07-25 04:39:43.216-05,G,150,Run Production,,legacy
210,2026-07-25 04:39:43.216-05,2026-07-25 05:21:52.662-05,B,354,Housekeeping,,legacy
210,2026-07-25 05:21:52.662-05,2026-07-25 06:36:10.1-05,G,150,Run Production,,legacy
210,2026-07-25 06:36:10.1-05,2026-07-25 08:14:33.564-05,M,48,Make Ready Sleeves,,legacy
210,2026-07-25 08:14:33.564-05,2026-07-25 08:46:40.899-05,M,47-24,MR Sticky Back Change,,legacy
210,2026-07-25 08:46:40.899-05,2026-07-25 09:41:53.118-05,M,47,Make Ready - Time Required to Setup Job,,legacy
210,2026-07-25 09:41:53.118-05,2026-07-25 11:01:10.607-05,M,47-24,MR Sticky Back Change,,legacy
210,2026-07-25 11:01:10.607-05,2026-07-25 12:00:23.815-05,G,150,Run Production,,legacy
210,2026-07-25 12:00:23.815-05,2026-07-25 13:13:40.004-05,M,48,Make Ready Sleeves,,legacy
210,2026-07-25 13:13:40.004-05,2026-07-25 15:16:07.533-05,M,47,Make Ready - Time Required to Setup Job,,legacy
210,2026-07-25 15:16:07.533-05,2026-07-25 18:00:48.111-05,G,150,Run Production,,legacy
210,2026-07-25 18:00:48.111-05,2026-07-25 18:01:48.62-05,B,125,Substrate - Other,,legacy
210,2026-07-25 18:01:48.62-05,2026-07-25 18:30:55.082-05,G,150,Run Production,,legacy
210,2026-07-25 18:30:55.082-05,2026-07-25 18:38:56.799-05,B,350,Roll Change,,legacy
210,2026-07-25 18:38:56.799-05,2026-07-25 19:07:03.497-05,G,150,Run Production,,legacy
210,2026-07-25 19:07:03.497-05,2026-07-25 19:21:06.54-05,B,350,Roll Change,,legacy
210,2026-07-25 19:21:06.54-05,2026-07-25 19:46:12.376-05,G,150,Run Production,,legacy
210,2026-07-25 19:46:12.376-05,2026-07-25 19:54:14.091-05,B,350,Roll Change,,legacy
210,2026-07-25 19:54:14.091-05,2026-07-25 20:19:19.391-05,G,150,Run Production,,legacy
210,2026-07-25 20:19:19.391-05,2026-07-25 20:30:21.913-05,B,350,Roll Change,,legacy
210,2026-07-25 20:30:21.913-05,2026-07-25 21:10:31.655-05,G,150,Run Production,,legacy
210,2026-07-25 21:10:31.655-05,2026-07-25 22:23:47.902-05,M,48,Make Ready Sleeves,,legacy
210,2026-07-25 22:23:47.902-05,2026-07-25 23:58:09.459-05,M,47,Make Ready - Time Required to Setup Job,,legacy
210,2026-07-25 23:58:09.459-05,2026-07-26 01:10:25.39-05,B,126,Substrate - Web Break,,legacy
210,2026-07-26 01:10:25.39-05,2026-07-26 02:10:38.926-05,G,150,Run Production,,legacy
210,2026-07-26 02:10:38.926-05,2026-07-26 02:31:43.487-05,B,350,Roll Change,,legacy
210,2026-07-26 02:31:43.487-05,2026-07-26 03:21:54.818-05,G,150,Run Production,,legacy
210,2026-07-26 03:21:54.818-05,2026-07-26 03:36:57.933-05,B,350,Roll Change,,legacy
210,2026-07-26 03:36:57.933-05,2026-07-26 04:22:08.436-05,G,150,Run Production,,legacy
210,2026-07-26 04:22:08.436-05,2026-07-26 04:54:15.755-05,B,354,Housekeeping,,legacy
210,2026-07-26 04:54:15.755-05,2026-07-26 05:39:26.271-05,G,150,Run Production,,legacy
210,2026-07-26 05:39:26.271-05,2026-07-26 05:55:29.778-05,B,350,Roll Change,,legacy
210,2026-07-26 05:55:29.778-05,2026-07-26 06:01:31.316-05,G,150,Run Production,,legacy
210,2026-07-26 06:01:31.316-05,2026-07-26 06:02:31.549-05,B,125,Substrate - Other,,legacy
210,2026-07-26 06:02:31.549-05,2026-07-26 07:58:57.664-05,G,150,Run Production,,legacy
210,2026-07-26 07:58:57.664-05,2026-07-26 08:04:59.027-05,B,99,Plates: Wash,,legacy
210,2026-07-26 08:04:59.027-05,2026-07-26 08:23:02.874-05,G,150,Run Production,,legacy
210,2026-07-26 08:23:02.874-05,2026-07-26 09:56:22.747-05,M,48,Make Ready Sleeves,,legacy
210,2026-07-26 09:56:22.747-05,2026-07-26 10:37:31.774-05,M,47,Make Ready - Time Required to Setup Job,,legacy
210,2026-07-26 10:37:31.774-05,2026-07-26 11:54:48.994-05,G,150,Run Production,,legacy
210,2026-07-26 11:54:48.994-05,2026-07-26 11:55:49.203-05,M,47,Make Ready - Time Required to Setup Job,,legacy
210,2026-07-26 11:55:49.203-05,2026-07-26 13:49:15.229-05,M,48,Make Ready Sleeves,,legacy
210,2026-07-26 13:49:15.229-05,2026-07-26 14:11:19.888-05,M,47,Make Ready - Time Required to Setup Job,,legacy
210,2026-07-26 14:11:19.888-05,2026-07-26 14:20:21.94-05,M,80,Anilox: Change,,legacy
210,2026-07-26 14:20:21.94-05,2026-07-26 14:43:27.231-05,M,47,Make Ready - Time Required to Setup Job,,legacy
210,2026-07-26 14:43:27.231-05,2026-07-26 15:23:35.645-05,G,150,Run Production,,legacy
210,2026-07-26 15:23:35.645-05,2026-07-26 15:34:38.952-05,B,99,Plates: Wash,,legacy
210,2026-07-26 15:34:38.952-05,2026-07-26 16:07:46.298-05,G,150,Run Production,,legacy
210,2026-07-26 16:07:46.298-05,2026-07-26 16:09:46.722-05,B,450,Non Productive,,legacy
210,2026-07-26 16:09:46.722-05,2026-07-26 16:59:58.217-05,M,48,Make Ready Sleeves,,legacy
210,2026-07-26 16:59:58.217-05,2026-07-26 17:33:05.48-05,B,354,Housekeeping,,legacy
210,2026-07-26 17:33:05.48-05,2026-07-26 17:57:10.732-05,M,47,Make Ready - Time Required to Setup Job,,legacy
210,2026-07-26 17:57:10.732-05,2026-07-26 18:02:11.876-05,M,48,Make Ready Sleeves,,legacy
210,2026-07-26 18:02:11.876-05,2026-07-26 19:27:31.924-05,M,47,Make Ready - Time Required to Setup Job,,legacy
210,2026-07-26 19:27:31.924-05,2026-07-26 19:46:36.132-05,B,450,Non Productive,,legacy
210,2026-07-26 19:46:36.132-05,2026-07-26 20:29:47.039-05,M,48,Make Ready Sleeves,,legacy
210,2026-07-26 20:29:47.039-05,2026-07-26 21:52:05.14-05,B,82,Dr. Blade Change,,legacy
210,2026-07-26 21:52:05.14-05,2026-07-26 23:20:24.847-05,M,47,Make Ready - Time Required to Setup Job,,legacy
210,2026-07-26 23:20:24.847-05,2026-07-26 23:55:33.254-05,B,95,Press Problem / Impression,,legacy
210,2026-07-26 23:55:33.254-05,2026-07-27 00:40:43.05-05,G,150,Run Production,,legacy
210,2026-07-27 00:40:43.05-05,2026-07-27 01:19:52.313-05,B,126,Substrate - Web Break,,legacy
210,2026-07-27 01:19:52.313-05,2026-07-27 01:20:52.521-05,B,139,Rewind Material,,legacy
210,2026-07-27 01:20:52.521-05,2026-07-27 02:02:01.604-05,G,150,Run Production,,legacy
210,2026-07-27 02:02:01.604-05,2026-07-27 02:18:05.255-05,B,350,Roll Change,,legacy
210,2026-07-27 02:18:05.255-05,2026-07-27 02:56:13.477-05,G,150,Run Production,,legacy
210,2026-07-27 02:56:13.477-05,2026-07-27 03:06:15.521-05,B,350,Roll Change,,legacy
210,2026-07-27 03:06:15.521-05,2026-07-27 03:45:25.193-05,G,150,Run Production,,legacy
210,2026-07-27 03:45:25.193-05,2026-07-27 04:05:30.2-05,B,350,Roll Change,,legacy
210,2026-07-27 04:05:30.2-05,2026-07-27 04:38:38.093-05,G,150,Run Production,,legacy
210,2026-07-27 04:38:38.093-05,2026-07-27 05:22:48.217-05,B,354,Housekeeping,,legacy
210,2026-07-27 05:22:48.217-05,2026-07-27 05:27:49.234-05,B,350,Roll Change,,legacy
210,2026-07-27 05:27:49.234-05,2026-07-27 13:23:37.579-05,G,150,Run Production,,legacy
210,2026-07-27 13:23:37.579-05,2026-07-27 14:04:46.489-05,B,145-98,Quality Hold,,legacy
210,2026-07-27 14:04:46.489-05,2026-07-27 17:08:28.791-05,G,150,Run Production,,legacy
210,2026-07-27 17:08:28.791-05,2026-07-27 17:11:29.573-05,B,450,Non Productive,,legacy
210,2026-07-27 17:11:29.573-05,2026-07-27 17:12:29.764-05,M,48,Make Ready Sleeves,,legacy
210,2026-07-27 17:12:29.764-05,2026-07-27 17:46:37.187-05,B,354,Housekeeping,,legacy
210,2026-07-27 17:46:37.187-05,2026-07-27 18:04:41.314-05,M,48,Make Ready Sleeves,,legacy
210,2026-07-27 18:04:41.314-05,2026-07-27 19:07:55.107-05,B,82,Dr. Blade Change,,legacy
210,2026-07-27 19:07:55.107-05,2026-07-27 19:44:03.347-05,M,47,Make Ready - Time Required to Setup Job,,legacy
210,2026-07-27 19:44:03.347-05,2026-07-27 20:00:06.923-05,M,80,Anilox: Change,,legacy
210,2026-07-27 20:00:06.923-05,2026-07-27 21:31:28.182-05,M,47,Make Ready - Time Required to Setup Job,,legacy
210,2026-07-27 21:31:28.182-05,2026-07-27 22:08:37.094-05,B,88,Pump Problem,,legacy
210,2026-07-27 22:08:37.094-05,2026-07-27 22:20:39.513-05,M,47,Make Ready - Time Required to Setup Job,,legacy
210,2026-07-27 22:20:39.513-05,2026-07-27 22:23:40.121-05,B,139,Rewind Material,,legacy
210,2026-07-27 22:23:40.121-05,2026-07-27 22:36:43.366-05,B,95,Press Problem / Impression,,legacy
210,2026-07-27 22:36:43.366-05,2026-07-27 22:53:47.142-05,M,47,Make Ready - Time Required to Setup Job,,legacy
210,2026-07-27 22:53:47.142-05,2026-07-27 23:38:57.152-05,B,99,Plates: Wash,,legacy
210,2026-07-27 23:38:57.152-05,2026-07-27 23:48:59.301-05,M,47,Make Ready - Time Required to Setup Job,,legacy
210,2026-07-27 23:48:59.301-05,2026-07-28 00:46:11.838-05,G,150,Run Production,,legacy
210,2026-07-28 00:46:11.838-05,2026-07-28 01:37:23.039-05,B,95,Press Problem / Impression,,legacy
210,2026-07-28 01:37:23.039-05,2026-07-28 02:22:33.105-05,B,29,Electrical: Press Other,,legacy
210,2026-07-28 02:22:33.105-05,2026-07-28 03:42:51.193-05,M,47,Make Ready - Time Required to Setup Job,,legacy
210,2026-07-28 03:42:51.193-05,2026-07-28 04:57:08.188-05,G,150,Run Production,,legacy
210,2026-07-28 04:57:08.188-05,2026-07-28 05:26:14.527-05,B,450,Non Productive,,legacy
210,2026-07-28 05:26:14.527-05,2026-07-28 06:30:29.25-05,M,48,Make Ready Sleeves,,legacy
210,2026-07-28 06:30:29.25-05,2026-07-28 07:17:40.454-05,B,82,Dr. Blade Change,,legacy
210,2026-07-28 07:17:40.454-05,2026-07-28 08:13:53.012-05,M,47,Make Ready - Time Required to Setup Job,,legacy
210,2026-07-28 08:13:53.012-05,2026-07-28 08:56:02.216-05,B,41-5,Maintenance - CI Section,,legacy
210,2026-07-28 08:56:02.216-05,2026-07-28 10:04:16.919-05,M,47,Make Ready - Time Required to Setup Job,,legacy
210,2026-07-28 10:04:16.919-05,2026-07-28 10:21:20.505-05,B,82,Dr. Blade Change,,legacy
210,2026-07-28 10:21:20.505-05,2026-07-28 10:28:21.898-05,M,47,Make Ready - Time Required to Setup Job,,legacy
210,2026-07-28 10:28:21.898-05,2026-07-28 10:39:24.492-05,B,41-1,Maintenance - Mechanical,,legacy
210,2026-07-28 10:39:24.492-05,2026-07-28 11:21:34.383-05,M,47,Make Ready - Time Required to Setup Job,,legacy
210,2026-07-28 11:21:34.383-05,2026-07-28 11:34:37.394-05,M,85,Make Ready - Color Match,,legacy
210,2026-07-28 11:34:37.394-05,2026-07-28 11:52:41.353-05,M,47,Make Ready - Time Required to Setup Job,,legacy
210,2026-07-28 11:52:41.353-05,2026-07-28 15:15:26.59-05,G,150,Run Production,,legacy
210,2026-07-28 15:15:26.59-05,2026-07-28 15:32:31.787-05,B,99,Plates: Wash,,legacy
210,2026-07-28 15:32:31.787-05,2026-07-28 16:33:45.4-05,G,150,Run Production,,legacy
210,2026-07-28 16:33:45.4-05,2026-07-28 16:54:49.965-05,B,354,Housekeeping,,legacy
210,2026-07-28 16:54:49.965-05,2026-07-28 19:02:18.621-05,G,150,Run Production,,legacy
210,2026-07-28 19:02:18.621-05,2026-07-28 19:36:26.02-05,M,48,Make Ready Sleeves,,legacy
210,2026-07-28 19:36:26.02-05,2026-07-28 20:02:32.228-05,B,41-1,Maintenance - Mechanical,,legacy
210,2026-07-28 20:02:32.228-05,2026-07-28 22:26:05.313-05,M,48,Make Ready Sleeves,,legacy
210,2026-07-28 22:26:05.313-05,2026-07-28 22:46:09.91-05,M,47,Make Ready - Time Required to Setup Job,,legacy
210,2026-07-28 22:46:09.91-05,2026-07-28 23:27:19.113-05,M,47-19,Make Ready Sleeve Low Spot,,legacy
210,2026-07-28 23:27:19.113-05,2026-07-29 00:02:26.723-05,M,47,Make Ready - Time Required to Setup Job,,legacy
210,2026-07-29 00:02:26.723-05,2026-07-29 00:14:29.624-05,M,80,Anilox: Change,,legacy
210,2026-07-29 00:14:29.624-05,2026-07-29 00:59:40.144-05,M,47-3,Make Ready Ghosting,,legacy
210,2026-07-29 00:59:40.144-05,2026-07-29 01:06:42.045-05,B,41-1,Maintenance - Mechanical,,legacy
210,2026-07-29 01:06:42.045-05,2026-07-29 01:41:49.649-05,M,47-3,Make Ready Ghosting,,legacy
210,2026-07-29 01:41:49.649-05,2026-07-29 01:46:51.22-05,M,47-4,Make Ready Bouncing,,legacy
210,2026-07-29 01:46:51.22-05,2026-07-29 02:24:59.373-05,M,47-3,Make Ready Ghosting,,legacy
210,2026-07-29 02:24:59.373-05,2026-07-29 03:02:07.457-05,M,47,Make Ready - Time Required to Setup Job,,legacy
210,2026-07-29 03:02:07.457-05,2026-07-29 03:49:18.15-05,G,150,Run Production,,legacy
210,2026-07-29 03:49:18.15-05,2026-07-29 04:18:25.802-05,B,354,Housekeeping,,legacy
210,2026-07-29 04:18:25.802-05,2026-07-29 04:54:34.919-05,G,150,Run Production,,legacy
210,2026-07-29 04:54:34.919-05,2026-07-29 05:01:36.431-05,B,64,Mech - Press Other,,legacy
210,2026-07-29 05:01:36.431-05,2026-07-29 06:25:55.571-05,G,150,Run Production,,legacy
210,2026-07-29 06:25:55.571-05,2026-07-29 06:34:57.638-05,B,95,Press Problem / Impression,,legacy
210,2026-07-29 06:34:57.638-05,2026-07-29 07:53:15.798-05,G,150,Run Production,,legacy
210,2026-07-29 07:53:15.798-05,2026-07-29 08:22:22.464-05,B,82,Dr. Blade Change,,legacy
210,2026-07-29 08:22:22.464-05,2026-07-29 13:18:31.208-05,G,150,Run Production,,legacy
210,2026-07-29 13:18:31.208-05,2026-07-29 13:58:40.035-05,B,145-98,Quality Hold,,legacy
210,2026-07-29 13:58:40.035-05,2026-07-29 15:58:07.524-05,B,41-2,Maintenance - Electrical,,legacy
210,2026-07-29 15:58:07.524-05,2026-07-29 16:05:09.356-05,B,125,Substrate - Other,,legacy
210,2026-07-29 16:05:09.356-05,2026-07-29 16:07:09.825-05,M,80,Anilox: Change,,legacy
210,2026-07-29 16:07:09.825-05,2026-07-29 16:48:21.339-05,B,354,Housekeeping,,legacy
210,2026-07-29 16:48:21.339-05,2026-07-29 18:08:40.986-05,G,150,Run Production,,legacy
210,2026-07-29 18:08:40.986-05,2026-07-29 18:56:51.858-05,B,99,Plates: Wash,,legacy
210,2026-07-29 18:56:51.858-05,2026-07-29 19:15:56.537-05,B,82,Dr. Blade Change,,legacy
210,2026-07-29 19:15:56.537-05,2026-07-29 20:37:14.972-05,G,150,Run Production,,legacy
210,2026-07-29 20:37:14.972-05,2026-07-29 20:52:18.619-05,B,350,Roll Change,,legacy
210,2026-07-29 20:52:18.619-05,2026-07-29 21:31:27.987-05,G,150,Run Production,,legacy
210,2026-07-29 21:31:27.987-05,2026-07-29 21:42:30.719-05,B,350,Roll Change,,legacy
210,2026-07-29 21:42:30.719-05,2026-07-29 23:02:48.294-05,G,150,Run Production,,legacy
210,2026-07-29 23:02:48.294-05,2026-07-30 00:06:02.324-05,M,48,Make Ready Sleeves,,legacy
210,2026-07-30 00:06:02.324-05,2026-07-30 00:52:13.36-05,M,47,Make Ready - Time Required to Setup Job,,legacy
210,2026-07-30 00:52:13.36-05,2026-07-30 01:25:21.289-05,B,145-98,Quality Hold,,legacy
210,2026-07-30 01:25:21.289-05,2026-07-30 01:26:21.495-05,M,47-99,Make Ready Other,,legacy
210,2026-07-30 01:26:21.495-05,2026-07-30 01:42:24.952-05,B,95,Press Problem / Impression,,legacy
210,2026-07-30 01:42:24.952-05,2026-07-30 01:44:25.379-05,M,47,Make Ready - Time Required to Setup Job,,legacy
210,2026-07-30 01:44:25.379-05,2026-07-30 02:25:34.545-05,G,150,Run Production,,legacy
210,2026-07-30 02:25:34.545-05,2026-07-30 03:08:44.722-05,M,47-6,Make Ready Wrong Sequence,,legacy
210,2026-07-30 03:08:44.722-05,2026-07-30 04:15:59.204-05,G,150,Run Production,,legacy
210,2026-07-30 04:15:59.204-05,2026-07-30 04:52:12.148-05,B,354,Housekeeping,,legacy
210,2026-07-30 04:52:12.148-05,2026-07-30 06:06:28.906-05,B,450,Non Productive,,legacy
210,2026-07-30 06:06:28.906-05,2026-07-30 06:07:29.1-05,M,47,Make Ready - Time Required to Setup Job,,legacy
210,2026-07-30 06:07:29.1-05,2026-07-30 06:26:33.567-05,M,48,Make Ready Sleeves,,legacy
210,2026-07-30 06:26:33.567-05,2026-07-30 06:28:34.026-05,B,64,Mech - Press Other,,legacy
210,2026-07-30 06:28:34.026-05,2026-07-30 06:39:36.468-05,B,29,Electrical: Press Other,,legacy
210,2026-07-30 06:39:36.468-05,2026-07-30 06:40:36.696-05,B,125,Substrate - Other,,legacy
210,2026-07-30 06:40:36.696-05,2026-07-30 06:54:39.979-05,B,64,Mech - Press Other,,legacy
210,2026-07-30 06:54:39.979-05,2026-07-30 09:31:19.068-05,M,47,Make Ready - Time Required to Setup Job,,legacy
210,2026-07-30 09:31:19.068-05,2026-07-30 09:32:19.272-05,B,450,Non Productive,,legacy
210,2026-07-30 09:32:19.272-05,2026-07-30 09:40:21.417-05,M,47,Make Ready - Time Required to Setup Job,,legacy
210,2026-07-30 09:40:21.417-05,2026-07-30 09:56:25.392-05,B,99,Plates: Wash,,legacy
210,2026-07-30 09:56:25.392-05,2026-07-30 10:12:29.532-05,M,80,Anilox: Change,,legacy
210,2026-07-30 10:12:29.532-05,2026-07-30 10:31:34.143-05,M,47,Make Ready - Time Required to Setup Job,,legacy
210,2026-07-30 10:31:34.143-05,2026-07-30 10:35:35.1-05,B,29,Electrical: Press Other,,legacy
210,2026-07-30 10:35:35.1-05,2026-07-30 11:42:51.767-05,M,47,Make Ready - Time Required to Setup Job,,legacy
210,2026-07-30 11:42:51.767-05,2026-07-30 12:56:13.553-05,B,138,RD Trial,,legacy
210,2026-07-30 12:56:13.553-05,2026-07-30 13:13:17.526-05,G,150,Run Production,,legacy
210,2026-07-30 13:13:17.526-05,2026-07-30 13:14:17.768-05,M,47,Make Ready - Time Required to Setup Job,,legacy
210,2026-07-30 13:14:17.768-05,2026-07-30 13:27:20.561-05,G,150,Run Production,,legacy
210,2026-07-30 13:27:20.561-05,2026-07-30 13:37:22.727-05,M,47,Make Ready - Time Required to Setup Job,,legacy
210,2026-07-30 13:37:22.727-05,2026-07-30 14:05:30.209-05,B,450,Non Productive,,legacy
210,2026-07-30 14:05:30.209-05,2026-07-30 14:18:33.223-05,M,47,Make Ready - Time Required to Setup Job,,legacy
210,2026-07-30 14:18:33.223-05,2026-07-30 14:22:34.136-05,G,150,Run Production,,legacy
210,2026-07-30 14:22:34.136-05,2026-07-30 14:23:34.333-05,B,450,Non Productive,,legacy
210,2026-07-30 14:23:34.333-05,2026-07-30 17:05:13.724-05,M,47,Make Ready - Time Required to Setup Job,,legacy
210,2026-07-30 17:05:13.724-05,2026-07-30 17:07:14.269-05,B,450,Non Productive,,legacy
210,2026-07-30 17:07:14.269-05,2026-07-30 17:12:15.346-05,M,47,Make Ready - Time Required to Setup Job,,legacy
210,2026-07-30 17:12:15.346-05,2026-07-30 17:17:16.426-05,G,150,Run Production,,legacy
210,2026-07-30 17:17:16.426-05,2026-07-30 17:18:16.682-05,B,450,Non Productive,,legacy
210,2026-07-30 17:18:16.682-05,2026-07-30 17:30:19.381-05,G,150,Run Production,,legacy
210,2026-07-30 17:30:19.381-05,2026-07-30 17:31:19.593-05,B,450,Non Productive,,legacy
210,2026-07-30 17:31:19.593-05,2026-07-30 18:26:33.272-05,B,354,Housekeeping,,legacy
210,2026-07-30 18:26:33.272-05,2026-07-30 19:10:43.299-05,M,48,Make Ready Sleeves,,legacy
210,2026-07-30 19:10:43.299-05,2026-07-30 19:29:47.587-05,B,64,Mech - Press Other,,legacy
210,2026-07-30 19:29:47.587-05,2026-07-30 19:36:49.049-05,M,48,Make Ready Sleeves,,legacy
210,2026-07-30 19:36:49.049-05,2026-07-30 20:23:59.63-05,B,64,Mech - Press Other,,legacy
210,2026-07-30 20:23:59.63-05,2026-07-30 20:29:00.658-05,M,47,Make Ready - Time Required to Setup Job,,legacy
210,2026-07-30 20:29:00.658-05,2026-07-30 21:00:07.505-05,M,48,Make Ready Sleeves,,legacy
210,2026-07-30 21:00:07.505-05,2026-07-30 21:22:12.634-05,M,47,Make Ready - Time Required to Setup Job,,legacy
210,2026-07-30 21:22:12.634-05,2026-07-30 21:33:15.265-05,M,47-99,Make Ready Other,,legacy
210,2026-07-30 21:33:15.265-05,2026-07-30 21:50:19.116-05,M,47,Make Ready - Time Required to Setup Job,,legacy
210,2026-07-30 21:50:19.116-05,2026-07-30 23:19:40.052-05,M,47-19,Make Ready Sleeve Low Spot,,legacy
210,2026-07-30 23:19:40.052-05,2026-07-31 00:43:59.966-05,G,150,Run Production,,legacy
210,2026-07-31 00:43:59.966-05,2026-07-31 00:54:02.381-05,B,99,Plates: Wash,,legacy
210,2026-07-31 00:54:02.381-05,2026-07-31 03:02:33.201-05,G,150,Run Production,,legacy
210,2026-07-31 03:02:33.201-05,2026-07-31 03:12:35.549-05,B,82,Dr. Blade Change,,legacy
210,2026-07-31 03:12:35.549-05,2026-07-31 03:17:36.888-05,B,95,Press Problem / Impression,,legacy
210,2026-07-31 03:17:36.888-05,2026-07-31 04:20:52.537-05,G,150,Run Production,,legacy
210,2026-07-31 04:20:52.537-05,2026-07-31 04:30:54.694-05,B,354,Housekeeping,,legacy
210,2026-07-31 04:30:54.694-05,2026-07-31 04:52:59.285-05,G,150,Run Production,,legacy
210,2026-07-31 04:52:59.285-05,2026-07-31 05:06:02.04-05,B,95,Press Problem / Impression,,legacy
210,2026-07-31 05:06:02.04-05,2026-07-31 07:25:34.676-05,G,150,Run Production,,legacy
210,2026-07-31 07:25:34.676-05,2026-07-31 07:40:37.823-05,B,82,Dr. Blade Change,,legacy
210,2026-07-31 07:40:37.823-05,2026-07-31 08:36:50.698-05,G,150,Run Production,,legacy
210,2026-07-31 08:36:50.698-05,2026-07-31 08:40:51.585-05,B,41-2,Maintenance - Electrical,,legacy
210,2026-07-31 08:40:51.585-05,2026-07-31 08:41:51.787-05,B,64,Mech - Press Other,,legacy
210,2026-07-31 08:41:51.787-05,2026-07-31 08:49:53.458-05,B,41-1,Maintenance - Mechanical,,legacy
210,2026-07-31 08:49:53.458-05,2026-07-31 12:46:48.357-05,G,150,Run Production,,legacy
210,2026-07-31 12:46:48.357-05,2026-07-31 15:34:27.212-05,B,450,Non Productive,,legacy
210,2026-07-31 15:34:27.212-05,2026-07-31 15:36:27.67-05,M,47,Make Ready - Time Required to Setup Job,,legacy
210,2026-07-31 15:36:27.67-05,2026-07-31 17:30:54.943-05,B,450,Non Productive,,legacy
210,2026-07-31 17:30:54.943-05,2026-07-31 18:03:03.09-05,B,354,Housekeeping,,legacy
210,2026-07-31 18:03:03.09-05,2026-07-31 18:27:08.553-05,M,48,Make Ready Sleeves,,legacy
210,2026-07-31 18:27:08.553-05,2026-07-31 18:51:14.151-05,M,47,Make Ready - Time Required to Setup Job,,legacy
210,2026-07-31 18:51:14.151-05,2026-07-31 19:09:18.919-05,B,99,Plates: Wash,,legacy
210,2026-07-31 19:09:18.919-05,2026-07-31 19:28:23.697-05,M,47,Make Ready - Time Required to Setup Job,,legacy
210,2026-07-31 19:28:23.697-05,2026-07-31 19:40:26.453-05,G,150,Run Production,,legacy
210,2026-07-31 19:40:26.453-05,2026-07-31 20:36:39.76-05,M,47-6,Make Ready Wrong Sequence,,legacy
210,2026-07-31 20:36:39.76-05,2026-07-31 21:58:57.103-05,G,150,Run Production,,legacy
210,2026-07-31 21:58:57.103-05,2026-07-31 21:59:57.316-05,B,450,Non Productive,,legacy
210,2026-07-31 21:59:57.316-05,2026-07-31 22:46:08.138-05,M,48,Make Ready Sleeves,,legacy
210,2026-07-31 22:46:08.138-05,2026-07-31 22:53:09.508-05,M,47,Make Ready - Time Required to Setup Job,,legacy
210,2026-07-31 22:53:09.508-05,2026-07-31 23:53:22.512-05,M,47-23,MR Plate Damage in Pre Press,,legacy
210,2026-07-31 23:53:22.512-05,2026-07-31 23:59:23.862-05,M,47,Make Ready - Time Required to Setup Job,,legacy
210,2026-07-31 23:59:23.862-05,2026-08-01 00:41:33.394-05,G,150,Run Production,,legacy
210,2026-08-01 00:41:33.394-05,2026-08-01 00:49:35.521-05,B,450,Non Productive,,legacy
210,2026-08-01 00:49:35.521-05,2026-08-01 01:41:46.498-05,G,150,Run Production,,legacy
210,2026-08-01 01:41:46.498-05,2026-08-01 01:47:47.885-05,B,450,Non Productive,,legacy
210,2026-08-01 01:47:47.885-05,2026-08-01 02:40:59.508-05,M,48,Make Ready Sleeves,,legacy
210,2026-08-01 02:40:59.508-05,2026-08-01 03:36:11.329-05,M,47-99,Make Ready Other,,legacy
210,2026-08-01 03:36:11.329-05,2026-08-01 03:56:15.666-05,M,47,Make Ready - Time Required to Setup Job,,legacy
210,2026-08-01 03:56:15.666-05,2026-08-01 04:27:23.033-05,M,47-99,Make Ready Other,,legacy
210,2026-08-01 04:27:23.033-05,2026-08-01 04:51:32.431-05,B,354,Housekeeping,,legacy
210,2026-08-01 04:51:32.431-05,2026-08-01 05:29:40.769-05,M,47-99,Make Ready Other,,legacy
210,2026-08-01 05:29:40.769-05,2026-08-01 07:36:08.681-05,G,150,Run Production,,legacy
210,2026-08-01 07:36:08.681-05,2026-08-01 07:37:08.913-05,B,450,Non Productive,,legacy
210,2026-08-01 07:37:08.913-05,2026-08-01 08:36:21.349-05,M,48,Make Ready Sleeves,,legacy
210,2026-08-01 08:36:21.349-05,2026-08-01 10:14:42.594-05,M,47,Make Ready - Time Required to Setup Job,,legacy
210,2026-08-01 10:14:42.594-05,2026-08-01 10:17:43.557-05,M,85,Make Ready - Color Match,,legacy
210,2026-08-01 10:17:43.557-05,2026-08-01 10:22:44.585-05,M,47,Make Ready - Time Required to Setup Job,,legacy
210,2026-08-01 10:22:44.585-05,2026-08-01 10:39:48.367-05,B,82,Dr. Blade Change,,legacy
210,2026-08-01 10:39:48.367-05,2026-08-01 12:26:12.025-05,G,150,Run Production,,legacy
210,2026-08-01 12:26:12.025-05,2026-08-01 12:56:18.377-05,B,126,Substrate - Web Break,,legacy
210,2026-08-01 12:56:18.377-05,2026-08-01 13:09:21.302-05,G,150,Run Production,,legacy
210,2026-08-01 13:09:21.302-05,2026-08-01 13:51:31.733-05,B,145-7,Film Web Break,,legacy
210,2026-08-01 13:51:31.733-05,2026-08-01 14:03:34.235-05,B,64,Mech - Press Other,,legacy
210,2026-08-01 14:03:34.235-05,2026-08-01 14:09:35.547-05,G,150,Run Production,,legacy
210,2026-08-01 14:09:35.547-05,2026-08-01 14:48:44.015-05,B,145-7,Film Web Break,,legacy
210,2026-08-01 14:48:44.015-05,2026-08-01 14:52:44.88-05,B,29,Electrical: Press Other,,legacy
210,2026-08-01 14:52:44.88-05,2026-08-01 15:48:56.849-05,G,150,Run Production,,legacy
210,2026-08-01 15:48:56.849-05,2026-08-01 16:10:01.623-05,B,354,Housekeeping,,legacy
210,2026-08-01 16:10:01.623-05,2026-08-01 19:33:47.84-05,G,150,Run Production,,legacy
210,2026-08-01 19:33:47.84-05,2026-08-01 19:41:49.486-05,B,64,Mech - Press Other,,legacy
210,2026-08-01 19:41:49.486-05,2026-08-01 19:58:53.098-05,B,350,Roll Change,,legacy
210,2026-08-01 19:58:53.098-05,2026-08-01 21:59:19.266-05,G,150,Run Production,,legacy
210,2026-08-01 21:59:19.266-05,2026-08-01 22:08:21.211-05,B,350,Roll Change,,legacy
210,2026-08-01 22:08:21.211-05,2026-08-01 22:49:31.569-05,G,150,Run Production,,legacy
210,2026-08-01 22:49:31.569-05,2026-08-01 22:50:31.774-05,B,64,Mech - Press Other,,legacy
210,2026-08-01 22:50:31.774-05,2026-08-01 23:00:34.093-05,B,29,Electrical: Press Other,,legacy
210,2026-08-01 23:00:34.093-05,2026-08-01 23:01:34.276-05,B,350,Roll Change,,legacy
210,2026-08-01 23:01:34.276-05,2026-08-01 23:06:35.335-05,G,150,Run Production,,legacy
210,2026-08-01 23:06:35.335-05,2026-08-01 23:08:35.743-05,B,350,Roll Change,,legacy
210,2026-08-01 23:08:35.743-05,2026-08-01 23:21:38.601-05,B,83,Drum: Clean,,legacy
210,2026-08-01 23:21:38.601-05,2026-08-01 23:55:46.68-05,G,150,Run Production,,legacy
210,2026-08-01 23:55:46.68-05,2026-08-02 00:29:54.74-05,B,82,Dr. Blade Change,,legacy
210,2026-08-02 00:29:54.74-05,2026-08-02 01:06:03.151-05,G,150,Run Production,,legacy
210,2026-08-02 01:06:03.151-05,2026-08-02 01:14:04.864-05,B,350,Roll Change,,legacy
210,2026-08-02 01:14:04.864-05,2026-08-02 01:52:12.926-05,G,150,Run Production,,legacy
210,2026-08-02 01:52:12.926-05,2026-08-02 01:58:14.407-05,B,350,Roll Change,,legacy
210,2026-08-02 01:58:14.407-05,2026-08-02 02:41:24.422-05,G,150,Run Production,,legacy
210,2026-08-02 02:41:24.422-05,2026-08-02 02:42:24.633-05,S,400,Sort,,legacy
210,2026-08-02 02:42:24.633-05,2026-08-02 03:20:33.037-05,G,150,Run Production,,legacy
210,2026-08-02 03:20:33.037-05,2026-08-02 03:29:35.274-05,B,350,Roll Change,,legacy
210,2026-08-02 03:29:35.274-05,2026-08-02 04:02:43.225-05,G,150,Run Production,,legacy
210,2026-08-02 04:02:43.225-05,2026-08-02 04:12:45.575-05,B,350,Roll Change,,legacy
210,2026-08-02 04:12:45.575-05,2026-08-02 04:51:54.652-05,G,150,Run Production,,legacy
210,2026-08-02 04:51:54.652-05,2026-08-02 05:28:03.065-05,B,354,Housekeeping,,legacy
210,2026-08-02 05:28:03.065-05,2026-08-02 06:04:10.667-05,G,150,Run Production,,legacy
210,2026-08-02 06:04:10.667-05,2026-08-02 06:05:10.901-05,B,99,Plates: Wash,,legacy
210,2026-08-02 06:05:10.901-05,2026-08-02 08:23:42.068-05,G,150,Run Production,,legacy
210,2026-08-02 08:23:42.068-05,2026-08-02 08:42:46.461-05,B,145-98,Quality Hold,,legacy
210,2026-08-02 08:42:46.461-05,2026-08-02 08:55:49.196-05,G,150,Run Production,,legacy
210,2026-08-02 08:55:49.196-05,2026-08-02 09:11:52.567-05,B,99,Plates: Wash,,legacy
210,2026-08-02 09:11:52.567-05,2026-08-02 10:56:16.07-05,G,150,Run Production,,legacy
210,2026-08-02 10:56:16.07-05,2026-08-02 11:38:25.447-05,B,126,Substrate - Web Break,,legacy
210,2026-08-02 11:38:25.447-05,2026-08-02 12:53:42.184-05,B,450,Non Productive,,legacy
210,2026-08-02 12:53:42.184-05,2026-08-02 13:24:49.505-05,B,126,Substrate - Web Break,,legacy
210,2026-08-02 13:24:49.505-05,2026-08-02 16:32:31.802-05,G,150,Run Production,,legacy
210,2026-08-02 16:32:31.802-05,2026-08-02 16:58:37.543-05,B,354,Housekeeping,,legacy
210,2026-08-02 16:58:37.543-05,2026-08-02 18:07:53.565-05,G,150,Run Production,,legacy
210,2026-08-02 18:07:53.565-05,2026-08-02 18:27:57.876-05,B,350,Roll Change,,legacy
210,2026-08-02 18:27:57.876-05,2026-08-02 18:43:01.086-05,G,150,Run Production,,legacy
210,2026-08-02 18:43:01.086-05,2026-08-02 19:07:06.629-05,B,350,Roll Change,,legacy
210,2026-08-02 19:07:06.629-05,2026-08-02 20:19:22.671-05,G,150,Run Production,,legacy
210,2026-08-02 20:19:22.671-05,2026-08-02 20:22:23.277-05,B,350,Roll Change,,legacy
210,2026-08-02 20:22:23.277-05,2026-08-02 21:01:31.698-05,G,150,Run Production,,legacy
210,2026-08-02 21:01:31.698-05,2026-08-02 21:02:31.941-05,M,47,Make Ready - Time Required to Setup Job,,legacy
210,2026-08-02 21:02:31.941-05,2026-08-02 21:30:38.315-05,M,48,Make Ready Sleeves,,legacy
210,2026-08-02 21:30:38.315-05,2026-08-02 21:44:41.391-05,M,47-99,Make Ready Other,,legacy
210,2026-08-02 21:44:41.391-05,2026-08-02 22:24:50.188-05,M,47,Make Ready - Time Required to Setup Job,,legacy
210,2026-08-02 22:24:50.188-05,2026-08-02 22:56:57.257-05,B,83,Drum: Clean,,legacy
210,2026-08-02 22:56:57.257-05,2026-08-02 23:07:59.742-05,G,150,Run Production,,legacy
210,2026-08-02 23:07:59.742-05,2026-08-02 23:23:03.11-05,B,350,Roll Change,,legacy
210,2026-08-02 23:23:03.11-05,2026-08-02 23:43:07.295-05,G,150,Run Production,,legacy
210,2026-08-02 23:43:07.295-05,2026-08-02 23:44:07.479-05,B,95,Press Problem / Impression,,legacy
210,2026-08-02 23:44:07.479-05,2026-08-02 23:49:08.562-05,B,64,Mech - Press Other,,legacy
210,2026-08-02 23:49:08.562-05,2026-08-03 00:51:22.673-05,M,47-6,Make Ready Wrong Sequence,,legacy
210,2026-08-03 00:51:22.673-05,2026-08-03 01:43:34.568-05,G,150,Run Production,,legacy
210,2026-08-03 01:43:34.568-05,2026-08-03 01:52:36.547-05,M,48,Make Ready Sleeves,,legacy
210,2026-08-03 01:52:36.547-05,2026-08-03 03:29:58.065-05,M,47-99,Make Ready Other,,legacy
210,2026-08-03 03:29:58.065-05,2026-08-03 04:10:06.306-05,M,47,Make Ready - Time Required to Setup Job,,legacy
210,2026-08-03 04:10:06.306-05,2026-08-03 04:34:11.334-05,B,354,Housekeeping,,legacy
210,2026-08-03 04:34:11.334-05,2026-08-03 05:20:21.564-05,B,145-7,Film Web Break,,legacy
210,2026-08-03 05:20:21.564-05,2026-08-03 05:41:26.478-05,M,47,Make Ready - Time Required to Setup Job,,legacy
210,2026-08-03 05:41:26.478-05,2026-08-03 11:03:37.954-05,G,150,Run Production,,legacy
210,2026-08-03 11:03:37.954-05,2026-08-03 11:48:48.078-05,M,48,Make Ready Sleeves,,legacy
210,2026-08-03 11:48:48.078-05,2026-08-03 13:55:16.457-05,M,47,Make Ready - Time Required to Setup Job,,legacy
210,2026-08-03 13:55:16.457-05,2026-08-03 14:18:23.75-05,M,85,Make Ready - Color Match,,legacy
210,2026-08-03 14:18:23.75-05,2026-08-03 14:41:29.068-05,M,47,Make Ready - Time Required to Setup Job,,legacy
210,2026-08-03 14:41:29.068-05,2026-08-03 15:52:45.672-05,G,150,Run Production,,legacy
210,2026-08-03 15:52:45.672-05,2026-08-03 16:05:58.839-05,B,82,Dr. Blade Change,,legacy
210,2026-08-03 16:05:58.839-05,2026-08-03 16:37:06.377-05,G,150,Run Production,,legacy
210,2026-08-03 16:37:06.377-05,2026-08-03 17:25:17.042-05,M,48,Make Ready Sleeves,,legacy
210,2026-08-03 17:25:17.042-05,2026-08-03 17:55:24.189-05,B,354,Housekeeping,,legacy
210,2026-08-03 17:55:24.189-05,2026-08-03 19:39:48.832-05,B,82,Dr. Blade Change,,legacy
210,2026-08-03 19:39:48.832-05,2026-08-03 22:22:26.396-05,M,47,Make Ready - Time Required to Setup Job,,legacy
210,2026-08-03 22:22:26.396-05,2026-08-03 22:53:33.549-05,M,85,Make Ready - Color Match,,legacy
210,2026-08-03 22:53:33.549-05,2026-08-03 23:09:37.346-05,G,150,Run Production,,legacy
210,2026-08-03 23:09:37.346-05,2026-08-03 23:19:39.518-05,B,83,Drum: Clean,,legacy
210,2026-08-03 23:19:39.518-05,2026-08-04 01:38:11.46-05,G,150,Run Production,,legacy
210,2026-08-04 01:38:11.46-05,2026-08-04 02:16:19.537-05,B,83,Drum: Clean,,legacy
210,2026-08-04 02:16:19.537-05,2026-08-04 04:09:45.88-05,G,150,Run Production,,legacy
210,2026-08-04 04:09:45.88-05,2026-08-04 04:47:54.775-05,B,354,Housekeeping,,legacy
210,2026-08-04 04:47:54.775-05,2026-08-04 07:18:30.686-05,G,150,Run Production,,legacy
210,2026-08-04 07:18:30.686-05,2026-08-04 08:08:42.318-05,M,48,Make Ready Sleeves,,legacy
210,2026-08-04 08:08:42.318-05,2026-08-04 10:07:10.208-05,M,47,Make Ready - Time Required to Setup Job,,legacy
210,2026-08-04 10:07:10.208-05,2026-08-04 12:11:39.21-05,G,150,Run Production,,legacy
210,2026-08-04 12:11:39.21-05,2026-08-04 12:15:40.102-05,B,350,Roll Change,,legacy
210,2026-08-04 12:15:40.102-05,2026-08-04 16:17:37.774-05,G,150,Run Production,,legacy
210,2026-08-04 16:17:37.774-05,2026-08-04 16:44:43.968-05,M,48,Make Ready Sleeves,,legacy
210,2026-08-04 16:44:43.968-05,2026-08-04 17:07:50.122-05,B,354,Housekeeping,,legacy
210,2026-08-04 17:07:50.122-05,2026-08-04 18:23:07.344-05,M,47,Make Ready - Time Required to Setup Job,,legacy
210,2026-08-04 18:23:07.344-05,2026-08-04 18:42:11.532-05,M,47-99,Make Ready Other,,legacy
210,2026-08-04 18:42:11.532-05,2026-08-04 19:21:20.416-05,G,150,Run Production,,legacy
210,2026-08-04 19:21:20.416-05,2026-08-04 19:37:23.841-05,B,350,Roll Change,,legacy
210,2026-08-04 19:37:23.841-05,2026-08-04 20:11:31.774-05,G,150,Run Production,,legacy
210,2026-08-04 20:11:31.774-05,2026-08-04 20:28:35.761-05,B,350,Roll Change,,legacy
210,2026-08-04 20:28:35.761-05,2026-08-04 20:43:39.299-05,G,150,Run Production,,legacy
210,2026-08-04 20:43:39.299-05,2026-08-04 20:54:41.763-05,B,350,Roll Change,,legacy
210,2026-08-04 20:54:41.763-05,2026-08-04 21:12:45.61-05,G,150,Run Production,,legacy
210,2026-08-04 21:12:45.61-05,2026-08-04 21:33:50.733-05,B,350,Roll Change,,legacy
210,2026-08-04 21:33:50.733-05,2026-08-04 21:53:55.372-05,G,150,Run Production,,legacy
210,2026-08-04 21:53:55.372-05,2026-08-04 22:14:00.322-05,B,82,Dr. Blade Change,,legacy
210,2026-08-04 22:14:00.322-05,2026-08-04 22:35:05.009-05,G,150,Run Production,,legacy
210,2026-08-04 22:35:05.009-05,2026-08-04 22:47:07.722-05,B,350,Roll Change,,legacy
210,2026-08-04 22:47:07.722-05,2026-08-04 23:05:12-05,G,150,Run Production,,legacy
210,2026-08-04 23:05:12-05,2026-08-04 23:12:14.044-05,B,350,Roll Change,,legacy
210,2026-08-04 23:12:14.044-05,2026-08-04 23:27:17.35-05,G,150,Run Production,,legacy
210,2026-08-04 23:27:17.35-05,2026-08-04 23:35:19.09-05,B,350,Roll Change,,legacy
210,2026-08-04 23:35:19.09-05,2026-08-04 23:47:22.37-05,G,150,Run Production,,legacy
210,2026-08-04 23:47:22.37-05,2026-08-05 00:24:31.473-05,M,48,Make Ready Sleeves,,legacy
210,2026-08-05 00:24:31.473-05,2026-08-05 01:06:40.599-05,M,47,Make Ready - Time Required to Setup Job,,legacy
210,2026-08-05 01:06:40.599-05,2026-08-05 01:35:47.804-05,M,47-99,Make Ready Other,,legacy
210,2026-08-05 01:35:47.804-05,2026-08-05 03:09:08.642-05,M,47-20,Make Ready Out of Register,,legacy
210,2026-08-05 03:09:08.642-05,2026-08-05 04:36:29.373-05,M,48,Make Ready Sleeves,,legacy
210,2026-08-05 04:36:29.373-05,2026-08-05 05:28:41.132-05,B,29,Electrical: Press Other,,legacy
210,2026-08-05 05:28:41.132-05,2026-08-05 06:56:02.658-05,M,47,Make Ready - Time Required to Setup Job,,legacy
210,2026-08-05 06:56:02.658-05,2026-08-05 07:03:04.666-05,M,85,Make Ready - Color Match,,legacy
210,2026-08-05 07:03:04.666-05,2026-08-05 07:07:05.8-05,M,47,Make Ready - Time Required to Setup Job,,legacy
210,2026-08-05 07:07:05.8-05,2026-08-05 07:36:12.605-05,G,150,Run Production,,legacy
210,2026-08-05 07:36:12.605-05,2026-08-05 07:37:12.822-05,B,450,Non Productive,,legacy
210,2026-08-05 07:37:12.822-05,2026-08-05 08:47:28.904-05,M,48,Make Ready Sleeves,,legacy
210,2026-08-05 08:47:28.904-05,2026-08-05 09:03:32.89-05,B,82,Dr. Blade Change,,legacy
210,2026-08-05 09:03:32.89-05,2026-08-05 10:10:47.797-05,M,47,Make Ready - Time Required to Setup Job,,legacy
210,2026-08-05 10:10:47.797-05,2026-08-05 11:02:59.984-05,M,47-20,Make Ready Out of Register,,legacy
210,2026-08-05 11:02:59.984-05,2026-08-05 11:21:04.814-05,M,47,Make Ready - Time Required to Setup Job,,legacy
210,2026-08-05 11:21:04.814-05,2026-08-05 11:33:07.751-05,M,85,Make Ready - Color Match,,legacy
210,2026-08-05 11:33:07.751-05,2026-08-05 12:30:20.416-05,G,150,Run Production,,legacy
210,2026-08-05 12:30:20.416-05,2026-08-05 12:31:20.626-05,B,450,Non Productive,,legacy
210,2026-08-05 12:31:20.626-05,2026-08-05 13:00:27.783-05,M,48,Make Ready Sleeves,,legacy
210,2026-08-05 13:00:27.783-05,2026-08-05 14:16:46.199-05,M,47,Make Ready - Time Required to Setup Job,,legacy
210,2026-08-05 14:16:46.199-05,2026-08-05 14:28:48.839-05,B,145-7,Film Web Break,,legacy
210,2026-08-05 14:28:48.839-05,2026-08-05 15:28:03.323-05,M,47,Make Ready - Time Required to Setup Job,,legacy
210,2026-08-05 15:28:03.323-05,2026-08-05 15:32:04.196-05,G,150,Run Production,,legacy
210,2026-08-05 15:32:04.196-05,2026-08-05 15:34:04.619-05,B,99,Plates: Wash,,legacy
210,2026-08-05 15:34:04.619-05,2026-08-05 17:03:25.71-05,G,150,Run Production,,legacy
210,2026-08-05 17:03:25.71-05,2026-08-05 17:21:31.195-05,M,47,Make Ready - Time Required to Setup Job,,legacy
210,2026-08-05 17:21:31.195-05,2026-08-05 18:04:41.608-05,B,354,Housekeeping,,legacy
210,2026-08-05 18:04:41.608-05,2026-08-05 18:07:42.403-05,M,48,Make Ready Sleeves,,legacy
210,2026-08-05 18:07:42.403-05,2026-08-05 19:02:00.058-05,B,29,Electrical: Press Other,,legacy
210,2026-08-05 19:02:00.058-05,2026-08-05 19:23:05.033-05,M,47,Make Ready - Time Required to Setup Job,,legacy
210,2026-08-05 19:23:05.033-05,2026-08-05 19:44:09.752-05,M,47-99,Make Ready Other,,legacy
210,2026-08-05 19:44:09.752-05,2026-08-05 20:19:18.277-05,M,47-8,Make Ready Color Match,,legacy
210,2026-08-05 20:19:18.277-05,2026-08-05 20:22:18.914-05,M,47-99,Make Ready Other,,legacy
210,2026-08-05 20:22:18.914-05,2026-08-05 20:36:22.317-05,B,99,Plates: Wash,,legacy
210,2026-08-05 20:36:22.317-05,2026-08-05 20:43:24.026-05,M,47,Make Ready - Time Required to Setup Job,,legacy
210,2026-08-05 20:43:24.026-05,2026-08-05 23:48:07.34-05,M,48,Make Ready Sleeves,,legacy
210,2026-08-05 23:48:07.34-05,2026-08-06 00:34:18.12-05,M,47,Make Ready - Time Required to Setup Job,,legacy
210,2026-08-06 00:34:18.12-05,2026-08-06 00:39:19.298-05,M,47-99,Make Ready Other,,legacy
210,2026-08-06 00:39:19.298-05,2026-08-06 02:30:45.445-05,G,150,Run Production,,legacy
210,2026-08-06 02:30:45.445-05,2026-08-06 03:03:52.821-05,B,99,Plates: Wash,,legacy
210,2026-08-06 03:03:52.821-05,2026-08-06 03:46:02.885-05,G,150,Run Production,,legacy
210,2026-08-06 03:46:02.885-05,2026-08-06 03:59:05.73-05,B,99,Plates: Wash,,legacy
210,2026-08-06 03:59:05.73-05,2026-08-06 04:33:13.746-05,G,150,Run Production,,legacy
210,2026-08-06 04:33:13.746-05,2026-08-06 04:44:16.187-05,B,354,Housekeeping,,legacy
210,2026-08-06 04:44:16.187-05,2026-08-06 05:38:28.84-05,G,150,Run Production,,legacy
210,2026-08-06 05:38:28.84-05,2026-08-06 05:52:32.136-05,B,99,Plates: Wash,,legacy
210,2026-08-06 05:52:32.136-05,2026-08-06 06:20:39.075-05,B,82,Dr. Blade Change,,legacy
210,2026-08-06 06:20:39.075-05,2026-08-06 07:48:59.782-05,G,150,Run Production,,legacy
210,2026-08-06 07:48:59.782-05,2026-08-06 07:49:59.996-05,B,64,Mech - Press Other,,legacy
210,2026-08-06 07:49:59.996-05,2026-08-06 07:52:00.394-05,G,150,Run Production,,legacy
210,2026-08-06 07:52:00.394-05,2026-08-06 07:59:01.846-05,B,41-1,Maintenance - Mechanical,,legacy
210,2026-08-06 07:59:01.846-05,2026-08-06 10:02:32.092-05,G,150,Run Production,,legacy
210,2026-08-06 10:02:32.092-05,2026-08-06 10:10:34.146-05,B,99,Plates: Wash,,legacy
210,2026-08-06 10:10:34.146-05,2026-08-06 10:43:42.533-05,G,150,Run Production,,legacy
210,2026-08-06 10:43:42.533-05,2026-08-06 10:55:45.326-05,B,99,Plates: Wash,,legacy
210,2026-08-06 10:55:45.326-05,2026-08-06 14:24:34.83-05,G,150,Run Production,,legacy
210,2026-08-06 14:24:34.83-05,2026-08-06 14:44:39.342-05,B,450,Non Productive,,legacy
210,2026-08-06 14:44:39.342-05,2026-08-06 14:47:39.955-05,M,47,Make Ready - Time Required to Setup Job,,legacy
210,2026-08-06 14:47:39.955-05,2026-08-06 15:02:43.221-05,M,48,Make Ready Sleeves,,legacy
210,2026-08-06 15:02:43.221-05,2026-08-06 15:25:48.789-05,B,89,Ink: Wait On,,legacy
210,2026-08-06 15:25:48.789-05,2026-08-06 16:10:50.206-05,M,47,Make Ready - Time Required to Setup Job,,legacy
210,2026-08-06 16:10:50.206-05,2026-08-06 16:25:54.251-05,M,85,Make Ready - Color Match,,legacy
210,2026-08-06 16:25:54.251-05,2026-08-06 16:36:55.205-05,M,47,Make Ready - Time Required to Setup Job,,legacy
210,2026-08-06 16:36:55.205-05,2026-08-07 00:18:23.341-05,G,150,Run Production,,legacy
210,2026-08-07 00:18:23.341-05,2026-08-07 00:30:44.276-05,B,82,Dr. Blade Change,,legacy
210,2026-08-07 00:30:44.276-05,2026-08-07 00:47:04.453-05,G,150,Run Production,,legacy
210,2026-08-07 00:47:04.453-05,2026-08-07 00:53:14.867-05,B,87,Ink: Off Color,,legacy
210,2026-08-07 00:53:14.867-05,2026-08-07 01:20:58.919-05,B,125,Substrate - Other,,legacy
210,2026-08-07 01:20:58.919-05,2026-08-07 01:59:10.367-05,G,150,Run Production,,legacy
210,2026-08-07 01:59:10.367-05,2026-08-07 02:21:23.141-05,M,47-4,Make Ready Bouncing,,legacy
210,2026-08-07 02:21:23.141-05,2026-08-07 04:25:20.955-05,G,150,Run Production,,legacy
210,2026-08-07 04:25:20.955-05,2026-08-07 04:44:38.335-05,B,354,Housekeeping,,legacy
210,2026-08-07 04:44:38.335-05,2026-08-07 05:47:18.956-05,G,150,Run Production,,legacy
210,2026-08-07 05:47:18.956-05,2026-08-07 11:59:48.456-05,B,350,Roll Change,,legacy
210,2026-08-07 11:59:48.456-05,2026-08-07 12:21:00.866-05,B,83,Drum: Clean,,legacy
210,2026-08-07 12:21:00.866-05,2026-08-07 17:29:29.489-05,G,150,Run Production,,legacy
210,2026-08-07 17:29:29.489-05,2026-08-07 17:32:30.057-05,M,47-20,Make Ready Out of Register,,legacy
210,2026-08-07 17:32:30.057-05,2026-08-07 17:59:36.994-05,B,354,Housekeeping,,legacy
210,2026-08-07 17:59:36.994-05,2026-08-07 19:16:08.655-05,M,47-6,Make Ready Wrong Sequence,,legacy
210,2026-08-07 19:16:08.655-05,2026-08-07 19:42:24.993-05,M,47-3,Make Ready Ghosting,,legacy
210,2026-08-07 19:42:24.993-05,2026-08-07 19:43:26.072-05,M,47,Make Ready - Time Required to Setup Job,,legacy
210,2026-08-07 19:43:26.072-05,2026-08-07 20:20:37.946-05,G,150,Run Production,,legacy
210,2026-08-07 20:20:37.946-05,2026-08-07 22:23:22.588-05,M,48,Make Ready Sleeves,,legacy
210,2026-08-07 22:23:22.588-05,2026-08-07 22:28:24.165-05,B,89,Ink: Wait On,,legacy
210,2026-08-07 22:28:24.165-05,2026-08-07 22:29:24.656-05,M,47,Make Ready - Time Required to Setup Job,,legacy
210,2026-08-07 22:29:24.656-05,2026-08-07 22:56:32.515-05,M,47-99,Make Ready Other,,legacy
210,2026-08-07 22:56:32.515-05,2026-08-07 23:21:38.627-05,M,47,Make Ready - Time Required to Setup Job,,legacy
210,2026-08-07 23:21:38.627-05,2026-08-07 23:43:44.809-05,M,47-99,Make Ready Other,,legacy
210,2026-08-07 23:43:44.809-05,2026-08-08 00:29:57.369-05,M,47-8,Make Ready Color Match,,legacy
210,2026-08-08 00:29:57.369-05,2026-08-08 00:43:00.694-05,M,48,Make Ready Sleeves,,legacy
210,2026-08-08 00:43:00.694-05,2026-08-08 00:47:01.736-05,M,47,Make Ready - Time Required to Setup Job,,legacy
210,2026-08-08 00:47:01.736-05,2026-08-08 01:30:13.888-05,B,145-98,Quality Hold,,legacy
210,2026-08-08 01:30:13.888-05,2026-08-08 01:48:18.859-05,G,150,Run Production,,legacy
210,2026-08-08 01:48:18.859-05,2026-08-08 01:52:20.413-05,B,95,Press Problem / Impression,,legacy
210,2026-08-08 01:52:20.413-05,2026-08-08 02:23:30.805-05,G,150,Run Production,,legacy
210,2026-08-08 02:23:30.805-05,2026-08-08 02:24:31.069-05,B,450,Non Productive,,legacy
210,2026-08-08 02:24:31.069-05,2026-08-08 03:40:53.207-05,M,48,Make Ready Sleeves,,legacy
210,2026-08-08 03:40:53.207-05,2026-08-08 03:45:54.877-05,M,47,Make Ready - Time Required to Setup Job,,legacy
210,2026-08-08 03:45:54.877-05,2026-08-08 04:18:03.709-05,M,47-99,Make Ready Other,,legacy
210,2026-08-08 04:18:03.709-05,2026-08-08 05:02:14.626-05,B,354,Housekeeping,,legacy
210,2026-08-08 05:02:14.626-05,2026-08-08 05:21:20.231-05,B,64,Mech - Press Other,,legacy
210,2026-08-08 05:21:20.231-05,2026-08-08 05:22:20.467-05,M,47,Make Ready - Time Required to Setup Job,,legacy
210,2026-08-08 05:22:20.467-05,2026-08-08 05:27:21.797-05,B,64,Mech - Press Other,,legacy
210,2026-08-08 05:27:21.797-05,2026-08-08 05:32:23.038-05,M,47,Make Ready - Time Required to Setup Job,,legacy
210,2026-08-08 05:32:23.038-05,2026-08-08 06:33:39.915-05,G,150,Run Production,,legacy
210,2026-08-08 06:33:39.915-05,2026-08-08 08:00:03.534-05,B,126,Substrate - Web Break,,legacy
210,2026-08-08 08:00:03.534-05,2026-08-08 08:40:13.728-05,G,150,Run Production,,legacy
210,2026-08-08 08:40:13.728-05,2026-08-08 09:48:34.752-05,M,48,Make Ready Sleeves,,legacy
210,2026-08-08 09:48:34.752-05,2026-08-08 11:44:02.806-05,M,47,Make Ready - Time Required to Setup Job,,legacy
210,2026-08-08 11:44:02.806-05,2026-08-08 12:02:07.08-05,M,80,Anilox: Change,,legacy
210,2026-08-08 12:02:07.08-05,2026-08-08 13:07:25.184-05,M,47,Make Ready - Time Required to Setup Job,,legacy
210,2026-08-08 13:07:25.184-05,2026-08-08 13:40:34.624-05,M,80,Anilox: Change,,legacy
210,2026-08-08 13:40:34.624-05,2026-08-08 13:53:38.403-05,G,150,Run Production,,legacy
210,2026-08-08 13:53:38.403-05,2026-08-08 15:00:57.421-05,B,126,Substrate - Web Break,,legacy
210,2026-08-08 15:00:57.421-05,2026-08-08 15:21:02.728-05,G,150,Run Production,,legacy
210,2026-08-08 15:21:02.728-05,2026-08-08 15:27:04.387-05,B,126,Substrate - Web Break,,legacy
210,2026-08-08 15:27:04.387-05,2026-08-08 15:32:05.584-05,B,99,Plates: Wash,,legacy
210,2026-08-08 15:32:05.584-05,2026-08-08 16:52:26.963-05,G,150,Run Production,,legacy
210,2026-08-08 16:52:26.963-05,2026-08-08 17:05:29.969-05,B,354,Housekeeping,,legacy
210,2026-08-08 17:05:29.969-05,2026-08-08 18:08:48.416-05,G,150,Run Production,,legacy
210,2026-08-08 18:08:48.416-05,2026-08-08 18:15:50.012-05,B,350,Roll Change,,legacy
210,2026-08-08 18:15:50.012-05,2026-08-08 19:02:00.951-05,G,150,Run Production,,legacy
210,2026-08-08 19:02:00.951-05,2026-08-08 19:11:03.193-05,B,99,Plates: Wash,,legacy
210,2026-08-08 19:11:03.193-05,2026-08-08 23:29:08.336-05,G,150,Run Production,,legacy
210,2026-08-08 23:29:08.336-05,2026-08-08 23:51:13.483-05,M,16,Make Ready,,legacy
210,2026-08-08 23:51:13.483-05,2026-08-09 00:00:15.807-05,G,20,Run,,legacy
210,2026-08-09 00:00:15.807-05,2026-08-09 00:01:16.07-05,G,150,Run Production,,legacy
210,2026-08-09 00:01:16.07-05,2026-08-09 00:40:25.304-05,G,20,Run,,legacy
210,2026-08-09 00:40:25.304-05,2026-08-09 00:41:25.592-05,G,150,Run Production,,legacy
210,2026-08-09 00:41:25.592-05,2026-08-09 00:53:28.677-05,B,99,Plates: Wash,,legacy
210,2026-08-09 00:53:28.677-05,2026-08-09 01:03:31.066-05,G,150,Run Production,,legacy
210,2026-08-09 01:03:31.066-05,2026-08-09 01:06:31.903-05,G,20,Run,,legacy
210,2026-08-09 01:06:31.903-05,2026-08-09 01:07:32.12-05,B,301,Cambio de Rollo,,legacy
210,2026-08-09 01:07:32.12-05,2026-08-09 01:41:40.654-05,G,20,Run,,legacy
210,2026-08-09 01:41:40.654-05,2026-08-09 01:42:40.85-05,G,150,Run Production,,legacy
210,2026-08-09 01:42:40.85-05,2026-08-09 02:27:51.179-05,G,20,Run,,legacy
210,2026-08-09 02:27:51.179-05,2026-08-09 02:54:57.392-05,G,150,Run Production,,legacy
210,2026-08-09 02:54:57.392-05,2026-08-09 03:15:02.024-05,G,20,Run,,legacy
210,2026-08-09 03:15:02.024-05,2026-08-09 03:34:07.29-05,G,150,Run Production,,legacy
210,2026-08-09 03:34:07.29-05,2026-08-09 04:01:14.062-05,G,20,Run,,legacy
210,2026-08-09 04:01:14.062-05,2026-08-09 04:02:14.272-05,G,150,Run Production,,legacy
210,2026-08-09 04:02:14.272-05,2026-08-09 04:07:15.4-05,B,354,Housekeeping,,legacy
210,2026-08-09 04:07:15.4-05,2026-08-09 04:09:15.879-05,G,150,Run Production,,legacy
210,2026-08-09 04:09:15.879-05,2026-08-09 04:55:27.673-05,G,20,Run,,legacy
210,2026-08-09 04:55:27.673-05,2026-08-09 05:14:32.965-05,G,150,Run Production,,legacy
210,2026-08-09 05:14:32.965-05,2026-08-09 05:15:33.28-05,G,20,Run,,legacy
210,2026-08-09 05:15:33.28-05,2026-08-09 05:23:35.611-05,B,301,Cambio de Rollo,,legacy
210,2026-08-09 05:23:35.611-05,2026-08-09 05:47:41.511-05,G,20,Run,,legacy
210,2026-08-09 05:47:41.511-05,2026-08-09 05:49:42.032-05,B,82,Dr. Blade Change,,legacy
210,2026-08-09 05:49:42.032-05,2026-08-09 06:06:46.495-05,G,20,Run,,legacy
210,2026-08-09 06:06:46.495-05,2026-08-09 06:16:49.537-05,B,82,Dr. Blade Change,,legacy
210,2026-08-09 06:16:49.537-05,2026-08-09 06:22:51.033-05,G,20,Run,,legacy
210,2026-08-09 06:22:51.033-05,2026-08-09 06:26:52.034-05,B,301,Cambio de Rollo,,legacy
210,2026-08-09 06:26:52.034-05,2026-08-09 06:30:53.104-05,G,20,Run,,legacy
210,2026-08-09 06:30:53.104-05,2026-08-09 06:57:59.98-05,G,150,Run Production,,legacy
210,2026-08-09 06:57:59.98-05,2026-08-09 07:08:02.743-05,G,20,Run,,legacy
210,2026-08-09 07:08:02.743-05,2026-08-09 07:10:03.231-05,B,301,Cambio de Rollo,,legacy
210,2026-08-09 07:10:03.231-05,2026-08-09 07:22:06.356-05,G,20,Run,,legacy
210,2026-08-09 07:22:06.356-05,2026-08-09 07:34:09.361-05,G,150,Run Production,,legacy
210,2026-08-09 07:34:09.361-05,2026-08-09 07:45:11.966-05,G,20,Run,,legacy
210,2026-08-09 07:45:11.966-05,2026-08-09 07:47:12.523-05,B,301,Cambio de Rollo,,legacy
210,2026-08-09 07:47:12.523-05,2026-08-09 07:55:14.753-05,G,150,Run Production,,legacy
210,2026-08-09 07:55:14.753-05,2026-08-09 08:23:22.024-05,G,20,Run,,legacy
210,2026-08-09 08:23:22.024-05,2026-08-09 08:26:22.758-05,B,301,Cambio de Rollo,,legacy
210,2026-08-09 08:26:22.758-05,2026-08-09 08:42:27.01-05,G,20,Run,,legacy
210,2026-08-09 08:42:27.01-05,2026-08-09 08:50:29.265-05,B,145-7,Film Web Break,,legacy
210,2026-08-09 08:50:29.265-05,2026-08-09 08:51:29.58-05,B,29,Electrical: Press Other,,legacy
210,2026-08-09 08:51:29.58-05,2026-08-09 09:01:32.096-05,B,145-7,Film Web Break,,legacy
210,2026-08-09 09:01:32.096-05,2026-08-09 09:10:34.359-05,B,301,Cambio de Rollo,,legacy
210,2026-08-09 09:10:34.359-05,2026-08-09 09:23:37.506-05,G,20,Run,,legacy
210,2026-08-09 09:23:37.506-05,2026-08-09 09:28:38.773-05,B,308,Falla Mechanica,,legacy
210,2026-08-09 09:28:38.773-05,2026-08-09 10:14:49.802-05,G,20,Run,,legacy
210,2026-08-09 10:14:49.802-05,2026-08-09 10:31:53.496-05,G,150,Run Production,,legacy
210,2026-08-09 10:31:53.496-05,2026-08-09 10:38:55.103-05,B,301,Cambio de Rollo,,legacy
210,2026-08-09 10:38:55.103-05,2026-08-09 10:57:59.605-05,G,20,Run,,legacy
210,2026-08-09 10:57:59.605-05,2026-08-09 11:03:02.772-05,B,301,Cambio de Rollo,,legacy
210,2026-08-09 11:03:02.772-05,2026-08-09 11:20:06.827-05,G,20,Run,,legacy
210,2026-08-09 11:20:06.827-05,2026-08-09 11:26:08.238-05,B,301,Cambio de Rollo,,legacy
210,2026-08-09 11:26:08.238-05,2026-08-09 11:45:13.586-05,G,20,Run,,legacy
210,2026-08-09 11:45:13.586-05,2026-08-09 11:54:17.743-05,G,150,Run Production,,legacy
210,2026-08-09 11:54:17.743-05,2026-08-09 11:55:18.055-05,B,301,Cambio de Rollo,,legacy
210,2026-08-09 11:55:18.055-05,2026-08-09 12:22:24.379-05,G,20,Run,,legacy
210,2026-08-09 12:22:24.379-05,2026-08-09 12:25:25.52-05,B,301,Cambio de Rollo,,legacy
210,2026-08-09 12:25:25.52-05,2026-08-09 12:37:30.082-05,G,20,Run,,legacy
210,2026-08-09 12:37:30.082-05,2026-08-09 12:52:35.193-05,G,150,Run Production,,legacy
210,2026-08-09 12:52:35.193-05,2026-08-09 13:01:38.017-05,G,20,Run,,legacy
210,2026-08-09 13:01:38.017-05,2026-08-09 13:07:39.411-05,B,301,Cambio de Rollo,,legacy
210,2026-08-09 13:07:39.411-05,2026-08-09 13:17:42.22-05,G,20,Run,,legacy
210,2026-08-09 13:17:42.22-05,2026-08-09 13:29:45.238-05,G,150,Run Production,,legacy
210,2026-08-09 13:29:45.238-05,2026-08-09 13:30:45.53-05,B,301,Cambio de Rollo,,legacy
210,2026-08-09 13:30:45.53-05,2026-08-09 13:51:50.436-05,G,20,Run,,legacy
210,2026-08-09 13:51:50.436-05,2026-08-09 13:52:50.623-05,B,301,Cambio de Rollo,,legacy
210,2026-08-09 13:52:50.623-05,2026-08-09 14:05:54.087-05,G,20,Run,,legacy
210,2026-08-09 14:05:54.087-05,2026-08-09 14:08:54.807-05,G,150,Run Production,,legacy
210,2026-08-09 14:08:54.807-05,2026-08-09 14:25:58.945-05,G,20,Run,,legacy
210,2026-08-09 14:25:58.945-05,2026-08-09 14:40:02.41-05,G,150,Run Production,,legacy
210,2026-08-09 14:40:02.41-05,2026-08-09 14:52:05.244-05,G,20,Run,,legacy
210,2026-08-09 14:52:05.244-05,2026-08-09 15:03:07.896-05,G,150,Run Production,,legacy
210,2026-08-09 15:03:07.896-05,2026-08-09 15:10:09.529-05,B,99,Plates: Wash,,legacy
210,2026-08-09 15:10:09.529-05,2026-08-09 15:13:10.254-05,G,150,Run Production,,legacy
210,2026-08-09 15:13:10.254-05,2026-08-09 15:32:15.058-05,G,20,Run,,legacy
210,2026-08-09 15:32:15.058-05,2026-08-09 15:51:19.739-05,G,150,Run Production,,legacy
210,2026-08-09 15:51:19.739-05,2026-08-09 16:45:32.847-05,M,48,Make Ready Sleeves,,legacy
210,2026-08-09 16:45:32.847-05,2026-08-09 17:09:38.978-05,B,354,Housekeeping,,legacy
210,2026-08-09 17:09:38.978-05,2026-08-09 17:20:41.852-05,M,47,Make Ready - Time Required to Setup Job,,legacy
210,2026-08-09 17:20:41.852-05,2026-08-09 17:31:45.37-05,B,41-1,Maintenance - Mechanical,,legacy
210,2026-08-09 17:31:45.37-05,2026-08-09 19:11:11.283-05,M,47,Make Ready - Time Required to Setup Job,,legacy
210,2026-08-09 19:11:11.283-05,2026-08-09 19:36:17.259-05,B,145-3,Drum Clean,,legacy
210,2026-08-09 19:36:17.259-05,2026-08-09 20:20:28.382-05,M,47-23,MR Plate Damage in Pre Press,,legacy
210,2026-08-09 20:20:28.382-05,2026-08-09 21:32:45.94-05,G,150,Run Production,,legacy
210,2026-08-09 21:32:45.94-05,2026-08-09 21:40:47.986-05,M,47-8,Make Ready Color Match,,legacy
210,2026-08-09 21:40:47.986-05,2026-08-09 23:04:08.933-05,G,150,Run Production,,legacy
210,2026-08-09 23:04:08.933-05,2026-08-09 23:36:16.284-05,M,48,Make Ready Sleeves,,legacy
210,2026-08-09 23:36:16.284-05,2026-08-10 00:20:26.922-05,M,47,Make Ready - Time Required to Setup Job,,legacy
210,2026-08-10 00:20:26.922-05,2026-08-10 01:03:37.393-05,B,350,Roll Change,,legacy
210,2026-08-10 01:03:37.393-05,2026-08-10 02:21:56.897-05,G,150,Run Production,,legacy
210,2026-08-10 02:21:56.897-05,2026-08-10 02:28:58.608-05,B,450,Non Productive,,legacy
210,2026-08-10 02:28:58.608-05,2026-08-10 02:42:01.47-05,M,47,Make Ready - Time Required to Setup Job,,legacy
210,2026-08-10 02:42:01.47-05,2026-08-10 03:03:06.712-05,B,354,Housekeeping,,legacy
210,2026-08-10 03:03:06.712-05,2026-08-10 03:33:15.512-05,B,64,Mech - Press Other,,legacy
210,2026-08-10 03:33:15.512-05,2026-08-10 05:21:41.987-05,B,354,Housekeeping,,legacy
210,2026-08-10 05:21:41.987-05,,B,450,Non Productive,,legacy
211,2026-07-16 16:19:39.879-05,2026-07-16 17:11:49.217-05,B,139,Rewind Material,,legacy
211,2026-07-16 17:11:49.217-05,2026-07-16 17:44:54.574-05,M,48,Make Ready Sleeves,,legacy
211,2026-07-16 17:44:54.574-05,2026-07-16 17:59:56.684-05,M,47,Make Ready - Time Required to Setup Job,,legacy
211,2026-07-16 17:59:56.684-05,2026-07-16 18:01:57.075-05,S,400,Sort,,legacy
211,2026-07-16 18:01:57.075-05,2026-07-16 21:35:36.957-05,M,47-5,Make Ready Chamber Malfunction,,legacy
211,2026-07-16 21:35:36.957-05,2026-07-17 01:25:12.499-05,M,47,Make Ready - Time Required to Setup Job,,legacy
211,2026-07-17 01:25:12.499-05,2026-07-17 02:04:20.766-05,B,145-98,Quality Hold,,legacy
211,2026-07-17 02:04:20.766-05,2026-07-17 02:09:21.738-05,B,95,Press Problem / Impression,,legacy
211,2026-07-17 02:09:21.738-05,2026-07-17 04:59:46.22-05,M,47,Make Ready - Time Required to Setup Job,,legacy
211,2026-07-17 04:59:46.22-05,2026-07-17 06:08:55.665-05,B,145-99,Other,,legacy
211,2026-07-17 06:08:55.665-05,2026-07-17 06:09:55.804-05,S,400,Sort,,legacy
211,2026-07-17 06:09:55.804-05,2026-07-17 06:56:06.01-05,B,145-99,Other,,legacy
211,2026-07-17 06:56:06.01-05,2026-07-17 07:25:12.655-05,G,150,Run Production,,legacy
211,2026-07-17 07:25:12.655-05,2026-07-17 07:30:13.746-05,B,350,Roll Change,,legacy
211,2026-07-17 07:30:13.746-05,2026-07-17 07:50:17.893-05,B,145-99,Other,,legacy
211,2026-07-17 07:50:17.893-05,2026-07-17 08:08:21.84-05,G,150,Run Production,,legacy
211,2026-07-17 08:08:21.84-05,2026-07-17 08:28:26.316-05,B,145-4,Plate Wash,,legacy
211,2026-07-17 08:28:26.316-05,2026-07-17 08:51:29.75-05,M,80,Anilox: Change,,legacy
211,2026-07-17 08:51:29.75-05,2026-07-17 09:02:31.219-05,G,150,Run Production,,legacy
211,2026-07-17 09:02:31.219-05,2026-07-17 09:48:37.481-05,B,95,Press Problem / Impression,,legacy
211,2026-07-17 09:48:37.481-05,2026-07-17 13:37:13.809-05,G,150,Run Production,,legacy
211,2026-07-17 13:37:13.809-05,2026-07-17 14:05:20.112-05,B,145-98,Quality Hold,,legacy
211,2026-07-17 14:05:20.112-05,2026-07-17 14:16:22.783-05,B,350,Roll Change,,legacy
211,2026-07-17 14:16:22.783-05,2026-07-17 14:46:27.922-05,G,150,Run Production,,legacy
211,2026-07-17 14:46:27.922-05,2026-07-17 15:22:32.777-05,B,64,Mech - Press Other,,legacy
211,2026-07-17 15:22:32.777-05,2026-07-17 15:29:33.723-05,B,29,Electrical: Press Other,,legacy
211,2026-07-17 15:29:33.723-05,2026-07-17 16:46:44.239-05,G,150,Run Production,,legacy
211,2026-07-17 16:46:44.239-05,2026-07-19 09:28:24.886-05,B,450,Non Productive,,legacy
211,2026-07-19 09:28:24.886-05,2026-07-19 09:29:25.245-05,M,47,Make Ready - Time Required to Setup Job,,legacy
211,2026-07-19 09:29:25.245-05,2026-07-19 12:25:48.188-05,G,150,Run Production,,legacy
211,2026-07-19 12:25:48.188-05,2026-07-19 12:26:48.342-05,B,106,Quality Hold (Obsolete),,legacy
211,2026-07-19 12:26:48.342-05,2026-07-19 12:57:52.381-05,B,145-98,Quality Hold,,legacy
211,2026-07-19 12:57:52.381-05,2026-07-19 16:23:30.878-05,G,150,Run Production,,legacy
211,2026-07-19 16:23:30.878-05,2026-07-19 16:50:34.543-05,B,354,Housekeeping,,legacy
211,2026-07-19 16:50:34.543-05,2026-07-19 18:03:44.5-05,G,150,Run Production,,legacy
211,2026-07-19 18:03:44.5-05,2026-07-19 18:09:45.219-05,B,350,Roll Change,,legacy
211,2026-07-19 18:09:45.219-05,2026-07-19 21:22:16.879-05,G,150,Run Production,,legacy
211,2026-07-19 21:22:16.879-05,2026-07-19 21:23:17.066-05,B,145-2,Poor Print,,legacy
211,2026-07-19 21:23:17.066-05,2026-07-19 23:14:35.547-05,G,150,Run Production,,legacy
211,2026-07-19 23:14:35.547-05,2026-07-20 00:07:42.019-05,M,48,Make Ready Sleeves,,legacy
211,2026-07-20 00:07:42.019-05,2026-07-20 00:39:45.916-05,B,64,Mech - Press Other,,legacy
211,2026-07-20 00:39:45.916-05,2026-07-20 01:29:51.793-05,M,48,Make Ready Sleeves,,legacy
211,2026-07-20 01:29:51.793-05,2026-07-20 01:34:52.406-05,M,47,Make Ready - Time Required to Setup Job,,legacy
211,2026-07-20 01:34:52.406-05,2026-07-20 02:03:55.906-05,B,82,Dr. Blade Change,,legacy
211,2026-07-20 02:03:55.906-05,2026-07-20 03:26:12.189-05,M,47,Make Ready - Time Required to Setup Job,,legacy
211,2026-07-20 03:26:12.189-05,2026-07-20 04:24:24.522-05,M,47-3,Make Ready Ghosting,,legacy
211,2026-07-20 04:24:24.522-05,2026-07-20 04:40:27.549-05,B,88,Pump Problem,,legacy
211,2026-07-20 04:40:27.549-05,2026-07-20 04:51:29.142-05,M,47,Make Ready - Time Required to Setup Job,,legacy
211,2026-07-20 04:51:29.142-05,2026-07-20 05:58:37.517-05,B,88,Pump Problem,,legacy
211,2026-07-20 05:58:37.517-05,2026-07-20 06:01:37.855-05,S,400,Sort,,legacy
211,2026-07-20 06:01:37.855-05,2026-07-20 06:05:38.343-05,B,350,Roll Change,,legacy
211,2026-07-20 06:05:38.343-05,2026-07-20 06:32:41.76-05,M,47,Make Ready - Time Required to Setup Job,,legacy
211,2026-07-20 06:32:41.76-05,2026-07-20 06:57:44.999-05,G,150,Run Production,,legacy
211,2026-07-20 06:57:44.999-05,2026-07-20 07:15:47.324-05,B,450,Non Productive,,legacy
211,2026-07-20 07:15:47.324-05,2026-07-20 07:29:49.15-05,M,47,Make Ready - Time Required to Setup Job,,legacy
211,2026-07-20 07:29:49.15-05,2026-07-20 07:33:49.618-05,G,150,Run Production,,legacy
211,2026-07-20 07:33:49.618-05,2026-07-20 07:34:49.736-05,B,450,Non Productive,,legacy
211,2026-07-20 07:34:49.736-05,2026-07-20 07:35:49.791-05,M,47,Make Ready - Time Required to Setup Job,,legacy
211,2026-07-20 07:35:49.791-05,2026-07-20 07:36:49.943-05,B,450,Non Productive,,legacy
211,2026-07-20 07:36:49.943-05,2026-07-20 07:37:50.056-05,M,47,Make Ready - Time Required to Setup Job,,legacy
211,2026-07-20 07:37:50.056-05,2026-07-20 07:40:50.41-05,G,150,Run Production,,legacy
211,2026-07-20 07:40:50.41-05,2026-07-20 07:41:50.541-05,M,47,Make Ready - Time Required to Setup Job,,legacy
211,2026-07-20 07:41:50.541-05,2026-07-20 07:44:50.941-05,G,150,Run Production,,legacy
211,2026-07-20 07:44:50.941-05,2026-07-20 07:56:52.417-05,M,47,Make Ready - Time Required to Setup Job,,legacy
211,2026-07-20 07:56:52.417-05,2026-07-20 08:55:01.075-05,G,150,Run Production,,legacy
211,2026-07-20 08:55:01.075-05,2026-07-20 09:21:07.004-05,B,350,Roll Change,,legacy
211,2026-07-20 09:21:07.004-05,2026-07-20 10:47:25.321-05,G,150,Run Production,,legacy
211,2026-07-20 10:47:25.321-05,2026-07-20 10:49:25.748-05,B,450,Non Productive,,legacy
211,2026-07-20 10:49:25.748-05,2026-07-20 10:52:26.438-05,G,150,Run Production,,legacy
211,2026-07-20 10:52:26.438-05,2026-07-20 10:54:26.895-05,B,450,Non Productive,,legacy
211,2026-07-20 10:54:26.895-05,2026-07-20 12:24:38.681-05,M,48,Make Ready Sleeves,,legacy
211,2026-07-20 12:24:38.681-05,2026-07-20 13:09:44.418-05,M,47,Make Ready - Time Required to Setup Job,,legacy
211,2026-07-20 13:09:44.418-05,2026-07-20 13:12:44.716-05,B,450,Non Productive,,legacy
211,2026-07-20 13:12:44.716-05,2026-07-20 13:21:45.88-05,M,48,Make Ready Sleeves,,legacy
211,2026-07-20 13:21:45.88-05,2026-07-20 13:39:48.305-05,M,47,Make Ready - Time Required to Setup Job,,legacy
211,2026-07-20 13:39:48.305-05,2026-07-20 13:40:48.35-05,M,48,Make Ready Sleeves,,legacy
211,2026-07-20 13:40:48.35-05,2026-07-20 13:42:48.624-05,M,47,Make Ready - Time Required to Setup Job,,legacy
211,2026-07-20 13:42:48.624-05,2026-07-20 14:37:55.605-05,G,150,Run Production,,legacy
211,2026-07-20 14:37:55.605-05,2026-07-20 14:38:55.725-05,M,47,Make Ready - Time Required to Setup Job,,legacy
211,2026-07-20 14:38:55.725-05,2026-07-20 14:40:55.902-05,G,150,Run Production,,legacy
211,2026-07-20 14:40:55.902-05,2026-07-20 14:48:56.84-05,B,145-4,Plate Wash,,legacy
211,2026-07-20 14:48:56.84-05,2026-07-20 16:19:16.444-05,G,150,Run Production,,legacy
211,2026-07-20 16:19:16.444-05,2026-07-20 16:33:19.562-05,B,354,Housekeeping,,legacy
211,2026-07-20 16:33:19.562-05,2026-07-20 17:14:28.028-05,G,150,Run Production,,legacy
211,2026-07-20 17:14:28.028-05,2026-07-20 17:41:31.455-05,M,48,Make Ready Sleeves,,legacy
211,2026-07-20 17:41:31.455-05,2026-07-20 18:28:37.559-05,M,47,Make Ready - Time Required to Setup Job,,legacy
211,2026-07-20 18:28:37.559-05,2026-07-20 18:46:39.814-05,B,64,Mech - Press Other,,legacy
211,2026-07-20 18:46:39.814-05,2026-07-20 19:15:43.529-05,M,47,Make Ready - Time Required to Setup Job,,legacy
211,2026-07-20 19:15:43.529-05,2026-07-20 19:30:45.386-05,M,80,Anilox: Change,,legacy
211,2026-07-20 19:30:45.386-05,2026-07-20 20:09:50.466-05,M,47,Make Ready - Time Required to Setup Job,,legacy
211,2026-07-20 20:09:50.466-05,2026-07-21 02:46:53.931-05,G,150,Run Production,,legacy
211,2026-07-21 02:46:53.931-05,2026-07-21 02:47:54.101-05,B,450,Non Productive,,legacy
211,2026-07-21 02:47:54.101-05,2026-07-21 03:24:59.974-05,M,48,Make Ready Sleeves,,legacy
211,2026-07-21 03:24:59.974-05,2026-07-21 04:01:07.804-05,M,47,Make Ready - Time Required to Setup Job,,legacy
211,2026-07-21 04:01:07.804-05,2026-07-21 04:23:12.481-05,M,80,Anilox: Change,,legacy
211,2026-07-21 04:23:12.481-05,2026-07-21 04:32:14.623-05,M,47,Make Ready - Time Required to Setup Job,,legacy
211,2026-07-21 04:32:14.623-05,2026-07-21 04:54:19.624-05,B,354,Housekeeping,,legacy
211,2026-07-21 04:54:19.624-05,2026-07-21 05:11:23.408-05,M,47,Make Ready - Time Required to Setup Job,,legacy
211,2026-07-21 05:11:23.408-05,2026-07-21 05:16:24.426-05,G,150,Run Production,,legacy
211,2026-07-21 05:16:24.426-05,2026-07-21 05:38:28.568-05,M,47-5,Make Ready Chamber Malfunction,,legacy
211,2026-07-21 05:38:28.568-05,2026-07-21 06:00:31.45-05,M,47-20,Make Ready Out of Register,,legacy
211,2026-07-21 06:00:31.45-05,2026-07-21 06:01:31.645-05,S,400,Sort,,legacy
211,2026-07-21 06:01:31.645-05,2026-07-21 06:12:33.484-05,M,47-20,Make Ready Out of Register,,legacy
211,2026-07-21 06:12:33.484-05,2026-07-21 06:33:36.446-05,M,47,Make Ready - Time Required to Setup Job,,legacy
211,2026-07-21 06:33:36.446-05,2026-07-21 06:49:38.727-05,B,83,Drum: Clean,,legacy
211,2026-07-21 06:49:38.727-05,2026-07-21 06:57:39.676-05,M,47,Make Ready - Time Required to Setup Job,,legacy
211,2026-07-21 06:57:39.676-05,2026-07-21 07:04:40.847-05,G,150,Run Production,,legacy
211,2026-07-21 07:04:40.847-05,2026-07-21 07:21:43.477-05,B,95,Press Problem / Impression,,legacy
211,2026-07-21 07:21:43.477-05,2026-07-21 07:34:45.088-05,G,150,Run Production,,legacy
211,2026-07-21 07:34:45.088-05,2026-07-21 07:45:46.397-05,B,350,Roll Change,,legacy
211,2026-07-21 07:45:46.397-05,2026-07-21 08:41:05.644-05,G,150,Run Production,,legacy
211,2026-07-21 08:41:05.644-05,2026-07-21 08:54:08.796-05,B,112,Substrate - Baggy Film,,legacy
211,2026-07-21 08:54:08.796-05,2026-07-21 08:59:10.055-05,G,150,Run Production,,legacy
211,2026-07-21 08:59:10.055-05,2026-07-21 09:05:11.344-05,B,95,Press Problem / Impression,,legacy
211,2026-07-21 09:05:11.344-05,2026-07-21 09:49:21.771-05,G,150,Run Production,,legacy
211,2026-07-21 09:49:21.771-05,2026-07-21 09:51:22.159-05,B,350,Roll Change,,legacy
211,2026-07-21 09:51:22.159-05,2026-07-21 09:52:22.393-05,G,150,Run Production,,legacy
211,2026-07-21 09:52:22.393-05,2026-07-21 09:56:23.522-05,B,350,Roll Change,,legacy
211,2026-07-21 09:56:23.522-05,2026-07-21 10:06:25.668-05,G,150,Run Production,,legacy
211,2026-07-21 10:06:25.668-05,2026-07-21 10:14:27.784-05,B,145-99,Other,,legacy
211,2026-07-21 10:14:27.784-05,2026-07-21 10:33:30.457-05,G,150,Run Production,,legacy
211,2026-07-21 10:33:30.457-05,2026-07-21 10:38:31.015-05,B,112,Substrate - Baggy Film,,legacy
211,2026-07-21 10:38:31.015-05,2026-07-21 10:53:32.983-05,G,150,Run Production,,legacy
211,2026-07-21 10:53:32.983-05,2026-07-21 10:54:33.217-05,B,350,Roll Change,,legacy
211,2026-07-21 10:54:33.217-05,2026-07-21 10:55:33.293-05,G,150,Run Production,,legacy
211,2026-07-21 10:55:33.293-05,2026-07-21 11:09:35.438-05,B,350,Roll Change,,legacy
211,2026-07-21 11:09:35.438-05,2026-07-21 11:17:36.569-05,G,150,Run Production,,legacy
211,2026-07-21 11:17:36.569-05,2026-07-21 11:33:38.68-05,B,350,Roll Change,,legacy
211,2026-07-21 11:33:38.68-05,2026-07-21 12:02:42.745-05,G,150,Run Production,,legacy
211,2026-07-21 12:02:42.745-05,2026-07-21 12:04:43.091-05,B,450,Non Productive,,legacy
211,2026-07-21 12:04:43.091-05,2026-07-21 12:12:44.215-05,M,48,Make Ready Sleeves,,legacy
211,2026-07-21 12:12:44.215-05,2026-07-21 13:20:53.763-05,M,47,Make Ready - Time Required to Setup Job,,legacy
211,2026-07-21 13:20:53.763-05,2026-07-21 13:57:59.504-05,M,47-4,Make Ready Bouncing,,legacy
211,2026-07-21 13:57:59.504-05,2026-07-21 14:20:04.791-05,M,47,Make Ready - Time Required to Setup Job,,legacy
211,2026-07-21 14:20:04.791-05,2026-07-21 15:08:14.945-05,M,47-19,Make Ready Sleeve Low Spot,,legacy
211,2026-07-21 15:08:14.945-05,2026-07-21 15:29:19.438-05,M,47,Make Ready - Time Required to Setup Job,,legacy
211,2026-07-21 15:29:19.438-05,2026-07-21 15:46:22.974-05,G,150,Run Production,,legacy
211,2026-07-21 15:46:22.974-05,2026-07-21 15:53:24.366-05,B,95,Press Problem / Impression,,legacy
211,2026-07-21 15:53:24.366-05,2026-07-21 16:04:26.845-05,G,150,Run Production,,legacy
211,2026-07-21 16:04:26.845-05,2026-07-21 16:29:30.909-05,B,354,Housekeeping,,legacy
211,2026-07-21 16:29:30.909-05,2026-07-21 17:28:39.005-05,G,150,Run Production,,legacy
211,2026-07-21 17:28:39.005-05,2026-07-21 17:29:39.272-05,B,450,Non Productive,,legacy
211,2026-07-21 17:29:39.272-05,2026-07-21 17:42:40.805-05,M,48,Make Ready Sleeves,,legacy
211,2026-07-21 17:42:40.805-05,2026-07-21 18:01:43.029-05,M,47,Make Ready - Time Required to Setup Job,,legacy
211,2026-07-21 18:01:43.029-05,2026-07-21 19:05:52.144-05,M,47-99,Make Ready Other,,legacy
211,2026-07-21 19:05:52.144-05,2026-07-21 19:16:53.47-05,B,88,Pump Problem,,legacy
211,2026-07-21 19:16:53.47-05,2026-07-21 19:17:53.593-05,B,29,Electrical: Press Other,,legacy
211,2026-07-21 19:17:53.593-05,2026-07-21 20:13:02.238-05,M,47,Make Ready - Time Required to Setup Job,,legacy
211,2026-07-21 20:13:02.238-05,2026-07-21 20:15:02.662-05,M,47-22,MR Plate Damage in Press,,legacy
211,2026-07-21 20:15:02.662-05,2026-07-21 20:16:02.892-05,B,450,Non Productive,,legacy
211,2026-07-21 20:16:02.892-05,2026-07-21 21:14:14.992-05,M,48,Make Ready Sleeves,,legacy
211,2026-07-21 21:14:14.992-05,2026-07-21 21:59:24.937-05,M,47,Make Ready - Time Required to Setup Job,,legacy
211,2026-07-21 21:59:24.937-05,2026-07-21 22:39:32.365-05,M,47-20,Make Ready Out of Register,,legacy
211,2026-07-21 22:39:32.365-05,2026-07-21 22:59:35.122-05,M,47,Make Ready - Time Required to Setup Job,,legacy
211,2026-07-21 22:59:35.122-05,2026-07-22 01:42:57.251-05,G,150,Run Production,,legacy
211,2026-07-22 01:42:57.251-05,2026-07-22 02:17:05.227-05,B,145-98,Quality Hold,,legacy
211,2026-07-22 02:17:05.227-05,2026-07-22 04:24:31.904-05,G,150,Run Production,,legacy
211,2026-07-22 04:24:31.904-05,2026-07-22 04:37:33.53-05,B,354,Housekeeping,,legacy
211,2026-07-22 04:37:33.53-05,2026-07-22 06:00:45.945-05,G,150,Run Production,,legacy
211,2026-07-22 06:00:45.945-05,2026-07-22 06:01:46.091-05,S,400,Sort,,legacy
211,2026-07-22 06:01:46.091-05,2026-07-22 06:15:48.45-05,G,150,Run Production,,legacy
211,2026-07-22 06:15:48.45-05,2026-07-22 06:29:50.587-05,M,48,Make Ready Sleeves,,legacy
211,2026-07-22 06:29:50.587-05,2026-07-22 07:37:03.239-05,B,82,Dr. Blade Change,,legacy
211,2026-07-22 07:37:03.239-05,2026-07-22 09:06:25.933-05,M,47,Make Ready - Time Required to Setup Job,,legacy
211,2026-07-22 09:06:25.933-05,2026-07-22 09:46:33.223-05,M,47-20,Make Ready Out of Register,,legacy
211,2026-07-22 09:46:33.223-05,2026-07-22 09:48:33.649-05,M,47,Make Ready - Time Required to Setup Job,,legacy
211,2026-07-22 09:48:33.649-05,2026-07-22 10:12:37.917-05,M,80,Anilox: Change,,legacy
211,2026-07-22 10:12:37.917-05,2026-07-22 11:18:49.696-05,M,47,Make Ready - Time Required to Setup Job,,legacy
211,2026-07-22 11:18:49.696-05,2026-07-22 12:01:56.993-05,M,47-20,Make Ready Out of Register,,legacy
211,2026-07-22 12:01:56.993-05,2026-07-22 12:25:01.988-05,M,47-99,Make Ready Other,,legacy
211,2026-07-22 12:25:01.988-05,2026-07-22 13:00:11.325-05,M,47,Make Ready - Time Required to Setup Job,,legacy
211,2026-07-22 13:00:11.325-05,2026-07-22 13:24:17.406-05,G,150,Run Production,,legacy
211,2026-07-22 13:24:17.406-05,2026-07-22 14:09:28.931-05,B,450,Non Productive,,legacy
211,2026-07-22 14:09:28.931-05,2026-07-22 14:10:29.001-05,M,47,Make Ready - Time Required to Setup Job,,legacy
211,2026-07-22 14:10:29.001-05,2026-07-22 14:29:32.02-05,B,145-4,Plate Wash,,legacy
211,2026-07-22 14:29:32.02-05,2026-07-22 15:47:43.503-05,G,150,Run Production,,legacy
211,2026-07-22 15:47:43.503-05,2026-07-22 16:03:45.783-05,B,145-4,Plate Wash,,legacy
211,2026-07-22 16:03:45.783-05,2026-07-22 16:20:48.761-05,B,354,Housekeeping,,legacy
211,2026-07-22 16:20:48.761-05,2026-07-22 17:19:57.613-05,G,150,Run Production,,legacy
211,2026-07-22 17:19:57.613-05,2026-07-22 17:43:02.627-05,B,145-4,Plate Wash,,legacy
211,2026-07-22 17:43:02.627-05,2026-07-22 20:16:35.467-05,G,150,Run Production,,legacy
211,2026-07-22 20:16:35.467-05,2026-07-22 20:40:39.026-05,B,145-99,Other,,legacy
211,2026-07-22 20:40:39.026-05,2026-07-22 21:38:47.407-05,G,150,Run Production,,legacy
211,2026-07-22 21:38:47.407-05,2026-07-22 21:47:48.686-05,B,145-99,Other,,legacy
211,2026-07-22 21:47:48.686-05,2026-07-23 00:48:24.338-05,G,150,Run Production,,legacy
211,2026-07-23 00:48:24.338-05,2026-07-23 01:26:30.982-05,B,125,Substrate - Other,,legacy
211,2026-07-23 01:26:30.982-05,2026-07-23 01:47:34.004-05,G,150,Run Production,,legacy
211,2026-07-23 01:47:34.004-05,2026-07-23 01:53:34.88-05,B,145-4,Plate Wash,,legacy
211,2026-07-23 01:53:34.88-05,2026-07-24 16:09:54.55-05,G,150,Run Production,,legacy
211,2026-07-24 16:09:54.55-05,2026-07-24 16:34:59.962-05,B,354,Housekeeping,,legacy
211,2026-07-24 16:34:59.962-05,2026-07-24 16:51:03.356-05,G,150,Run Production,,legacy
211,2026-07-24 16:51:03.356-05,2026-07-24 17:12:08.119-05,B,83,Drum: Clean,,legacy
211,2026-07-24 17:12:08.119-05,2026-07-24 17:41:14.409-05,B,126,Substrate - Web Break,,legacy
211,2026-07-24 17:41:14.409-05,2026-07-24 18:12:21.164-05,G,150,Run Production,,legacy
211,2026-07-24 18:12:21.164-05,2026-07-24 18:17:22.171-05,B,350,Roll Change,,legacy
211,2026-07-24 18:17:22.171-05,2026-07-24 19:18:36.776-05,G,150,Run Production,,legacy
211,2026-07-24 19:18:36.776-05,2026-07-24 19:27:38.793-05,B,87,Ink: Off Color,,legacy
211,2026-07-24 19:27:38.793-05,2026-07-25 00:41:50.903-05,G,150,Run Production,,legacy
211,2026-07-25 00:41:50.903-05,2026-07-25 00:56:54.06-05,B,145-4,Plate Wash,,legacy
211,2026-07-25 00:56:54.06-05,2026-07-25 02:50:19.028-05,G,150,Run Production,,legacy
211,2026-07-25 02:50:19.028-05,2026-07-25 02:55:20.103-05,B,41-1,Maintenance - Mechanical,,legacy
211,2026-07-25 02:55:20.103-05,2026-07-25 03:10:23.382-05,G,150,Run Production,,legacy
211,2026-07-25 03:10:23.382-05,2026-07-25 03:35:28.97-05,B,145-6,Ink Spill,,legacy
211,2026-07-25 03:35:28.97-05,2026-07-25 04:16:38.175-05,G,150,Run Production,,legacy
211,2026-07-25 04:16:38.175-05,2026-07-25 04:46:44.771-05,B,354,Housekeeping,,legacy
211,2026-07-25 04:46:44.771-05,2026-07-25 05:17:51.763-05,B,126,Substrate - Web Break,,legacy
211,2026-07-25 05:17:51.763-05,2026-07-25 05:31:54.877-05,B,41-1,Maintenance - Mechanical,,legacy
211,2026-07-25 05:31:54.877-05,2026-07-25 05:32:55.133-05,G,150,Run Production,,legacy
211,2026-07-25 05:32:55.133-05,2026-07-25 05:49:59.214-05,B,126,Substrate - Web Break,,legacy
211,2026-07-25 05:49:59.214-05,2026-07-25 05:50:59.421-05,B,29,Electrical: Press Other,,legacy
211,2026-07-25 05:50:59.421-05,2026-07-25 05:52:59.812-05,B,126,Substrate - Web Break,,legacy
211,2026-07-25 05:52:59.812-05,2026-07-25 06:41:11.232-05,G,150,Run Production,,legacy
211,2026-07-25 06:41:11.232-05,2026-07-25 06:42:11.451-05,S,400,Sort,,legacy
211,2026-07-25 06:42:11.451-05,2026-07-25 07:22:20.507-05,G,150,Run Production,,legacy
211,2026-07-25 07:22:20.507-05,2026-07-25 07:43:25.454-05,B,145-3,Drum Clean,,legacy
211,2026-07-25 07:43:25.454-05,2026-07-25 08:06:31.637-05,B,145-99,Other,,legacy
211,2026-07-25 08:06:31.637-05,2026-07-25 10:57:09.755-05,G,150,Run Production,,legacy
211,2026-07-25 10:57:09.755-05,2026-07-25 11:10:12.724-05,B,145-4,Plate Wash,,legacy
211,2026-07-25 11:10:12.724-05,2026-07-25 13:06:38.546-05,G,150,Run Production,,legacy
211,2026-07-25 13:06:38.546-05,2026-07-25 13:29:43.777-05,B,41-5,Maintenance - CI Section,,legacy
211,2026-07-25 13:29:43.777-05,2026-07-25 14:10:52.878-05,B,29,Electrical: Press Other,,legacy
211,2026-07-25 14:10:52.878-05,2026-07-25 14:26:56.786-05,B,350,Roll Change,,legacy
211,2026-07-25 14:26:56.786-05,2026-07-25 16:31:24.746-05,G,150,Run Production,,legacy
211,2026-07-25 16:31:24.746-05,2026-07-25 16:33:25.154-05,B,450,Non Productive,,legacy
211,2026-07-25 16:33:25.154-05,2026-07-25 17:02:32.278-05,M,48,Make Ready Sleeves,,legacy
211,2026-07-25 17:02:32.278-05,2026-07-25 17:18:38.661-05,M,47,Make Ready - Time Required to Setup Job,,legacy
211,2026-07-25 17:18:38.661-05,2026-07-25 17:40:43.606-05,B,83,Drum: Clean,,legacy
211,2026-07-25 17:40:43.606-05,2026-07-25 18:28:54.701-05,B,145-7,Film Web Break,,legacy
211,2026-07-25 18:28:54.701-05,2026-07-25 18:31:55.303-05,B,145-8,Dr. Blade Change,,legacy
211,2026-07-25 18:31:55.303-05,2026-07-25 18:54:00.43-05,M,47,Make Ready - Time Required to Setup Job,,legacy
211,2026-07-25 18:54:00.43-05,2026-07-25 19:16:05.531-05,M,47-13,Make Ready Film Over Size,,legacy
211,2026-07-25 19:16:05.531-05,2026-07-25 19:58:14.978-05,M,47,Make Ready - Time Required to Setup Job,,legacy
211,2026-07-25 19:58:14.978-05,2026-07-25 20:22:20.042-05,M,47-99,Make Ready Other,,legacy
211,2026-07-25 20:22:20.042-05,2026-07-25 20:23:20.265-05,M,47,Make Ready - Time Required to Setup Job,,legacy
211,2026-07-25 20:23:20.265-05,2026-07-25 23:19:00.686-05,G,150,Run Production,,legacy
211,2026-07-25 23:19:00.686-05,2026-07-25 23:55:08.872-05,B,145-8,Dr. Blade Change,,legacy
211,2026-07-25 23:55:08.872-05,2026-07-26 00:02:10.305-05,B,354,Housekeeping,,legacy
211,2026-07-26 00:02:10.305-05,2026-07-26 04:04:04.363-05,G,150,Run Production,,legacy
211,2026-07-26 04:04:04.363-05,2026-07-26 04:20:08.042-05,B,354,Housekeeping,,legacy
211,2026-07-26 04:20:08.042-05,2026-07-26 08:04:59.027-05,G,150,Run Production,,legacy
211,2026-07-26 08:04:59.027-05,2026-07-26 08:23:02.874-05,B,145-4,Plate Wash,,legacy
211,2026-07-26 08:23:02.874-05,2026-07-26 08:26:03.474-05,G,150,Run Production,,legacy
211,2026-07-26 08:26:03.474-05,2026-07-26 08:47:08.144-05,B,82,Dr. Blade Change,,legacy
211,2026-07-26 08:47:08.144-05,2026-07-26 09:00:10.927-05,B,145-99,Other,,legacy
211,2026-07-26 09:00:10.927-05,2026-07-26 10:28:29.666-05,G,150,Run Production,,legacy
211,2026-07-26 10:28:29.666-05,2026-07-26 10:35:31.308-05,B,145-4,Plate Wash,,legacy
211,2026-07-26 10:35:31.308-05,2026-07-26 14:27:23.479-05,G,150,Run Production,,legacy
211,2026-07-26 14:27:23.479-05,2026-07-26 14:28:23.708-05,B,145-1,Film Core Waste,,legacy
211,2026-07-26 14:28:23.708-05,2026-07-26 16:35:52.355-05,M,47-21,MR - Wait for Plates/Mounting,,legacy
211,2026-07-26 16:35:52.355-05,2026-07-26 16:55:57.336-05,M,48,Make Ready Sleeves,,legacy
211,2026-07-26 16:55:57.336-05,2026-07-26 17:07:00.016-05,M,47,Make Ready - Time Required to Setup Job,,legacy
211,2026-07-26 17:07:00.016-05,2026-07-26 17:30:04.909-05,B,83,Drum: Clean,,legacy
211,2026-07-26 17:30:04.909-05,2026-07-26 18:53:24.287-05,M,47,Make Ready - Time Required to Setup Job,,legacy
211,2026-07-26 18:53:24.287-05,2026-07-26 19:00:25.886-05,M,80,Anilox: Change,,legacy
211,2026-07-26 19:00:25.886-05,2026-07-26 19:25:31.499-05,B,145-8,Dr. Blade Change,,legacy
211,2026-07-26 19:25:31.499-05,2026-07-26 19:53:37.583-05,M,47,Make Ready - Time Required to Setup Job,,legacy
211,2026-07-26 19:53:37.583-05,2026-07-26 20:23:44.537-05,M,80,Anilox: Change,,legacy
211,2026-07-26 20:23:44.537-05,2026-07-26 20:48:51.145-05,M,47,Make Ready - Time Required to Setup Job,,legacy
211,2026-07-26 20:48:51.145-05,2026-07-26 20:53:52.212-05,M,47-4,Make Ready Bouncing,,legacy
211,2026-07-26 20:53:52.212-05,2026-07-26 21:26:59.362-05,M,47-99,Make Ready Other,,legacy
211,2026-07-26 21:26:59.362-05,2026-07-26 21:39:02.163-05,M,47,Make Ready - Time Required to Setup Job,,legacy
211,2026-07-26 21:39:02.163-05,2026-07-26 21:46:03.866-05,G,150,Run Production,,legacy
211,2026-07-26 21:46:03.866-05,2026-07-26 22:06:08.137-05,B,95,Press Problem / Impression,,legacy
211,2026-07-26 22:06:08.137-05,2026-07-26 22:34:14.597-05,G,150,Run Production,,legacy
211,2026-07-26 22:34:14.597-05,2026-07-26 22:51:18.235-05,M,80,Anilox: Change,,legacy
211,2026-07-26 22:51:18.235-05,2026-07-26 23:00:20.263-05,B,83,Drum: Clean,,legacy
211,2026-07-26 23:00:20.263-05,2026-07-26 23:46:31.251-05,G,150,Run Production,,legacy
211,2026-07-26 23:46:31.251-05,2026-07-26 23:56:33.46-05,B,145-4,Plate Wash,,legacy
211,2026-07-26 23:56:33.46-05,2026-07-27 04:05:30.2-05,G,150,Run Production,,legacy
211,2026-07-27 04:05:30.2-05,2026-07-27 04:24:34.559-05,B,354,Housekeeping,,legacy
211,2026-07-27 04:24:34.559-05,2026-07-27 06:15:59.755-05,G,150,Run Production,,legacy
211,2026-07-27 06:15:59.755-05,2026-07-27 06:45:06.597-05,B,82,Dr. Blade Change,,legacy
211,2026-07-27 06:45:06.597-05,2026-07-27 07:20:14.481-05,G,150,Run Production,,legacy
211,2026-07-27 07:20:14.481-05,2026-07-27 08:06:24.602-05,B,95,Press Problem / Impression,,legacy
211,2026-07-27 08:06:24.602-05,2026-07-27 08:23:28.294-05,G,150,Run Production,,legacy
211,2026-07-27 08:23:28.294-05,2026-07-27 08:32:30.425-05,B,95,Press Problem / Impression,,legacy
211,2026-07-27 08:32:30.425-05,2026-07-27 10:04:51.566-05,G,150,Run Production,,legacy
211,2026-07-27 10:04:51.566-05,2026-07-27 10:48:01.25-05,B,145-99,Other,,legacy
211,2026-07-27 10:48:01.25-05,2026-07-27 11:37:12.928-05,G,150,Run Production,,legacy
211,2026-07-27 11:37:12.928-05,2026-07-27 11:45:14.6-05,B,145-4,Plate Wash,,legacy
211,2026-07-27 11:45:14.6-05,2026-07-27 12:35:26.112-05,G,150,Run Production,,legacy
211,2026-07-27 12:35:26.112-05,2026-07-27 13:06:33.477-05,B,82,Dr. Blade Change,,legacy
211,2026-07-27 13:06:33.477-05,2026-07-27 13:53:43.968-05,G,150,Run Production,,legacy
211,2026-07-27 13:53:43.968-05,2026-07-27 14:10:47.846-05,B,145-4,Plate Wash,,legacy
211,2026-07-27 14:10:47.846-05,2026-07-27 16:14:16.649-05,G,150,Run Production,,legacy
211,2026-07-27 16:14:16.649-05,2026-07-27 16:44:23.582-05,B,354,Housekeeping,,legacy
211,2026-07-27 16:44:23.582-05,2026-07-27 20:47:17.427-05,G,150,Run Production,,legacy
211,2026-07-27 20:47:17.427-05,2026-07-27 21:17:24.501-05,B,125,Substrate - Other,,legacy
211,2026-07-27 21:17:24.501-05,2026-07-27 23:34:56.308-05,G,150,Run Production,,legacy
211,2026-07-27 23:34:56.308-05,2026-07-28 00:01:01.873-05,B,82,Dr. Blade Change,,legacy
211,2026-07-28 00:01:01.873-05,2026-07-28 00:09:03.782-05,B,145-4,Plate Wash,,legacy
211,2026-07-28 00:09:03.782-05,2026-07-28 02:02:28.661-05,G,150,Run Production,,legacy
211,2026-07-28 02:02:28.661-05,2026-07-28 02:08:29.956-05,B,125,Substrate - Other,,legacy
211,2026-07-28 02:08:29.956-05,2026-07-28 03:55:54.078-05,G,150,Run Production,,legacy
211,2026-07-28 03:55:54.078-05,2026-07-28 03:57:54.552-05,B,450,Non Productive,,legacy
211,2026-07-28 03:57:54.552-05,2026-07-28 04:10:57.508-05,M,48,Make Ready Sleeves,,legacy
211,2026-07-28 04:10:57.508-05,2026-07-28 04:36:03.632-05,B,354,Housekeeping,,legacy
211,2026-07-28 04:36:03.632-05,2026-07-28 04:55:07.752-05,B,83,Drum: Clean,,legacy
211,2026-07-28 04:55:07.752-05,2026-07-28 05:21:13.4-05,M,47-5,Make Ready Chamber Malfunction,,legacy
211,2026-07-28 05:21:13.4-05,2026-07-28 05:22:13.644-05,M,47-19,Make Ready Sleeve Low Spot,,legacy
211,2026-07-28 05:22:13.644-05,2026-07-28 06:04:22.843-05,M,48,Make Ready Sleeves,,legacy
211,2026-07-28 06:04:22.843-05,2026-07-28 06:05:23.015-05,S,400,Sort,,legacy
211,2026-07-28 06:05:23.015-05,2026-07-28 06:36:30.548-05,M,48,Make Ready Sleeves,,legacy
211,2026-07-28 06:36:30.548-05,2026-07-28 06:42:31.883-05,B,29,Electrical: Press Other,,legacy
211,2026-07-28 06:42:31.883-05,2026-07-28 06:56:35.122-05,B,64,Mech - Press Other,,legacy
211,2026-07-28 06:56:35.122-05,2026-07-28 07:03:36.66-05,M,47,Make Ready - Time Required to Setup Job,,legacy
211,2026-07-28 07:03:36.66-05,2026-07-28 07:21:41.278-05,M,48,Make Ready Sleeves,,legacy
211,2026-07-28 07:21:41.278-05,2026-07-28 09:07:04.441-05,M,47,Make Ready - Time Required to Setup Job,,legacy
211,2026-07-28 09:07:04.441-05,2026-07-28 11:16:32.94-05,G,150,Run Production,,legacy
211,2026-07-28 11:16:32.94-05,2026-07-28 11:39:38.469-05,B,145-4,Plate Wash,,legacy
211,2026-07-28 11:39:38.469-05,2026-07-28 14:48:20.334-05,G,150,Run Production,,legacy
211,2026-07-28 14:48:20.334-05,2026-07-28 15:18:27.236-05,B,145-4,Plate Wash,,legacy
211,2026-07-28 15:18:27.236-05,2026-07-28 16:25:43.643-05,G,150,Run Production,,legacy
211,2026-07-28 16:25:43.643-05,2026-07-28 16:57:50.617-05,B,354,Housekeeping,,legacy
211,2026-07-28 16:57:50.617-05,2026-07-28 17:31:58.018-05,G,150,Run Production,,legacy
211,2026-07-28 17:31:58.018-05,2026-07-28 17:40:59.927-05,B,450,Non Productive,,legacy
211,2026-07-28 17:40:59.927-05,2026-07-28 17:51:02.428-05,M,47,Make Ready - Time Required to Setup Job,,legacy
211,2026-07-28 17:51:02.428-05,2026-07-28 18:06:06.054-05,M,48,Make Ready Sleeves,,legacy
211,2026-07-28 18:06:06.054-05,2026-07-28 18:48:15.618-05,M,47-99,Make Ready Other,,legacy
211,2026-07-28 18:48:15.618-05,2026-07-28 19:39:26.768-05,M,47,Make Ready - Time Required to Setup Job,,legacy
211,2026-07-28 19:39:26.768-05,2026-07-28 19:53:30.091-05,M,47-99,Make Ready Other,,legacy
211,2026-07-28 19:53:30.091-05,2026-07-28 20:22:36.625-05,M,47,Make Ready - Time Required to Setup Job,,legacy
211,2026-07-28 20:22:36.625-05,2026-07-28 20:38:40.703-05,M,80,Anilox: Change,,legacy
211,2026-07-28 20:38:40.703-05,2026-07-28 21:13:48.596-05,M,47,Make Ready - Time Required to Setup Job,,legacy
211,2026-07-28 21:13:48.596-05,2026-07-28 22:52:11.311-05,G,150,Run Production,,legacy
211,2026-07-28 22:52:11.311-05,2026-07-28 22:53:11.523-05,B,450,Non Productive,,legacy
211,2026-07-28 22:53:11.523-05,2026-07-29 00:17:30.343-05,M,48,Make Ready Sleeves,,legacy
211,2026-07-29 00:17:30.343-05,2026-07-29 00:59:40.144-05,M,47,Make Ready - Time Required to Setup Job,,legacy
211,2026-07-29 00:59:40.144-05,2026-07-29 01:21:45.285-05,M,47-99,Make Ready Other,,legacy
211,2026-07-29 01:21:45.285-05,2026-07-29 01:38:48.998-05,M,47,Make Ready - Time Required to Setup Job,,legacy
211,2026-07-29 01:38:48.998-05,2026-07-29 02:37:01.969-05,G,150,Run Production,,legacy
211,2026-07-29 02:37:01.969-05,2026-07-29 05:11:38.622-05,M,48,Make Ready Sleeves,,legacy
211,2026-07-29 05:11:38.622-05,2026-07-29 05:19:40.415-05,B,450,Non Productive,,legacy
211,2026-07-29 05:19:40.415-05,2026-07-29 05:20:40.616-05,M,47,Make Ready - Time Required to Setup Job,,legacy
211,2026-07-29 05:20:40.616-05,2026-07-29 07:58:16.998-05,B,450,Non Productive,,legacy
211,2026-07-29 07:58:16.998-05,2026-07-29 07:59:17.251-05,M,47,Make Ready - Time Required to Setup Job,,legacy
211,2026-07-29 07:59:17.251-05,2026-07-29 08:14:20.661-05,M,80,Anilox: Change,,legacy
211,2026-07-29 08:14:20.661-05,2026-07-29 08:32:24.867-05,M,47,Make Ready - Time Required to Setup Job,,legacy
211,2026-07-29 08:32:24.867-05,2026-07-29 09:43:41.45-05,G,150,Run Production,,legacy
211,2026-07-29 09:43:41.45-05,2026-07-29 09:45:41.999-05,B,450,Non Productive,,legacy
211,2026-07-29 09:45:41.999-05,2026-07-29 11:28:05.384-05,M,48,Make Ready Sleeves,,legacy
211,2026-07-29 11:28:05.384-05,2026-07-29 15:07:55.426-05,M,47,Make Ready - Time Required to Setup Job,,legacy
211,2026-07-29 15:07:55.426-05,2026-07-29 15:23:58.996-05,B,64,Mech - Press Other,,legacy
211,2026-07-29 15:23:58.996-05,2026-07-29 16:03:08.844-05,M,47,Make Ready - Time Required to Setup Job,,legacy
211,2026-07-29 16:03:08.844-05,2026-07-29 19:47:03.368-05,G,150,Run Production,,legacy
211,2026-07-29 19:47:03.368-05,2026-07-29 20:09:08.609-05,B,145-4,Plate Wash,,legacy
211,2026-07-29 20:09:08.609-05,2026-07-29 21:13:23.696-05,G,150,Run Production,,legacy
211,2026-07-29 21:13:23.696-05,2026-07-29 21:44:31.181-05,B,145-98,Quality Hold,,legacy
211,2026-07-29 21:44:31.181-05,2026-07-29 23:00:47.93-05,G,150,Run Production,,legacy
211,2026-07-29 23:00:47.93-05,2026-07-30 00:32:08.162-05,M,48,Make Ready Sleeves,,legacy
211,2026-07-30 00:32:08.162-05,2026-07-30 01:14:18.527-05,B,145-98,Quality Hold,,legacy
211,2026-07-30 01:14:18.527-05,2026-07-30 03:29:49.253-05,M,47,Make Ready - Time Required to Setup Job,,legacy
211,2026-07-30 03:29:49.253-05,2026-07-30 03:50:53.751-05,M,50,Make Ready - Color Match,,legacy
211,2026-07-30 03:50:53.751-05,2026-07-30 06:01:27.684-05,B,450,Non Productive,,legacy
211,2026-07-30 06:01:27.684-05,2026-07-30 11:03:41.784-05,B,138,RD Trial,,legacy
211,2026-07-30 11:03:41.784-05,2026-07-30 11:04:42.171-05,M,47,Make Ready - Time Required to Setup Job,,legacy
211,2026-07-30 11:04:42.171-05,2026-07-30 11:21:46.544-05,G,150,Run Production,,legacy
211,2026-07-30 11:21:46.544-05,2026-07-30 11:30:48.559-05,B,450,Non Productive,,legacy
211,2026-07-30 11:30:48.559-05,2026-07-30 12:00:56.025-05,M,47-21,MR - Wait for Plates/Mounting,,legacy
211,2026-07-30 12:00:56.025-05,2026-07-30 12:21:05.362-05,M,48,Make Ready Sleeves,,legacy
211,2026-07-30 12:21:05.362-05,2026-07-30 13:50:26.374-05,B,138,RD Trial,,legacy
211,2026-07-30 13:50:26.374-05,2026-07-30 14:19:33.434-05,G,150,Run Production,,legacy
211,2026-07-30 14:19:33.434-05,2026-07-30 17:24:18.017-05,B,450,Non Productive,,legacy
211,2026-07-30 17:24:18.017-05,2026-07-30 17:25:18.249-05,M,47,Make Ready - Time Required to Setup Job,,legacy
211,2026-07-30 17:25:18.249-05,2026-07-30 19:23:46.298-05,M,47-1,Make-Ready Sleeves,,legacy
211,2026-07-30 19:23:46.298-05,2026-07-30 19:45:51.222-05,B,126,Substrate - Web Break,,legacy
211,2026-07-30 19:45:51.222-05,2026-07-30 21:51:19.351-05,M,47,Make Ready - Time Required to Setup Job,,legacy
211,2026-07-30 21:51:19.351-05,2026-07-31 01:41:13.683-05,G,150,Run Production,,legacy
211,2026-07-31 01:41:13.683-05,2026-07-31 01:42:13.88-05,B,450,Non Productive,,legacy
211,2026-07-31 01:42:13.88-05,2026-07-31 01:43:14.105-05,M,47,Make Ready - Time Required to Setup Job,,legacy
211,2026-07-31 01:43:14.105-05,2026-07-31 06:43:24.143-05,B,450,Non Productive,,legacy
211,2026-07-31 06:43:24.143-05,2026-07-31 06:46:25.174-05,M,47,Make Ready - Time Required to Setup Job,,legacy
211,2026-07-31 06:46:25.174-05,2026-07-31 07:23:34.135-05,M,47-99,Make Ready Other,,legacy
211,2026-07-31 07:23:34.135-05,2026-07-31 08:22:47.391-05,B,82,Dr. Blade Change,,legacy
211,2026-07-31 08:22:47.391-05,2026-07-31 08:45:52.707-05,M,47,Make Ready - Time Required to Setup Job,,legacy
211,2026-07-31 08:45:52.707-05,2026-07-31 09:25:02.026-05,M,47-99,Make Ready Other,,legacy
211,2026-07-31 09:25:02.026-05,2026-07-31 09:42:05.805-05,B,450,Non Productive,,legacy
211,2026-07-31 09:42:05.805-05,2026-07-31 09:43:06.017-05,M,48,Make Ready Sleeves,,legacy
211,2026-07-31 09:43:06.017-05,2026-07-31 09:46:07.002-05,G,150,Run Production,,legacy
211,2026-07-31 09:46:07.002-05,2026-07-31 10:24:15.862-05,B,450,Non Productive,,legacy
211,2026-07-31 10:24:15.862-05,2026-07-31 13:06:52.569-05,M,47,Make Ready - Time Required to Setup Job,,legacy
211,2026-07-31 13:06:52.569-05,2026-07-31 13:32:58.034-05,M,80,Anilox: Change,,legacy
211,2026-07-31 13:32:58.034-05,2026-07-31 13:40:59.774-05,B,145-4,Plate Wash,,legacy
211,2026-07-31 13:40:59.774-05,2026-07-31 13:56:03.131-05,G,150,Run Production,,legacy
211,2026-07-31 13:56:03.131-05,2026-07-31 14:05:05.098-05,B,95,Press Problem / Impression,,legacy
211,2026-07-31 14:05:05.098-05,2026-07-31 14:26:09.667-05,G,150,Run Production,,legacy
211,2026-07-31 14:26:09.667-05,2026-07-31 14:35:11.559-05,B,145-4,Plate Wash,,legacy
211,2026-07-31 14:35:11.559-05,2026-07-31 16:21:39.555-05,G,150,Run Production,,legacy
211,2026-07-31 16:21:39.555-05,2026-07-31 16:25:40.446-05,B,450,Non Productive,,legacy
211,2026-07-31 16:25:40.446-05,2026-07-31 16:27:40.886-05,M,48,Make Ready Sleeves,,legacy
211,2026-07-31 16:27:40.886-05,2026-07-31 16:47:45.754-05,B,354,Housekeeping,,legacy
211,2026-07-31 16:47:45.754-05,2026-07-31 17:17:52.191-05,M,48,Make Ready Sleeves,,legacy
211,2026-07-31 17:17:52.191-05,2026-07-31 17:45:58.498-05,M,47,Make Ready - Time Required to Setup Job,,legacy
211,2026-07-31 17:45:58.498-05,2026-07-31 17:47:58.892-05,B,450,Non Productive,,legacy
211,2026-07-31 17:47:58.892-05,2026-07-31 18:51:14.151-05,M,47,Make Ready - Time Required to Setup Job,,legacy
211,2026-07-31 18:51:14.151-05,2026-07-31 19:28:23.697-05,G,150,Run Production,,legacy
211,2026-07-31 19:28:23.697-05,2026-07-31 19:52:29.999-05,M,80,Anilox: Change,,legacy
211,2026-07-31 19:52:29.999-05,2026-07-31 23:08:12.763-05,G,150,Run Production,,legacy
211,2026-07-31 23:08:12.763-05,2026-07-31 23:16:14.482-05,B,145-99,Other,,legacy
211,2026-07-31 23:16:14.482-05,2026-08-01 00:07:25.923-05,G,150,Run Production,,legacy
211,2026-08-01 00:07:25.923-05,2026-08-01 00:56:36.953-05,M,48,Make Ready Sleeves,,legacy
211,2026-08-01 00:56:36.953-05,2026-08-01 01:26:43.124-05,M,47-99,Make Ready Other,,legacy
211,2026-08-01 01:26:43.124-05,2026-08-01 02:10:52.792-05,M,47,Make Ready - Time Required to Setup Job,,legacy
211,2026-08-01 02:10:52.792-05,2026-08-01 02:24:55.681-05,M,47-99,Make Ready Other,,legacy
211,2026-08-01 02:24:55.681-05,2026-08-01 02:48:01.117-05,M,47,Make Ready - Time Required to Setup Job,,legacy
211,2026-08-01 02:48:01.117-05,2026-08-01 03:59:16.26-05,G,150,Run Production,,legacy
211,2026-08-01 03:59:16.26-05,2026-08-01 04:00:16.455-05,B,450,Non Productive,,legacy
211,2026-08-01 04:00:16.455-05,2026-08-01 04:10:18.594-05,B,354,Housekeeping,,legacy
211,2026-08-01 04:10:18.594-05,2026-08-01 04:45:31.218-05,M,48,Make Ready Sleeves,,legacy
211,2026-08-01 04:45:31.218-05,2026-08-01 05:38:42.657-05,M,47-99,Make Ready Other,,legacy
211,2026-08-01 05:38:42.657-05,2026-08-01 06:00:47.448-05,M,47,Make Ready - Time Required to Setup Job,,legacy
211,2026-08-01 06:00:47.448-05,2026-08-01 06:03:48.051-05,S,400,Sort,,legacy
211,2026-08-01 06:03:48.051-05,2026-08-01 06:36:55.23-05,M,47,Make Ready - Time Required to Setup Job,,legacy
211,2026-08-01 06:36:55.23-05,2026-08-01 06:54:59.319-05,B,82,Dr. Blade Change,,legacy
211,2026-08-01 06:54:59.319-05,2026-08-01 07:10:02.592-05,B,145-4,Plate Wash,,legacy
211,2026-08-01 07:10:02.592-05,2026-08-01 08:02:14.033-05,M,47,Make Ready - Time Required to Setup Job,,legacy
211,2026-08-01 08:02:14.033-05,2026-08-01 08:35:21.116-05,B,145-4,Plate Wash,,legacy
211,2026-08-01 08:35:21.116-05,2026-08-01 09:04:27.559-05,M,47,Make Ready - Time Required to Setup Job,,legacy
211,2026-08-01 09:04:27.559-05,2026-08-01 09:25:32.047-05,M,47-24,MR Sticky Back Change,,legacy
211,2026-08-01 09:25:32.047-05,2026-08-01 09:27:32.461-05,M,47,Make Ready - Time Required to Setup Job,,legacy
211,2026-08-01 09:27:32.461-05,2026-08-01 09:46:36.391-05,M,47-99,Make Ready Other,,legacy
211,2026-08-01 09:46:36.391-05,2026-08-01 09:58:38.982-05,M,85,Make Ready - Color Match,,legacy
211,2026-08-01 09:58:38.982-05,2026-08-01 10:07:40.868-05,M,47-99,Make Ready Other,,legacy
211,2026-08-01 10:07:40.868-05,2026-08-01 10:33:46.996-05,M,85,Make Ready - Color Match,,legacy
211,2026-08-01 10:33:46.996-05,2026-08-01 10:37:47.922-05,M,47,Make Ready - Time Required to Setup Job,,legacy
211,2026-08-01 10:37:47.922-05,2026-08-01 12:25:11.808-05,B,64,Mech - Press Other,,legacy
211,2026-08-01 12:25:11.808-05,2026-08-01 12:26:12.025-05,B,350,Roll Change,,legacy
211,2026-08-01 12:26:12.025-05,2026-08-01 13:02:19.585-05,M,47-20,Make Ready Out of Register,,legacy
211,2026-08-01 13:02:19.585-05,2026-08-01 13:16:23.133-05,B,145-4,Plate Wash,,legacy
211,2026-08-01 13:16:23.133-05,2026-08-01 13:55:32.579-05,M,85,Make Ready - Color Match,,legacy
211,2026-08-01 13:55:32.579-05,2026-08-01 14:00:33.639-05,M,47,Make Ready - Time Required to Setup Job,,legacy
211,2026-08-01 14:00:33.639-05,2026-08-01 14:06:34.863-05,G,150,Run Production,,legacy
211,2026-08-01 14:06:34.863-05,2026-08-01 14:50:44.438-05,M,47,Make Ready - Time Required to Setup Job,,legacy
211,2026-08-01 14:50:44.438-05,2026-08-01 15:42:55.625-05,G,150,Run Production,,legacy
211,2026-08-01 15:42:55.625-05,2026-08-01 15:51:57.566-05,B,95,Press Problem / Impression,,legacy
211,2026-08-01 15:51:57.566-05,2026-08-01 16:39:07.744-05,B,64,Mech - Press Other,,legacy
211,2026-08-01 16:39:07.744-05,2026-08-01 16:41:08.178-05,B,125,Substrate - Other,,legacy
211,2026-08-01 16:41:08.178-05,2026-08-01 17:04:13.391-05,B,145-4,Plate Wash,,legacy
211,2026-08-01 17:04:13.391-05,2026-08-01 17:25:17.884-05,G,150,Run Production,,legacy
211,2026-08-01 17:25:17.884-05,2026-08-01 17:50:24.162-05,B,95,Press Problem / Impression,,legacy
211,2026-08-01 17:50:24.162-05,2026-08-01 20:16:57.226-05,G,150,Run Production,,legacy
211,2026-08-01 20:16:57.226-05,2026-08-01 20:17:57.462-05,M,48,Make Ready Sleeves,,legacy
211,2026-08-01 20:17:57.462-05,2026-08-01 20:53:05.156-05,M,47,Make Ready - Time Required to Setup Job,,legacy
211,2026-08-01 20:53:05.156-05,2026-08-01 21:48:16.897-05,G,150,Run Production,,legacy
211,2026-08-01 21:48:16.897-05,2026-08-01 22:03:20.178-05,B,145-4,Plate Wash,,legacy
211,2026-08-01 22:03:20.178-05,2026-08-02 00:12:50.496-05,G,150,Run Production,,legacy
211,2026-08-02 00:12:50.496-05,2026-08-02 01:00:01.815-05,M,48,Make Ready Sleeves,,legacy
211,2026-08-02 01:00:01.815-05,2026-08-02 01:06:03.151-05,M,47-99,Make Ready Other,,legacy
211,2026-08-02 01:06:03.151-05,2026-08-02 01:55:13.57-05,M,47,Make Ready - Time Required to Setup Job,,legacy
211,2026-08-02 01:55:13.57-05,2026-08-02 02:20:19.537-05,M,47-20,Make Ready Out of Register,,legacy
211,2026-08-02 02:20:19.537-05,2026-08-02 02:47:25.667-05,B,354,Housekeeping,,legacy
211,2026-08-02 02:47:25.667-05,2026-08-02 05:20:01.381-05,M,47-20,Make Ready Out of Register,,legacy
211,2026-08-02 05:20:01.381-05,2026-08-02 05:27:02.867-05,M,47,Make Ready - Time Required to Setup Job,,legacy
211,2026-08-02 05:27:02.867-05,2026-08-02 07:53:35.867-05,M,47-20,Make Ready Out of Register,,legacy
211,2026-08-02 07:53:35.867-05,2026-08-02 08:22:41.876-05,M,47-24,MR Sticky Back Change,,legacy
211,2026-08-02 08:22:41.876-05,2026-08-02 08:34:44.801-05,M,47-20,Make Ready Out of Register,,legacy
211,2026-08-02 08:34:44.801-05,2026-08-02 09:25:55.612-05,M,47-24,MR Sticky Back Change,,legacy
211,2026-08-02 09:25:55.612-05,2026-08-02 10:06:04.797-05,B,145-7,Film Web Break,,legacy
211,2026-08-02 10:06:04.797-05,2026-08-02 11:04:17.889-05,M,47,Make Ready - Time Required to Setup Job,,legacy
211,2026-08-02 11:04:17.889-05,2026-08-02 11:23:22.095-05,B,145-4,Plate Wash,,legacy
211,2026-08-02 11:23:22.095-05,2026-08-02 11:36:25.045-05,M,47,Make Ready - Time Required to Setup Job,,legacy
211,2026-08-02 11:36:25.045-05,2026-08-02 12:49:41.323-05,B,450,Non Productive,,legacy
211,2026-08-02 12:49:41.323-05,2026-08-02 13:00:43.683-05,M,47,Make Ready - Time Required to Setup Job,,legacy
211,2026-08-02 13:00:43.683-05,2026-08-02 13:20:48.613-05,G,150,Run Production,,legacy
211,2026-08-02 13:20:48.613-05,2026-08-02 13:41:53.18-05,B,95,Press Problem / Impression,,legacy
211,2026-08-02 13:41:53.18-05,2026-08-02 14:07:58.815-05,G,150,Run Production,,legacy
211,2026-08-02 14:07:58.815-05,2026-08-02 14:21:01.533-05,B,145-4,Plate Wash,,legacy
211,2026-08-02 14:21:01.533-05,2026-08-02 15:32:18.148-05,G,150,Run Production,,legacy
211,2026-08-02 15:32:18.148-05,2026-08-02 15:34:18.619-05,B,450,Non Productive,,legacy
211,2026-08-02 15:34:18.619-05,2026-08-02 16:11:27.126-05,M,48,Make Ready Sleeves,,legacy
211,2026-08-02 16:11:27.126-05,2026-08-02 16:12:27.378-05,M,47,Make Ready - Time Required to Setup Job,,legacy
211,2026-08-02 16:12:27.378-05,2026-08-02 16:34:32.273-05,B,354,Housekeeping,,legacy
211,2026-08-02 16:34:32.273-05,2026-08-02 17:29:44.091-05,M,47,Make Ready - Time Required to Setup Job,,legacy
211,2026-08-02 17:29:44.091-05,2026-08-02 17:49:48.334-05,B,145-4,Plate Wash,,legacy
211,2026-08-02 17:49:48.334-05,2026-08-02 18:28:58.11-05,M,47,Make Ready - Time Required to Setup Job,,legacy
211,2026-08-02 18:28:58.11-05,2026-08-02 18:48:02.195-05,B,82,Dr. Blade Change,,legacy
211,2026-08-02 18:48:02.195-05,2026-08-02 19:17:08.668-05,M,47-99,Make Ready Other,,legacy
211,2026-08-02 19:17:08.668-05,2026-08-02 19:38:13.171-05,M,80,Anilox: Change,,legacy
211,2026-08-02 19:38:13.171-05,2026-08-02 20:31:25.289-05,M,47,Make Ready - Time Required to Setup Job,,legacy
211,2026-08-02 20:31:25.289-05,2026-08-02 20:58:31.084-05,G,150,Run Production,,legacy
211,2026-08-02 20:58:31.084-05,2026-08-02 21:24:36.992-05,B,82,Dr. Blade Change,,legacy
211,2026-08-02 21:24:36.992-05,2026-08-02 21:35:39.541-05,B,145-4,Plate Wash,,legacy
211,2026-08-02 21:35:39.541-05,2026-08-02 22:21:49.541-05,G,150,Run Production,,legacy
211,2026-08-02 22:21:49.541-05,2026-08-02 22:52:56.338-05,M,80,Anilox: Change,,legacy
211,2026-08-02 22:52:56.338-05,2026-08-02 23:33:05.181-05,G,150,Run Production,,legacy
211,2026-08-02 23:33:05.181-05,2026-08-03 00:02:11.545-05,M,80,Anilox: Change,,legacy
211,2026-08-03 00:02:11.545-05,2026-08-03 00:27:17.671-05,G,150,Run Production,,legacy
211,2026-08-03 00:27:17.671-05,2026-08-03 00:45:21.477-05,M,80,Anilox: Change,,legacy
211,2026-08-03 00:45:21.477-05,2026-08-03 00:47:21.878-05,G,150,Run Production,,legacy
211,2026-08-03 00:47:21.878-05,2026-08-03 01:56:37.369-05,B,29,Electrical: Press Other,,legacy
211,2026-08-03 01:56:37.369-05,2026-08-03 02:08:39.82-05,M,47,Make Ready - Time Required to Setup Job,,legacy
211,2026-08-03 02:08:39.82-05,2026-08-03 03:04:52.285-05,M,80,Anilox: Change,,legacy
211,2026-08-03 03:04:52.285-05,2026-08-03 04:44:13.617-05,G,150,Run Production,,legacy
211,2026-08-03 04:44:13.617-05,2026-08-03 04:45:13.809-05,B,450,Non Productive,,legacy
211,2026-08-03 04:45:13.809-05,2026-08-03 05:47:27.695-05,M,48,Make Ready Sleeves,,legacy
211,2026-08-03 05:47:27.695-05,2026-08-03 06:54:42.442-05,B,29,Electrical: Press Other,,legacy
211,2026-08-03 06:54:42.442-05,2026-08-03 06:55:42.705-05,M,47,Make Ready - Time Required to Setup Job,,legacy
211,2026-08-03 06:55:42.705-05,2026-08-03 07:24:49.265-05,M,48,Make Ready Sleeves,,legacy
211,2026-08-03 07:24:49.265-05,2026-08-03 09:02:10.615-05,M,47,Make Ready - Time Required to Setup Job,,legacy
211,2026-08-03 09:02:10.615-05,2026-08-03 09:31:16.926-05,M,47-8,Make Ready Color Match,,legacy
211,2026-08-03 09:31:16.926-05,2026-08-03 09:33:17.432-05,M,47,Make Ready - Time Required to Setup Job,,legacy
211,2026-08-03 09:33:17.432-05,2026-08-03 09:44:19.646-05,B,64,Mech - Press Other,,legacy
211,2026-08-03 09:44:19.646-05,2026-08-03 10:08:25.142-05,B,145-4,Plate Wash,,legacy
211,2026-08-03 10:08:25.142-05,2026-08-03 10:10:25.934-05,M,47,Make Ready - Time Required to Setup Job,,legacy
211,2026-08-03 10:10:25.934-05,2026-08-03 10:27:29.9-05,B,29,Electrical: Press Other,,legacy
211,2026-08-03 10:27:29.9-05,2026-08-03 11:18:41.497-05,B,64,Mech - Press Other,,legacy
211,2026-08-03 11:18:41.497-05,2026-08-03 11:27:43.4-05,M,47,Make Ready - Time Required to Setup Job,,legacy
211,2026-08-03 11:27:43.4-05,2026-08-03 12:26:57.125-05,B,64,Mech - Press Other,,legacy
211,2026-08-03 12:26:57.125-05,2026-08-03 12:54:02.754-05,B,126,Substrate - Web Break,,legacy
211,2026-08-03 12:54:02.754-05,2026-08-03 12:56:03.196-05,B,450,Non Productive,,legacy
211,2026-08-03 12:56:03.196-05,2026-08-03 12:58:03.579-05,M,48,Make Ready Sleeves,,legacy
211,2026-08-03 12:58:03.579-05,2026-08-03 13:01:04.397-05,G,150,Run Production,,legacy
211,2026-08-03 13:01:04.397-05,2026-08-03 13:02:04.688-05,M,47,Make Ready - Time Required to Setup Job,,legacy
211,2026-08-03 13:02:04.688-05,2026-08-03 13:04:05.091-05,G,150,Run Production,,legacy
211,2026-08-03 13:04:05.091-05,2026-08-03 13:05:05.306-05,B,450,Non Productive,,legacy
211,2026-08-03 13:05:05.306-05,2026-08-03 13:49:15.176-05,B,126,Substrate - Web Break,,legacy
211,2026-08-03 13:49:15.176-05,2026-08-03 13:56:16.674-05,G,150,Run Production,,legacy
211,2026-08-03 13:56:16.674-05,2026-08-03 13:58:17.063-05,B,87,Ink: Off Color,,legacy
211,2026-08-03 13:58:17.063-05,2026-08-03 13:59:17.287-05,M,47,Make Ready - Time Required to Setup Job,,legacy
211,2026-08-03 13:59:17.287-05,2026-08-03 14:39:28.644-05,B,87,Ink: Off Color,,legacy
211,2026-08-03 14:39:28.644-05,2026-08-03 15:27:39.984-05,B,64,Mech - Press Other,,legacy
211,2026-08-03 15:27:39.984-05,2026-08-03 16:27:03.62-05,B,29,Electrical: Press Other,,legacy
211,2026-08-03 16:27:03.62-05,2026-08-03 16:31:04.596-05,S,400,Sort,,legacy
211,2026-08-03 16:31:04.596-05,2026-08-03 17:11:13.992-05,B,450,Non Productive,,legacy
211,2026-08-03 17:11:13.992-05,2026-08-03 18:20:30.461-05,M,47,Make Ready - Time Required to Setup Job,,legacy
211,2026-08-03 18:20:30.461-05,2026-08-03 19:15:43.224-05,B,145-6,Ink Spill,,legacy
211,2026-08-03 19:15:43.224-05,2026-08-03 19:29:46.671-05,M,47-99,Make Ready Other,,legacy
211,2026-08-03 19:29:46.671-05,2026-08-03 19:36:48.137-05,B,29,Electrical: Press Other,,legacy
211,2026-08-03 19:36:48.137-05,2026-08-03 19:40:49.027-05,M,47,Make Ready - Time Required to Setup Job,,legacy
211,2026-08-03 19:40:49.027-05,2026-08-03 21:54:19.138-05,B,29,Electrical: Press Other,,legacy
211,2026-08-03 21:54:19.138-05,2026-08-03 22:00:20.571-05,G,150,Run Production,,legacy
211,2026-08-03 22:00:20.571-05,2026-08-03 22:04:21.668-05,M,80,Anilox: Change,,legacy
211,2026-08-03 22:04:21.668-05,2026-08-03 22:30:28.31-05,B,29,Electrical: Press Other,,legacy
211,2026-08-03 22:30:28.31-05,2026-08-03 22:36:29.651-05,M,47,Make Ready - Time Required to Setup Job,,legacy
211,2026-08-03 22:36:29.651-05,2026-08-03 22:49:32.681-05,M,80,Anilox: Change,,legacy
211,2026-08-03 22:49:32.681-05,2026-08-03 23:03:35.957-05,B,64,Mech - Press Other,,legacy
211,2026-08-03 23:03:35.957-05,2026-08-03 23:47:45.915-05,M,80,Anilox: Change,,legacy
211,2026-08-03 23:47:45.915-05,2026-08-03 23:59:48.729-05,M,47,Make Ready - Time Required to Setup Job,,legacy
211,2026-08-03 23:59:48.729-05,2026-08-04 00:19:53.197-05,M,47-17,Make Ready Dirty Anilox,,legacy
211,2026-08-04 00:19:53.197-05,2026-08-04 00:22:53.788-05,B,95,Press Problem / Impression,,legacy
211,2026-08-04 00:22:53.788-05,2026-08-04 01:17:06.181-05,M,47-99,Make Ready Other,,legacy
211,2026-08-04 01:17:06.181-05,2026-08-04 01:41:12.104-05,M,85,Make Ready - Color Match,,legacy
211,2026-08-04 01:41:12.104-05,2026-08-04 01:47:13.313-05,M,47,Make Ready - Time Required to Setup Job,,legacy
211,2026-08-04 01:47:13.313-05,2026-08-04 02:03:16.674-05,B,95,Press Problem / Impression,,legacy
211,2026-08-04 02:03:16.674-05,2026-08-04 02:37:24.026-05,B,29,Electrical: Press Other,,legacy
211,2026-08-04 02:37:24.026-05,2026-08-04 02:41:25.004-05,G,150,Run Production,,legacy
211,2026-08-04 02:41:25.004-05,2026-08-04 03:25:35.338-05,M,47,Make Ready - Time Required to Setup Job,,legacy
211,2026-08-04 03:25:35.338-05,2026-08-04 03:56:42.182-05,G,150,Run Production,,legacy
211,2026-08-04 03:56:42.182-05,2026-08-04 04:07:45.4-05,B,95,Press Problem / Impression,,legacy
211,2026-08-04 04:07:45.4-05,2026-08-04 04:13:46.752-05,B,354,Housekeeping,,legacy
211,2026-08-04 04:13:46.752-05,2026-08-04 04:22:48.88-05,G,150,Run Production,,legacy
211,2026-08-04 04:22:48.88-05,2026-08-04 04:40:53.18-05,M,80,Anilox: Change,,legacy
211,2026-08-04 04:40:53.18-05,2026-08-04 05:15:00.91-05,M,47-17,Make Ready Dirty Anilox,,legacy
211,2026-08-04 05:15:00.91-05,2026-08-04 05:37:05.847-05,G,150,Run Production,,legacy
211,2026-08-04 05:37:05.847-05,2026-08-04 05:51:09.097-05,M,80,Anilox: Change,,legacy
211,2026-08-04 05:51:09.097-05,2026-08-04 06:52:23.916-05,M,47-17,Make Ready Dirty Anilox,,legacy
211,2026-08-04 06:52:23.916-05,2026-08-04 07:38:35.501-05,M,47-15,MR Anilox Change (High Volume),,legacy
211,2026-08-04 07:38:35.501-05,2026-08-04 07:43:36.573-05,B,145-4,Plate Wash,,legacy
211,2026-08-04 07:43:36.573-05,2026-08-04 08:55:53.263-05,G,150,Run Production,,legacy
211,2026-08-04 08:55:53.263-05,2026-08-04 09:20:59.594-05,B,82,Dr. Blade Change,,legacy
211,2026-08-04 09:20:59.594-05,2026-08-04 09:57:08.143-05,G,150,Run Production,,legacy
211,2026-08-04 09:57:08.143-05,2026-08-04 10:23:13.733-05,M,47,Make Ready - Time Required to Setup Job,,legacy
211,2026-08-04 10:23:13.733-05,2026-08-04 10:51:20.116-05,G,150,Run Production,,legacy
211,2026-08-04 10:51:20.116-05,2026-08-04 10:52:20.354-05,M,48,Make Ready Sleeves,,legacy
211,2026-08-04 10:52:20.354-05,2026-08-04 11:24:27.957-05,G,150,Run Production,,legacy
211,2026-08-04 11:24:27.957-05,2026-08-04 11:27:28.672-05,B,450,Non Productive,,legacy
211,2026-08-04 11:27:28.672-05,2026-08-04 11:32:29.907-05,M,48,Make Ready Sleeves,,legacy
211,2026-08-04 11:32:29.907-05,2026-08-04 13:40:59.887-05,M,47,Make Ready - Time Required to Setup Job,,legacy
211,2026-08-04 13:40:59.887-05,2026-08-04 14:02:04.876-05,M,47-8,Make Ready Color Match,,legacy
211,2026-08-04 14:02:04.876-05,2026-08-04 14:19:08.863-05,M,47,Make Ready - Time Required to Setup Job,,legacy
211,2026-08-04 14:19:08.863-05,2026-08-04 14:30:11.497-05,B,94,Plates: Plate Up (Obsolete),,legacy
211,2026-08-04 14:30:11.497-05,2026-08-04 15:07:19.862-05,B,145-4,Plate Wash,,legacy
211,2026-08-04 15:07:19.862-05,2026-08-04 15:08:20.066-05,M,47,Make Ready - Time Required to Setup Job,,legacy
211,2026-08-04 15:08:20.066-05,2026-08-04 15:54:31.481-05,G,150,Run Production,,legacy
211,2026-08-04 15:54:31.481-05,2026-08-04 16:01:33.405-05,B,145-4,Plate Wash,,legacy
211,2026-08-04 16:01:33.405-05,2026-08-04 17:47:58.99-05,G,150,Run Production,,legacy
211,2026-08-04 17:47:58.99-05,2026-08-04 17:57:01.443-05,B,450,Non Productive,,legacy
211,2026-08-04 17:57:01.443-05,2026-08-04 18:58:15.135-05,M,48,Make Ready Sleeves,,legacy
211,2026-08-04 18:58:15.135-05,2026-08-04 20:40:38.494-05,M,47,Make Ready - Time Required to Setup Job,,legacy
211,2026-08-04 20:40:38.494-05,2026-08-04 21:07:44.471-05,B,83,Drum: Clean,,legacy
211,2026-08-04 21:07:44.471-05,2026-08-04 21:15:46.557-05,M,47,Make Ready - Time Required to Setup Job,,legacy
211,2026-08-04 21:15:46.557-05,2026-08-04 23:05:12-05,M,47-20,Make Ready Out of Register,,legacy
211,2026-08-04 23:05:12-05,2026-08-04 23:23:16.485-05,M,47,Make Ready - Time Required to Setup Job,,legacy
211,2026-08-04 23:23:16.485-05,2026-08-04 23:39:20.212-05,M,47-19,Make Ready Sleeve Low Spot,,legacy
211,2026-08-04 23:39:20.212-05,2026-08-05 03:29:13.49-05,M,47-20,Make Ready Out of Register,,legacy
211,2026-08-05 03:29:13.49-05,2026-08-05 03:53:18.937-05,G,150,Run Production,,legacy
211,2026-08-05 03:53:18.937-05,2026-08-05 04:21:25.569-05,B,350,Roll Change,,legacy
211,2026-08-05 04:21:25.569-05,2026-08-05 05:05:35.835-05,G,150,Run Production,,legacy
211,2026-08-05 05:05:35.835-05,2026-08-05 06:08:51.436-05,M,80,Anilox: Change,,legacy
211,2026-08-05 06:08:51.436-05,2026-08-05 06:14:52.911-05,B,145-4,Plate Wash,,legacy
211,2026-08-05 06:14:52.911-05,2026-08-05 07:24:09.651-05,M,80,Anilox: Change,,legacy
211,2026-08-05 07:24:09.651-05,2026-08-05 07:36:12.605-05,M,47-3,Make Ready Ghosting,,legacy
211,2026-08-05 07:36:12.605-05,2026-08-05 07:55:16.888-05,M,80,Anilox: Change,,legacy
211,2026-08-05 07:55:16.888-05,2026-08-05 08:04:18.922-05,B,145-4,Plate Wash,,legacy
211,2026-08-05 08:04:18.922-05,2026-08-05 10:17:49.326-05,G,150,Run Production,,legacy
211,2026-08-05 10:17:49.326-05,2026-08-05 10:23:50.833-05,B,29,Electrical: Press Other,,legacy
211,2026-08-05 10:23:50.833-05,2026-08-05 10:26:51.487-05,G,150,Run Production,,legacy
211,2026-08-05 10:26:51.487-05,2026-08-05 10:31:52.742-05,B,29,Electrical: Press Other,,legacy
211,2026-08-05 10:31:52.742-05,2026-08-05 10:33:53.129-05,G,150,Run Production,,legacy
211,2026-08-05 10:33:53.129-05,2026-08-05 10:36:53.808-05,B,29,Electrical: Press Other,,legacy
211,2026-08-05 10:36:53.808-05,2026-08-05 11:57:13.101-05,G,150,Run Production,,legacy
211,2026-08-05 11:57:13.101-05,2026-08-05 12:04:14.557-05,B,145-4,Plate Wash,,legacy
211,2026-08-05 12:04:14.557-05,2026-08-05 15:43:06.739-05,G,150,Run Production,,legacy
211,2026-08-05 15:43:06.739-05,2026-08-05 15:44:06.938-05,B,89,Ink: Wait On,,legacy
211,2026-08-05 15:44:06.938-05,2026-08-05 15:45:07.191-05,G,150,Run Production,,legacy
211,2026-08-05 15:45:07.191-05,2026-08-05 16:28:17.651-05,B,89,Ink: Wait On,,legacy
211,2026-08-05 16:28:17.651-05,2026-08-05 16:43:21.307-05,B,145-99,Other,,legacy
211,2026-08-05 16:43:21.307-05,2026-08-05 16:45:21.735-05,B,87,Ink: Off Color,,legacy
211,2026-08-05 16:45:21.735-05,2026-08-05 16:46:21.957-05,B,125,Substrate - Other,,legacy
211,2026-08-05 16:46:21.957-05,2026-08-05 16:47:22.168-05,B,145-99,Other,,legacy
211,2026-08-05 16:47:22.168-05,2026-08-05 17:16:29.779-05,B,354,Housekeeping,,legacy
211,2026-08-05 17:16:29.779-05,2026-08-05 18:47:56.865-05,G,150,Run Production,,legacy
211,2026-08-05 18:47:56.865-05,2026-08-05 18:50:57.51-05,B,87,Ink: Off Color,,legacy
211,2026-08-05 18:50:57.51-05,2026-08-05 22:45:53.39-05,G,150,Run Production,,legacy
211,2026-08-05 22:45:53.39-05,2026-08-05 23:20:01.185-05,B,82,Dr. Blade Change,,legacy
211,2026-08-05 23:20:01.185-05,2026-08-06 01:43:34.219-05,G,150,Run Production,,legacy
211,2026-08-06 01:43:34.219-05,2026-08-06 01:44:34.433-05,B,145-2,Poor Print,,legacy
211,2026-08-06 01:44:34.433-05,2026-08-06 02:40:47.734-05,B,450,Non Productive,,legacy
211,2026-08-06 02:40:47.734-05,2026-08-06 04:51:17.653-05,B,354,Housekeeping,,legacy
211,2026-08-06 04:51:17.653-05,2026-08-06 05:17:23.976-05,M,48,Make Ready Sleeves,,legacy
211,2026-08-06 05:17:23.976-05,2026-08-06 05:59:33.826-05,M,47,Make Ready - Time Required to Setup Job,,legacy
211,2026-08-06 05:59:33.826-05,2026-08-06 06:02:34.615-05,S,400,Sort,,legacy
211,2026-08-06 06:02:34.615-05,2026-08-06 07:26:54.79-05,M,47,Make Ready - Time Required to Setup Job,,legacy
211,2026-08-06 07:26:54.79-05,2026-08-06 07:59:01.846-05,M,80,Anilox: Change,,legacy
211,2026-08-06 07:59:01.846-05,2026-08-06 08:59:17.321-05,M,47,Make Ready - Time Required to Setup Job,,legacy
211,2026-08-06 08:59:17.321-05,2026-08-06 09:52:29.554-05,G,150,Run Production,,legacy
211,2026-08-06 09:52:29.554-05,2026-08-06 09:55:30.428-05,B,450,Non Productive,,legacy
211,2026-08-06 09:55:30.428-05,2026-08-06 10:16:35.51-05,M,48,Make Ready Sleeves,,legacy
211,2026-08-06 10:16:35.51-05,2026-08-06 11:11:49.564-05,M,47,Make Ready - Time Required to Setup Job,,legacy
211,2026-08-06 11:11:49.564-05,2026-08-06 11:30:53.997-05,B,145-4,Plate Wash,,legacy
211,2026-08-06 11:30:53.997-05,2026-08-06 11:42:56.914-05,G,150,Run Production,,legacy
211,2026-08-06 11:42:56.914-05,2026-08-06 11:45:57.643-05,B,95,Press Problem / Impression,,legacy
211,2026-08-06 11:45:57.643-05,2026-08-06 11:53:59.467-05,B,145-4,Plate Wash,,legacy
211,2026-08-06 11:53:59.467-05,2026-08-06 11:58:00.38-05,B,145-99,Other,,legacy
211,2026-08-06 11:58:00.38-05,2026-08-06 12:14:03.898-05,G,150,Run Production,,legacy
211,2026-08-06 12:14:03.898-05,2026-08-06 12:32:07.713-05,B,82,Dr. Blade Change,,legacy
211,2026-08-06 12:32:07.713-05,2026-08-06 12:51:12.075-05,B,145-4,Plate Wash,,legacy
211,2026-08-06 12:51:12.075-05,2026-08-06 12:55:13.004-05,G,150,Run Production,,legacy
211,2026-08-06 12:55:13.004-05,2026-08-06 13:25:20.123-05,B,95,Press Problem / Impression,,legacy
211,2026-08-06 13:25:20.123-05,2026-08-06 14:05:30.258-05,G,150,Run Production,,legacy
211,2026-08-06 14:05:30.258-05,2026-08-06 14:07:30.702-05,B,450,Non Productive,,legacy
211,2026-08-06 14:07:30.702-05,2026-08-06 14:09:31.207-05,M,47,Make Ready - Time Required to Setup Job,,legacy
211,2026-08-06 14:09:31.207-05,2026-08-06 14:55:41.56-05,G,150,Run Production,,legacy
211,2026-08-06 14:55:41.56-05,2026-08-06 15:13:45.666-05,B,87,Ink: Off Color,,legacy
211,2026-08-06 15:13:45.666-05,2026-08-06 15:38:51.003-05,B,350,Roll Change,,legacy
211,2026-08-06 15:38:51.003-05,2026-08-06 15:43:59.266-05,G,150,Run Production,,legacy
211,2026-08-06 15:43:59.266-05,2026-08-06 15:54:45.794-05,B,83,Drum: Clean,,legacy
211,2026-08-06 15:54:45.794-05,2026-08-06 16:02:47.85-05,G,150,Run Production,,legacy
211,2026-08-06 16:02:47.85-05,2026-08-06 16:10:50.206-05,B,83,Drum: Clean,,legacy
211,2026-08-06 16:10:50.206-05,2026-08-06 16:49:35.803-05,G,150,Run Production,,legacy
211,2026-08-06 16:49:35.803-05,2026-08-06 16:53:38.528-05,M,47,Make Ready - Time Required to Setup Job,,legacy
211,2026-08-06 16:53:38.528-05,2026-08-06 23:10:55.354-05,M,48,Make Ready Sleeves,,legacy
211,2026-08-06 23:10:55.354-05,2026-08-06 23:39:09.261-05,M,47-3,Make Ready Ghosting,,legacy
211,2026-08-06 23:39:09.261-05,2026-08-07 00:02:43.461-05,B,95,Press Problem / Impression,,legacy
211,2026-08-07 00:02:43.461-05,2026-08-07 01:40:04.789-05,G,150,Run Production,,legacy
211,2026-08-07 01:40:04.789-05,2026-08-07 01:41:05.07-05,B,450,Non Productive,,legacy
211,2026-08-07 01:41:05.07-05,2026-08-07 02:50:37.814-05,M,48,Make Ready Sleeves,,legacy
211,2026-08-07 02:50:37.814-05,2026-08-07 03:09:48.668-05,M,47,Make Ready - Time Required to Setup Job,,legacy
211,2026-08-07 03:09:48.668-05,2026-08-07 04:09:13.783-05,G,150,Run Production,,legacy
211,2026-08-07 04:09:13.783-05,2026-08-07 04:15:16.504-05,B,354,Housekeeping,,legacy
211,2026-08-07 04:15:16.504-05,2026-08-07 05:37:05.848-05,G,150,Run Production,,legacy
211,2026-08-07 05:37:05.848-05,2026-08-07 11:59:48.456-05,M,48,Make Ready Sleeves,,legacy
211,2026-08-07 11:59:48.456-05,2026-08-07 12:21:00.866-05,M,47-13,Make Ready Film Over Size,,legacy
211,2026-08-07 12:21:00.866-05,2026-08-07 12:39:28.658-05,G,150,Run Production,,legacy
211,2026-08-07 12:39:28.658-05,2026-08-07 17:29:29.489-05,B,64,Mech - Press Other,,legacy
211,2026-08-07 17:29:29.489-05,2026-08-07 17:45:33.403-05,M,80,Anilox: Change,,legacy
211,2026-08-07 17:45:33.403-05,2026-08-07 18:46:56.15-05,M,47,Make Ready - Time Required to Setup Job,,legacy
211,2026-08-07 18:46:56.15-05,2026-08-07 19:11:06.415-05,M,47-19,Make Ready Sleeve Low Spot,,legacy
211,2026-08-07 19:11:06.415-05,2026-08-07 19:43:26.072-05,M,47,Make Ready - Time Required to Setup Job,,legacy
211,2026-08-07 19:43:26.072-05,2026-08-07 20:07:33.614-05,G,150,Run Production,,legacy
211,2026-08-07 20:07:33.614-05,2026-08-07 20:19:37.38-05,B,145-4,Plate Wash,,legacy
211,2026-08-07 20:19:37.38-05,2026-08-07 21:59:15.644-05,G,150,Run Production,,legacy
211,2026-08-07 21:59:15.644-05,2026-08-07 22:00:15.892-05,B,450,Non Productive,,legacy
211,2026-08-07 22:00:15.892-05,2026-08-07 22:50:30.58-05,M,48,Make Ready Sleeves,,legacy
211,2026-08-07 22:50:30.58-05,2026-08-07 23:44:45.081-05,M,47-99,Make Ready Other,,legacy
211,2026-08-07 23:44:45.081-05,2026-08-08 00:26:56.628-05,M,47,Make Ready - Time Required to Setup Job,,legacy
211,2026-08-08 00:26:56.628-05,2026-08-08 00:50:02.542-05,M,47-99,Make Ready Other,,legacy
211,2026-08-08 00:50:02.542-05,2026-08-08 00:59:04.871-05,M,47,Make Ready - Time Required to Setup Job,,legacy
211,2026-08-08 00:59:04.871-05,2026-08-08 01:15:09.077-05,B,145-4,Plate Wash,,legacy
211,2026-08-08 01:15:09.077-05,2026-08-08 01:19:10.085-05,M,47,Make Ready - Time Required to Setup Job,,legacy
211,2026-08-08 01:19:10.085-05,2026-08-08 01:53:20.687-05,B,145-98,Quality Hold,,legacy
211,2026-08-08 01:53:20.687-05,2026-08-08 02:06:25.153-05,B,82,Dr. Blade Change,,legacy
211,2026-08-08 02:06:25.153-05,2026-08-08 02:12:26.842-05,M,47,Make Ready - Time Required to Setup Job,,legacy
211,2026-08-08 02:12:26.842-05,2026-08-08 03:13:46-05,M,80,Anilox: Change,,legacy
211,2026-08-08 03:13:46-05,2026-08-08 03:40:53.207-05,M,47,Make Ready - Time Required to Setup Job,,legacy
211,2026-08-08 03:40:53.207-05,2026-08-08 04:52:12.307-05,G,150,Run Production,,legacy
211,2026-08-08 04:52:12.307-05,2026-08-08 05:04:15.159-05,B,145-99,Other,,legacy
211,2026-08-08 05:04:15.159-05,2026-08-08 05:20:19.827-05,M,47-5,Make Ready Chamber Malfunction,,legacy
211,2026-08-08 05:20:19.827-05,2026-08-08 06:00:30.874-05,G,150,Run Production,,legacy
211,2026-08-08 06:00:30.874-05,2026-08-08 06:12:34.106-05,B,145-4,Plate Wash,,legacy
211,2026-08-08 06:12:34.106-05,2026-08-08 06:58:47.294-05,G,150,Run Production,,legacy
211,2026-08-08 06:58:47.294-05,2026-08-08 06:59:48.056-05,B,145-1,Film Core Waste,,legacy
211,2026-08-08 06:59:48.056-05,2026-08-08 07:03:48.965-05,G,150,Run Production,,legacy
211,2026-08-08 07:03:48.965-05,2026-08-08 07:05:49.469-05,B,450,Non Productive,,legacy
211,2026-08-08 07:05:49.469-05,2026-08-08 07:48:00.633-05,M,48,Make Ready Sleeves,,legacy
211,2026-08-08 07:48:00.633-05,2026-08-08 09:05:22.792-05,M,47,Make Ready - Time Required to Setup Job,,legacy
211,2026-08-08 09:05:22.792-05,2026-08-08 09:11:24.298-05,M,47-99,Make Ready Other,,legacy
211,2026-08-08 09:11:24.298-05,2026-08-08 09:41:33.117-05,B,145-4,Plate Wash,,legacy
211,2026-08-08 09:41:33.117-05,2026-08-08 10:22:43.155-05,M,47,Make Ready - Time Required to Setup Job,,legacy
211,2026-08-08 10:22:43.155-05,2026-08-08 10:42:48.07-05,M,85,Make Ready - Color Match,,legacy
211,2026-08-08 10:42:48.07-05,2026-08-08 10:49:49.815-05,B,145-4,Plate Wash,,legacy
211,2026-08-08 10:49:49.815-05,2026-08-08 10:56:51.272-05,M,47,Make Ready - Time Required to Setup Job,,legacy
211,2026-08-08 10:56:51.272-05,2026-08-08 11:44:02.806-05,G,150,Run Production,,legacy
211,2026-08-08 11:44:02.806-05,2026-08-08 11:58:06.046-05,B,145-4,Plate Wash,,legacy
211,2026-08-08 11:58:06.046-05,2026-08-08 12:35:16.071-05,G,150,Run Production,,legacy
211,2026-08-08 12:35:16.071-05,2026-08-08 12:50:20.582-05,B,350,Roll Change,,legacy
211,2026-08-08 12:50:20.582-05,2026-08-08 13:29:31.511-05,G,150,Run Production,,legacy
211,2026-08-08 13:29:31.511-05,2026-08-08 13:43:35.485-05,B,350,Roll Change,,legacy
211,2026-08-08 13:43:35.485-05,2026-08-08 14:11:44.162-05,G,150,Run Production,,legacy
211,2026-08-08 14:11:44.162-05,2026-08-08 14:14:45.295-05,B,450,Non Productive,,legacy
211,2026-08-08 14:14:45.295-05,2026-08-08 15:30:05.034-05,M,48,Make Ready Sleeves,,legacy
211,2026-08-08 15:30:05.034-05,2026-08-08 15:54:12.756-05,M,47,Make Ready - Time Required to Setup Job,,legacy
211,2026-08-08 15:54:12.756-05,2026-08-08 16:47:25.87-05,M,47-23,MR Plate Damage in Pre Press,,legacy
211,2026-08-08 16:47:25.87-05,2026-08-08 17:04:29.734-05,M,47-21,MR - Wait for Plates/Mounting,,legacy
211,2026-08-08 17:04:29.734-05,2026-08-08 18:13:49.545-05,M,48,Make Ready Sleeves,,legacy
211,2026-08-08 18:13:49.545-05,2026-08-08 19:37:09.062-05,M,47-99,Make Ready Other,,legacy
211,2026-08-08 19:37:09.062-05,2026-08-08 20:29:21.307-05,M,47,Make Ready - Time Required to Setup Job,,legacy
211,2026-08-08 20:29:21.307-05,2026-08-08 21:14:32.284-05,M,47-4,Make Ready Bouncing,,legacy
211,2026-08-08 21:14:32.284-05,2026-08-08 21:15:32.517-05,M,47,Make Ready - Time Required to Setup Job,,legacy
211,2026-08-08 21:15:32.517-05,2026-08-08 23:10:02.924-05,M,48,Make Ready Sleeves,,legacy
211,2026-08-08 23:10:02.924-05,2026-08-09 00:01:16.07-05,M,47,Make Ready - Time Required to Setup Job,,legacy
211,2026-08-09 00:01:16.07-05,2026-08-09 00:15:19.326-05,B,83,Drum: Clean,,legacy
211,2026-08-09 00:15:19.326-05,2026-08-09 00:45:26.731-05,M,47,Make Ready - Time Required to Setup Job,,legacy
211,2026-08-09 00:45:26.731-05,2026-08-09 01:30:37.713-05,M,47-3,Make Ready Ghosting,,legacy
211,2026-08-09 01:30:37.713-05,2026-08-09 01:45:41.467-05,M,47-99,Make Ready Other,,legacy
211,2026-08-09 01:45:41.467-05,2026-08-09 02:00:45.085-05,M,47,Make Ready - Time Required to Setup Job,,legacy
211,2026-08-09 02:00:45.085-05,2026-08-09 02:14:48.294-05,M,80,Anilox: Change,,legacy
211,2026-08-09 02:14:48.294-05,2026-08-09 02:44:54.683-05,B,88,Pump Problem,,legacy
211,2026-08-09 02:44:54.683-05,2026-08-09 03:03:59.52-05,M,47,Make Ready - Time Required to Setup Job,,legacy
211,2026-08-09 03:03:59.52-05,2026-08-09 03:55:12.532-05,B,95,Press Problem / Impression,,legacy
211,2026-08-09 03:55:12.532-05,2026-08-09 04:03:14.504-05,M,47,Make Ready - Time Required to Setup Job,,legacy
211,2026-08-09 04:03:14.504-05,2026-08-09 04:19:19.207-05,B,83,Drum: Clean,,legacy
211,2026-08-09 04:19:19.207-05,2026-08-09 04:24:20.366-05,M,47,Make Ready - Time Required to Setup Job,,legacy
211,2026-08-09 04:24:20.366-05,2026-08-09 04:51:26.814-05,B,95,Press Problem / Impression,,legacy
211,2026-08-09 04:51:26.814-05,2026-08-09 06:28:52.593-05,G,150,Run Production,,legacy
211,2026-08-09 06:28:52.593-05,2026-08-09 07:23:06.57-05,M,47-12,Make Ready Wait for Film,,legacy
211,2026-08-09 07:23:06.57-05,2026-08-09 08:03:16.689-05,G,150,Run Production,,legacy
211,2026-08-09 08:03:16.689-05,2026-08-09 08:17:20.475-05,B,450,Non Productive,,legacy
211,2026-08-09 08:17:20.475-05,2026-08-09 08:27:22.978-05,M,47-21,MR - Wait for Plates/Mounting,,legacy
211,2026-08-09 08:27:22.978-05,2026-08-09 09:36:40.67-05,M,48,Make Ready Sleeves,,legacy
211,2026-08-09 09:36:40.67-05,2026-08-09 09:42:42.5-05,B,29,Electrical: Press Other,,legacy
211,2026-08-09 09:42:42.5-05,2026-08-09 12:36:29.84-05,M,47,Make Ready - Time Required to Setup Job,,legacy
211,2026-08-09 12:36:29.84-05,2026-08-09 13:00:37.793-05,G,150,Run Production,,legacy
211,2026-08-09 13:00:37.793-05,2026-08-09 13:37:46.991-05,B,95,Press Problem / Impression,,legacy
211,2026-08-09 13:37:46.991-05,2026-08-09 15:14:10.498-05,G,150,Run Production,,legacy
211,2026-08-09 15:14:10.498-05,2026-08-09 15:18:11.411-05,B,450,Non Productive,,legacy
211,2026-08-09 15:18:11.411-05,2026-08-09 16:11:24.553-05,M,48,Make Ready Sleeves,,legacy
211,2026-08-09 16:11:24.553-05,2026-08-09 16:39:31.377-05,B,354,Housekeeping,,legacy
211,2026-08-09 16:39:31.377-05,2026-08-09 18:18:59.098-05,M,47,Make Ready - Time Required to Setup Job,,legacy
211,2026-08-09 18:18:59.098-05,2026-08-09 18:38:03.467-05,M,47-6,Make Ready Wrong Sequence,,legacy
211,2026-08-09 18:38:03.467-05,2026-08-09 19:34:16.728-05,M,47,Make Ready - Time Required to Setup Job,,legacy
211,2026-08-09 19:34:16.728-05,2026-08-09 20:37:32.882-05,M,47-13,Make Ready Film Over Size,,legacy
211,2026-08-09 20:37:32.882-05,2026-08-09 21:38:47.379-05,M,47,Make Ready - Time Required to Setup Job,,legacy
211,2026-08-09 21:38:47.379-05,2026-08-09 21:52:51.544-05,M,80,Anilox: Change,,legacy
211,2026-08-09 21:52:51.544-05,2026-08-09 22:14:57.318-05,M,47-4,Make Ready Bouncing,,legacy
211,2026-08-09 22:14:57.318-05,2026-08-09 23:07:09.665-05,B,95,Press Problem / Impression,,legacy
211,2026-08-09 23:07:09.665-05,2026-08-10 00:10:24.722-05,G,150,Run Production,,legacy
211,2026-08-10 00:10:24.722-05,2026-08-10 00:16:26.047-05,B,450,Non Productive,,legacy
211,2026-08-10 00:16:26.047-05,2026-08-10 00:55:35.511-05,M,48,Make Ready Sleeves,,legacy
211,2026-08-10 00:55:35.511-05,2026-08-10 01:01:36.932-05,M,47-99,Make Ready Other,,legacy
211,2026-08-10 01:01:36.932-05,2026-08-10 02:46:02.576-05,M,47,Make Ready - Time Required to Setup Job,,legacy
211,2026-08-10 02:46:02.576-05,2026-08-10 03:21:12.089-05,M,47-25,MR Wrong Mount,,legacy
211,2026-08-10 03:21:12.089-05,2026-08-10 03:48:19.038-05,B,88,Pump Problem,,legacy
211,2026-08-10 03:48:19.038-05,2026-08-10 03:56:21.078-05,M,47,Make Ready - Time Required to Setup Job,,legacy
211,2026-08-10 03:56:21.078-05,2026-08-10 04:05:23.154-05,M,80,Anilox: Change,,legacy
211,2026-08-10 04:05:23.154-05,2026-08-10 04:17:26.11-05,B,354,Housekeeping,,legacy
211,2026-08-10 04:17:26.11-05,2026-08-10 04:29:28.784-05,M,80,Anilox: Change,,legacy
211,2026-08-10 04:29:28.784-05,2026-08-10 05:01:37.009-05,M,47,Make Ready - Time Required to Setup Job,,legacy
211,2026-08-10 05:01:37.009-05,2026-08-10 06:05:54.758-05,G,150,Run Production,,legacy
211,2026-08-10 06:05:54.758-05,2026-08-10 06:18:58.156-05,B,145-99,Other,,legacy
211,2026-08-10 06:18:58.156-05,2026-08-10 07:36:17.093-05,G,150,Run Production,,legacy
211,2026-08-10 07:36:17.093-05,2026-08-10 09:19:48.337-05,M,48,Make Ready Sleeves,,legacy
211,2026-08-10 09:19:48.337-05,,M,47,Make Ready - Time Required to Setup Job,,legacy
212,2026-07-16 16:19:39.879-05,2026-07-16 16:38:43.553-05,G,150,Run Production,,legacy
212,2026-07-16 16:38:43.553-05,2026-07-16 16:40:43.896-05,B,450,Non Productive,,legacy
212,2026-07-16 16:40:43.896-05,2026-07-16 16:46:44.808-05,M,48,Make Ready Sleeves,,legacy
212,2026-07-16 16:46:44.808-05,2026-07-16 17:34:53.19-05,B,354,Housekeeping,,legacy
212,2026-07-16 17:34:53.19-05,2026-07-16 18:12:59.505-05,M,47,Make Ready - Time Required to Setup Job,,legacy
212,2026-07-16 18:12:59.505-05,2026-07-16 19:44:19.08-05,B,145-8,Dr. Blade Change,,legacy
212,2026-07-16 19:44:19.08-05,2026-07-16 21:47:38.606-05,M,47,Make Ready - Time Required to Setup Job,,legacy
212,2026-07-16 21:47:38.606-05,2026-07-16 21:49:38.97-05,M,85,Make Ready - Color Match,,legacy
212,2026-07-16 21:49:38.97-05,2026-07-16 22:02:40.509-05,M,47,Make Ready - Time Required to Setup Job,,legacy
212,2026-07-16 22:02:40.509-05,2026-07-16 22:45:46.02-05,G,150,Run Production,,legacy
212,2026-07-16 22:45:46.02-05,2026-07-16 22:47:46.232-05,B,450,Non Productive,,legacy
212,2026-07-16 22:47:46.232-05,2026-07-16 23:02:48.202-05,M,48,Make Ready Sleeves,,legacy
212,2026-07-16 23:02:48.202-05,2026-07-17 02:00:19.926-05,M,47,Make Ready - Time Required to Setup Job,,legacy
212,2026-07-17 02:00:19.926-05,2026-07-17 02:33:26.658-05,G,150,Run Production,,legacy
212,2026-07-17 02:33:26.658-05,2026-07-17 02:44:28.178-05,B,89,Ink: Wait On,,legacy
212,2026-07-17 02:44:28.178-05,2026-07-17 03:27:33.749-05,G,150,Run Production,,legacy
212,2026-07-17 03:27:33.749-05,2026-07-17 03:28:33.881-05,B,450,Non Productive,,legacy
212,2026-07-17 03:28:33.881-05,2026-07-17 03:53:37.82-05,M,48,Make Ready Sleeves,,legacy
212,2026-07-17 03:53:37.82-05,2026-07-17 07:45:16.838-05,M,47,Make Ready - Time Required to Setup Job,,legacy
212,2026-07-17 07:45:16.838-05,2026-07-17 08:12:22.788-05,M,85,Make Ready - Color Match,,legacy
212,2026-07-17 08:12:22.788-05,2026-07-17 08:30:26.628-05,M,80,Anilox: Change,,legacy
212,2026-07-17 08:30:26.628-05,2026-07-17 08:41:28.127-05,M,85,Make Ready - Color Match,,legacy
212,2026-07-17 08:41:28.127-05,2026-07-17 08:54:30.162-05,B,OPDT012,Waiting for lead approval,,legacy
212,2026-07-17 08:54:30.162-05,2026-07-17 08:55:30.279-05,M,47,Make Ready - Time Required to Setup Job,,legacy
212,2026-07-17 08:55:30.279-05,2026-07-17 09:04:31.534-05,B,OPDT012,Waiting for lead approval,,legacy
212,2026-07-17 09:04:31.534-05,2026-07-17 09:27:34.56-05,M,47-3,Make Ready Ghosting,,legacy
212,2026-07-17 09:27:34.56-05,2026-07-17 09:48:37.481-05,G,150,Run Production,,legacy
212,2026-07-17 09:48:37.481-05,2026-07-17 10:15:40.758-05,B,145-4,Plate Wash,,legacy
212,2026-07-17 10:15:40.758-05,2026-07-17 10:21:41.63-05,G,150,Run Production,,legacy
212,2026-07-17 10:21:41.63-05,2026-07-17 11:00:46.415-05,B,95,Press Problem / Impression,,legacy
212,2026-07-17 11:00:46.415-05,2026-07-17 11:38:51.165-05,G,150,Run Production,,legacy
212,2026-07-17 11:38:51.165-05,2026-07-17 11:53:53.104-05,B,145-4,Plate Wash,,legacy
212,2026-07-17 11:53:53.104-05,2026-07-17 11:58:53.693-05,M,80,Anilox: Change,,legacy
212,2026-07-17 11:58:53.693-05,2026-07-17 12:02:54.266-05,G,150,Run Production,,legacy
212,2026-07-17 12:02:54.266-05,2026-07-17 12:28:59.656-05,M,80,Anilox: Change,,legacy
212,2026-07-17 12:28:59.656-05,2026-07-17 13:28:11.948-05,G,150,Run Production,,legacy
212,2026-07-17 13:28:11.948-05,2026-07-17 14:12:21.761-05,M,48,Make Ready Sleeves,,legacy
212,2026-07-17 14:12:21.761-05,2026-07-17 14:56:29.274-05,M,47-4,Make Ready Bouncing,,legacy
212,2026-07-17 14:56:29.274-05,2026-07-17 15:25:33.145-05,M,47,Make Ready - Time Required to Setup Job,,legacy
212,2026-07-17 15:25:33.145-05,2026-07-17 15:39:35.012-05,M,85,Make Ready - Color Match,,legacy
212,2026-07-17 15:39:35.012-05,2026-07-17 15:56:37.159-05,M,47,Make Ready - Time Required to Setup Job,,legacy
212,2026-07-17 15:56:37.159-05,2026-07-17 16:18:40.394-05,G,150,Run Production,,legacy
212,2026-07-17 16:18:40.394-05,2026-07-17 16:39:43.277-05,B,354,Housekeeping,,legacy
212,2026-07-17 16:39:43.277-05,2026-07-17 20:44:27.485-05,G,150,Run Production,,legacy
212,2026-07-17 20:44:27.485-05,2026-07-17 20:57:29.229-05,B,145-8,Dr. Blade Change,,legacy
212,2026-07-17 20:57:29.229-05,2026-07-17 22:18:39.687-05,G,150,Run Production,,legacy
212,2026-07-17 22:18:39.687-05,2026-07-17 22:28:40.913-05,B,145-4,Plate Wash,,legacy
212,2026-07-17 22:28:40.913-05,2026-07-18 01:23:07.808-05,G,150,Run Production,,legacy
212,2026-07-18 01:23:07.808-05,2026-07-18 01:33:09.992-05,B,450,Non Productive,,legacy
212,2026-07-18 01:33:09.992-05,2026-07-18 01:34:10.236-05,M,47,Make Ready - Time Required to Setup Job,,legacy
212,2026-07-18 01:34:10.236-05,2026-07-18 03:06:30.059-05,G,150,Run Production,,legacy
212,2026-07-18 03:06:30.059-05,2026-07-18 03:55:37.351-05,B,450,Non Productive,,legacy
212,2026-07-18 03:55:37.351-05,2026-07-18 04:10:39.362-05,M,47-21,MR - Wait for Plates/Mounting,,legacy
212,2026-07-18 04:10:39.362-05,2026-07-18 04:27:42.08-05,M,48,Make Ready Sleeves,,legacy
212,2026-07-18 04:27:42.08-05,2026-07-18 05:25:49.415-05,B,354,Housekeeping,,legacy
212,2026-07-18 05:25:49.415-05,2026-07-18 06:44:02.375-05,M,47,Make Ready - Time Required to Setup Job,,legacy
212,2026-07-18 06:44:02.375-05,2026-07-18 13:39:13.916-05,B,450,Non Productive,,legacy
212,2026-07-18 13:39:13.916-05,2026-07-18 14:21:22.812-05,M,47,Make Ready - Time Required to Setup Job,,legacy
212,2026-07-18 14:21:22.812-05,2026-07-18 15:07:30.239-05,M,47-3,Make Ready Ghosting,,legacy
212,2026-07-18 15:07:30.239-05,2026-07-18 15:12:30.807-05,B,450,Non Productive,,legacy
212,2026-07-18 15:12:30.807-05,2026-07-18 16:42:42.818-05,M,48,Make Ready Sleeves,,legacy
212,2026-07-18 16:42:42.818-05,2026-07-18 17:43:50.347-05,B,450,Non Productive,,legacy
212,2026-07-18 17:43:50.347-05,2026-07-18 19:50:12.741-05,M,47,Make Ready - Time Required to Setup Job,,legacy
212,2026-07-18 19:50:12.741-05,2026-07-18 20:18:18.714-05,M,47-20,Make Ready Out of Register,,legacy
212,2026-07-18 20:18:18.714-05,2026-07-18 20:45:24.26-05,B,145-4,Plate Wash,,legacy
212,2026-07-18 20:45:24.26-05,2026-07-18 21:09:28.44-05,B,145-2,Poor Print,,legacy
212,2026-07-18 21:09:28.44-05,2026-07-18 21:37:31.993-05,M,47,Make Ready - Time Required to Setup Job,,legacy
212,2026-07-18 21:37:31.993-05,2026-07-18 21:43:32.693-05,M,80,Anilox: Change,,legacy
212,2026-07-18 21:43:32.693-05,2026-07-18 23:07:43.142-05,M,85,Make Ready - Color Match,,legacy
212,2026-07-18 23:07:43.142-05,2026-07-18 23:50:48.413-05,M,47,Make Ready - Time Required to Setup Job,,legacy
212,2026-07-18 23:50:48.413-05,2026-07-19 00:03:50.122-05,B,145-2,Poor Print,,legacy
212,2026-07-19 00:03:50.122-05,2026-07-19 01:24:01.788-05,G,150,Run Production,,legacy
212,2026-07-19 01:24:01.788-05,2026-07-19 02:03:09.869-05,B,145-4,Plate Wash,,legacy
212,2026-07-19 02:03:09.869-05,2026-07-19 02:51:20.502-05,G,150,Run Production,,legacy
212,2026-07-19 02:51:20.502-05,2026-07-19 03:30:28.498-05,B,350,Roll Change,,legacy
212,2026-07-19 03:30:28.498-05,2026-07-19 04:25:35.687-05,G,150,Run Production,,legacy
212,2026-07-19 04:25:35.687-05,2026-07-19 05:07:40.868-05,B,354,Housekeeping,,legacy
212,2026-07-19 05:07:40.868-05,2026-07-19 05:22:42.968-05,B,145-4,Plate Wash,,legacy
212,2026-07-19 05:22:42.968-05,2026-07-19 05:45:45.691-05,B,145-2,Poor Print,,legacy
212,2026-07-19 05:45:45.691-05,2026-07-19 06:02:47.734-05,B,41-5,Maintenance - CI Section,,legacy
212,2026-07-19 06:02:47.734-05,2026-07-19 06:03:47.897-05,M,47,Make Ready - Time Required to Setup Job,,legacy
212,2026-07-19 06:03:47.897-05,2026-07-19 06:26:50.769-05,B,95,Press Problem / Impression,,legacy
212,2026-07-19 06:26:50.769-05,2026-07-19 06:46:53.524-05,B,145-8,Dr. Blade Change,,legacy
212,2026-07-19 06:46:53.524-05,2026-07-19 09:14:21.824-05,B,95,Press Problem / Impression,,legacy
212,2026-07-19 09:14:21.824-05,2026-07-19 09:36:26.684-05,M,85,Make Ready - Color Match,,legacy
212,2026-07-19 09:36:26.684-05,2026-07-19 10:06:30.807-05,M,80,Anilox: Change,,legacy
212,2026-07-19 10:06:30.807-05,2026-07-19 10:27:33.364-05,M,85,Make Ready - Color Match,,legacy
212,2026-07-19 10:27:33.364-05,2026-07-19 10:48:35.949-05,M,80,Anilox: Change,,legacy
212,2026-07-19 10:48:35.949-05,2026-07-19 11:52:43.874-05,G,150,Run Production,,legacy
212,2026-07-19 11:52:43.874-05,2026-07-19 12:30:48.82-05,B,145-8,Dr. Blade Change,,legacy
212,2026-07-19 12:30:48.82-05,2026-07-19 12:53:51.925-05,B,95,Press Problem / Impression,,legacy
212,2026-07-19 12:53:51.925-05,2026-07-19 13:15:54.569-05,B,87,Ink: Off Color,,legacy
212,2026-07-19 13:15:54.569-05,2026-07-19 14:10:04.11-05,G,150,Run Production,,legacy
212,2026-07-19 14:10:04.11-05,2026-07-19 14:19:05.867-05,B,95,Press Problem / Impression,,legacy
212,2026-07-19 14:19:05.867-05,2026-07-19 14:45:11.466-05,G,150,Run Production,,legacy
212,2026-07-19 14:45:11.466-05,2026-07-19 15:09:16.681-05,B,145-4,Plate Wash,,legacy
212,2026-07-19 15:09:16.681-05,2026-07-19 15:31:21.286-05,G,150,Run Production,,legacy
212,2026-07-19 15:31:21.286-05,2026-07-19 16:24:30.995-05,M,47-12,Make Ready Wait for Film,,legacy
212,2026-07-19 16:24:30.995-05,2026-07-19 16:40:33.303-05,B,87,Ink: Off Color,,legacy
212,2026-07-19 16:40:33.303-05,2026-07-19 17:07:36.631-05,G,150,Run Production,,legacy
212,2026-07-19 17:07:36.631-05,2026-07-19 17:09:36.963-05,B,450,Non Productive,,legacy
212,2026-07-19 17:09:36.963-05,2026-07-19 17:39:41.336-05,B,354,Housekeeping,,legacy
212,2026-07-19 17:39:41.336-05,2026-07-19 18:51:50.31-05,M,48,Make Ready Sleeves,,legacy
212,2026-07-19 18:51:50.31-05,2026-07-19 20:39:07.844-05,M,47,Make Ready - Time Required to Setup Job,,legacy
212,2026-07-19 20:39:07.844-05,2026-07-19 21:57:24.255-05,M,85,Make Ready - Color Match,,legacy
212,2026-07-19 21:57:24.255-05,2026-07-20 00:12:42.605-05,G,150,Run Production,,legacy
212,2026-07-20 00:12:42.605-05,2026-07-20 00:25:44.177-05,B,145-2,Poor Print,,legacy
212,2026-07-20 00:25:44.177-05,2026-07-20 01:46:53.868-05,G,150,Run Production,,legacy
212,2026-07-20 01:46:53.868-05,2026-07-20 01:53:54.767-05,M,48,Make Ready Sleeves,,legacy
212,2026-07-20 01:53:54.767-05,2026-07-20 03:00:07.014-05,B,145-99,Other,,legacy
212,2026-07-20 03:00:07.014-05,2026-07-20 04:36:27.138-05,M,47,Make Ready - Time Required to Setup Job,,legacy
212,2026-07-20 04:36:27.138-05,2026-07-20 05:07:31.188-05,B,354,Housekeeping,,legacy
212,2026-07-20 05:07:31.188-05,2026-07-20 05:26:33.539-05,M,47,Make Ready - Time Required to Setup Job,,legacy
212,2026-07-20 05:26:33.539-05,2026-07-20 05:49:36.478-05,M,85,Make Ready - Color Match,,legacy
212,2026-07-20 05:49:36.478-05,2026-07-20 06:57:44.999-05,M,47,Make Ready - Time Required to Setup Job,,legacy
212,2026-07-20 06:57:44.999-05,2026-07-20 08:16:54.759-05,G,150,Run Production,,legacy
212,2026-07-20 08:16:54.759-05,2026-07-20 08:17:54.915-05,B,450,Non Productive,,legacy
212,2026-07-20 08:17:54.915-05,2026-07-20 09:10:04.681-05,M,48,Make Ready Sleeves,,legacy
212,2026-07-20 09:10:04.681-05,2026-07-20 09:14:05.59-05,B,145-4,Plate Wash,,legacy
212,2026-07-20 09:14:05.59-05,2026-07-20 09:59:15.048-05,G,150,Run Production,,legacy
212,2026-07-20 09:59:15.048-05,2026-07-20 10:13:18.059-05,M,48,Make Ready Sleeves,,legacy
212,2026-07-20 10:13:18.059-05,2026-07-20 11:11:29.483-05,M,47,Make Ready - Time Required to Setup Job,,legacy
212,2026-07-20 11:11:29.483-05,2026-07-20 11:31:31.885-05,M,85,Make Ready - Color Match,,legacy
212,2026-07-20 11:31:31.885-05,2026-07-20 11:34:32.287-05,M,47,Make Ready - Time Required to Setup Job,,legacy
212,2026-07-20 11:34:32.287-05,2026-07-20 12:28:39.219-05,G,150,Run Production,,legacy
212,2026-07-20 12:28:39.219-05,2026-07-20 12:29:39.357-05,B,450,Non Productive,,legacy
212,2026-07-20 12:29:39.357-05,2026-07-20 13:18:45.51-05,M,48,Make Ready Sleeves,,legacy
212,2026-07-20 13:18:45.51-05,2026-07-20 13:25:46.36-05,B,41-5,Maintenance - CI Section,,legacy
212,2026-07-20 13:25:46.36-05,2026-07-20 13:47:49.269-05,M,47,Make Ready - Time Required to Setup Job,,legacy
212,2026-07-20 13:47:49.269-05,2026-07-20 14:14:52.704-05,M,47-3,Make Ready Ghosting,,legacy
212,2026-07-20 14:14:52.704-05,2026-07-20 14:40:55.902-05,M,85,Make Ready - Color Match,,legacy
212,2026-07-20 14:40:55.902-05,2026-07-20 14:54:57.763-05,M,47,Make Ready - Time Required to Setup Job,,legacy
212,2026-07-20 14:54:57.763-05,2026-07-20 16:02:12.368-05,G,150,Run Production,,legacy
212,2026-07-20 16:02:12.368-05,2026-07-20 16:05:13.052-05,B,450,Non Productive,,legacy
212,2026-07-20 16:05:13.052-05,2026-07-20 16:31:19.103-05,M,48,Make Ready Sleeves,,legacy
212,2026-07-20 16:31:19.103-05,2026-07-20 16:38:20.64-05,B,354,Housekeeping,,legacy
212,2026-07-20 16:38:20.64-05,2026-07-20 16:39:20.853-05,B,450,Non Productive,,legacy
212,2026-07-20 16:39:20.853-05,2026-07-20 16:42:21.543-05,M,48,Make Ready Sleeves,,legacy
212,2026-07-20 16:42:21.543-05,2026-07-20 17:15:28.061-05,M,47,Make Ready - Time Required to Setup Job,,legacy
212,2026-07-20 17:15:28.061-05,2026-07-20 17:32:30.318-05,B,354,Housekeeping,,legacy
212,2026-07-20 17:32:30.318-05,2026-07-20 18:43:39.491-05,M,47,Make Ready - Time Required to Setup Job,,legacy
212,2026-07-20 18:43:39.491-05,2026-07-20 19:17:43.86-05,B,145-8,Dr. Blade Change,,legacy
212,2026-07-20 19:17:43.86-05,2026-07-20 19:18:44.005-05,B,29,Electrical: Press Other,,legacy
212,2026-07-20 19:18:44.005-05,2026-07-20 19:20:44.186-05,M,47,Make Ready - Time Required to Setup Job,,legacy
212,2026-07-20 19:20:44.186-05,2026-07-20 19:30:45.386-05,G,150,Run Production,,legacy
212,2026-07-20 19:30:45.386-05,2026-07-20 19:44:47.145-05,B,145-4,Plate Wash,,legacy
212,2026-07-20 19:44:47.145-05,2026-07-20 20:33:53.389-05,G,150,Run Production,,legacy
212,2026-07-20 20:33:53.389-05,2026-07-20 20:37:53.855-05,B,450,Non Productive,,legacy
212,2026-07-20 20:37:53.855-05,2026-07-20 21:42:06.357-05,M,48,Make Ready Sleeves,,legacy
212,2026-07-20 21:42:06.357-05,2026-07-20 23:17:27.407-05,M,47,Make Ready - Time Required to Setup Job,,legacy
212,2026-07-20 23:17:27.407-05,2026-07-21 01:19:43.029-05,G,150,Run Production,,legacy
212,2026-07-21 01:19:43.029-05,2026-07-21 01:22:43.354-05,B,450,Non Productive,,legacy
212,2026-07-21 01:22:43.354-05,2026-07-21 02:27:51.525-05,M,48,Make Ready Sleeves,,legacy
212,2026-07-21 02:27:51.525-05,2026-07-21 03:47:04.524-05,M,47,Make Ready - Time Required to Setup Job,,legacy
212,2026-07-21 03:47:04.524-05,2026-07-21 04:15:10.73-05,M,80,Anilox: Change,,legacy
212,2026-07-21 04:15:10.73-05,2026-07-21 04:38:15.912-05,B,354,Housekeeping,,legacy
212,2026-07-21 04:38:15.912-05,2026-07-21 06:16:33.967-05,M,85,Make Ready - Color Match,,legacy
212,2026-07-21 06:16:33.967-05,2026-07-21 06:17:34.098-05,B,145-4,Plate Wash,,legacy
212,2026-07-21 06:17:34.098-05,2026-07-21 06:25:35.193-05,M,80,Anilox: Change,,legacy
212,2026-07-21 06:25:35.193-05,2026-07-21 07:54:47.765-05,M,85,Make Ready - Color Match,,legacy
212,2026-07-21 07:54:47.765-05,2026-07-21 08:06:49.292-05,M,47-2,Make Ready Dirty Print,,legacy
212,2026-07-21 08:06:49.292-05,2026-07-21 08:21:51.662-05,G,150,Run Production,,legacy
212,2026-07-21 08:21:51.662-05,2026-07-21 08:27:02.894-05,B,95,Press Problem / Impression,,legacy
212,2026-07-21 08:27:02.894-05,2026-07-21 09:04:11.115-05,B,41-1,Maintenance - Mechanical,,legacy
212,2026-07-21 09:04:11.115-05,2026-07-21 09:19:14.603-05,B,126,Substrate - Web Break,,legacy
212,2026-07-21 09:19:14.603-05,2026-07-21 09:42:20.056-05,G,150,Run Production,,legacy
212,2026-07-21 09:42:20.056-05,2026-07-21 09:43:20.314-05,M,47,Make Ready - Time Required to Setup Job,,legacy
212,2026-07-21 09:43:20.314-05,2026-07-21 10:04:25.264-05,B,145-8,Dr. Blade Change,,legacy
212,2026-07-21 10:04:25.264-05,2026-07-21 10:57:33.547-05,G,150,Run Production,,legacy
212,2026-07-21 10:57:33.547-05,2026-07-21 11:05:34.677-05,B,145-3,Drum Clean,,legacy
212,2026-07-21 11:05:34.677-05,2026-07-21 12:06:43.366-05,G,150,Run Production,,legacy
212,2026-07-21 12:06:43.366-05,2026-07-21 12:07:43.531-05,B,450,Non Productive,,legacy
212,2026-07-21 12:07:43.531-05,2026-07-21 12:16:44.828-05,M,48,Make Ready Sleeves,,legacy
212,2026-07-21 12:16:44.828-05,2026-07-21 13:00:51.073-05,M,47-18,MR Out of Stock of Sleeves,,legacy
212,2026-07-21 13:00:51.073-05,2026-07-21 14:24:05.602-05,M,47,Make Ready - Time Required to Setup Job,,legacy
212,2026-07-21 14:24:05.602-05,2026-07-21 14:38:08.764-05,B,145-4,Plate Wash,,legacy
212,2026-07-21 14:38:08.764-05,2026-07-21 15:03:13.929-05,B,95,Press Problem / Impression,,legacy
212,2026-07-21 15:03:13.929-05,2026-07-21 15:21:17.816-05,M,85,Make Ready - Color Match,,legacy
212,2026-07-21 15:21:17.816-05,2026-07-21 16:30:30.958-05,G,150,Run Production,,legacy
212,2026-07-21 16:30:30.958-05,2026-07-21 16:36:31.748-05,B,450,Non Productive,,legacy
212,2026-07-21 16:36:31.748-05,2026-07-21 16:55:34.107-05,M,48,Make Ready Sleeves,,legacy
212,2026-07-21 16:55:34.107-05,2026-07-21 17:13:37.047-05,M,47-18,MR Out of Stock of Sleeves,,legacy
212,2026-07-21 17:13:37.047-05,2026-07-21 17:19:37.851-05,B,354,Housekeeping,,legacy
212,2026-07-21 17:19:37.851-05,2026-07-21 20:09:01.455-05,M,47,Make Ready - Time Required to Setup Job,,legacy
212,2026-07-21 20:09:01.455-05,2026-07-21 20:19:03.55-05,M,85,Make Ready - Color Match,,legacy
212,2026-07-21 20:19:03.55-05,2026-07-21 20:36:07.134-05,M,47,Make Ready - Time Required to Setup Job,,legacy
212,2026-07-21 20:36:07.134-05,2026-07-21 20:44:09.082-05,G,150,Run Production,,legacy
212,2026-07-21 20:44:09.082-05,2026-07-21 21:01:12.481-05,B,145-4,Plate Wash,,legacy
212,2026-07-21 21:01:12.481-05,2026-07-21 21:58:24.6-05,G,150,Run Production,,legacy
212,2026-07-21 21:58:24.6-05,2026-07-21 22:17:29.183-05,B,89,Ink: Wait On,,legacy
212,2026-07-21 22:17:29.183-05,2026-07-21 23:32:39.504-05,B,95,Press Problem / Impression,,legacy
212,2026-07-21 23:32:39.504-05,2026-07-22 00:23:46.394-05,M,47-19,Make Ready Sleeve Low Spot,,legacy
212,2026-07-22 00:23:46.394-05,2026-07-22 00:43:49.29-05,B,145-4,Plate Wash,,legacy
212,2026-07-22 00:43:49.29-05,2026-07-22 01:35:56.165-05,B,145-8,Dr. Blade Change,,legacy
212,2026-07-22 01:35:56.165-05,2026-07-22 03:25:20.683-05,G,150,Run Production,,legacy
212,2026-07-22 03:25:20.683-05,2026-07-22 03:33:22.379-05,B,29,Electrical: Press Other,,legacy
212,2026-07-22 03:33:22.379-05,2026-07-22 03:34:22.599-05,M,47,Make Ready - Time Required to Setup Job,,legacy
212,2026-07-22 03:34:22.599-05,2026-07-22 04:14:30.573-05,G,150,Run Production,,legacy
212,2026-07-22 04:14:30.573-05,2026-07-22 04:54:36.806-05,B,354,Housekeeping,,legacy
212,2026-07-22 04:54:36.806-05,2026-07-22 07:01:55.161-05,G,150,Run Production,,legacy
212,2026-07-22 07:01:55.161-05,2026-07-22 07:21:59.203-05,B,87,Ink: Off Color,,legacy
212,2026-07-22 07:21:59.203-05,2026-07-22 07:31:01.591-05,B,350,Roll Change,,legacy
212,2026-07-22 07:31:01.591-05,2026-07-22 07:36:02.809-05,B,87,Ink: Off Color,,legacy
212,2026-07-22 07:36:02.809-05,2026-07-22 09:02:24.842-05,G,150,Run Production,,legacy
212,2026-07-22 09:02:24.842-05,2026-07-22 09:03:25.21-05,B,450,Non Productive,,legacy
212,2026-07-22 09:03:25.21-05,2026-07-22 09:18:28.459-05,M,48,Make Ready Sleeves,,legacy
212,2026-07-22 09:18:28.459-05,2026-07-22 09:48:33.649-05,M,47-18,MR Out of Stock of Sleeves,,legacy
212,2026-07-22 09:48:33.649-05,2026-07-22 10:02:36.054-05,M,47,Make Ready - Time Required to Setup Job,,legacy
212,2026-07-22 10:02:36.054-05,2026-07-22 10:34:41.392-05,M,47-3,Make Ready Ghosting,,legacy
212,2026-07-22 10:34:41.392-05,2026-07-22 10:47:43.741-05,B,87,Ink: Off Color,,legacy
212,2026-07-22 10:47:43.741-05,2026-07-22 11:22:50.473-05,G,150,Run Production,,legacy
212,2026-07-22 11:22:50.473-05,2026-07-22 11:48:54.993-05,B,95,Press Problem / Impression,,legacy
212,2026-07-22 11:48:54.993-05,2026-07-22 12:46:08.013-05,G,150,Run Production,,legacy
212,2026-07-22 12:46:08.013-05,2026-07-22 12:57:10.633-05,B,450,Non Productive,,legacy
212,2026-07-22 12:57:10.633-05,2026-07-22 13:20:16.315-05,G,150,Run Production,,legacy
212,2026-07-22 13:20:16.315-05,2026-07-22 13:36:20.772-05,B,145-4,Plate Wash,,legacy
212,2026-07-22 13:36:20.772-05,2026-07-22 14:22:30.615-05,B,450,Non Productive,,legacy
212,2026-07-22 14:22:30.615-05,2026-07-22 14:24:31.308-05,M,47,Make Ready - Time Required to Setup Job,,legacy
212,2026-07-22 14:24:31.308-05,2026-07-22 15:00:36.614-05,G,150,Run Production,,legacy
212,2026-07-22 15:00:36.614-05,2026-07-22 15:07:37.702-05,B,145-4,Plate Wash,,legacy
212,2026-07-22 15:07:37.702-05,2026-07-22 16:02:45.597-05,G,150,Run Production,,legacy
212,2026-07-22 16:02:45.597-05,2026-07-22 16:37:51.342-05,B,145-8,Dr. Blade Change,,legacy
212,2026-07-22 16:37:51.342-05,2026-07-22 17:08:55.957-05,G,150,Run Production,,legacy
212,2026-07-22 17:08:55.957-05,2026-07-22 17:10:56.191-05,B,450,Non Productive,,legacy
212,2026-07-22 17:10:56.191-05,2026-07-22 17:24:58.547-05,M,48,Make Ready Sleeves,,legacy
212,2026-07-22 17:24:58.547-05,2026-07-22 17:55:05.472-05,M,47,Make Ready - Time Required to Setup Job,,legacy
212,2026-07-22 17:55:05.472-05,2026-07-22 18:28:13.262-05,M,47-19,Make Ready Sleeve Low Spot,,legacy
212,2026-07-22 18:28:13.262-05,2026-07-22 18:39:15.833-05,M,47,Make Ready - Time Required to Setup Job,,legacy
212,2026-07-22 18:39:15.833-05,2026-07-22 18:56:19.838-05,M,47-19,Make Ready Sleeve Low Spot,,legacy
212,2026-07-22 18:56:19.838-05,2026-07-22 20:26:36.91-05,M,47,Make Ready - Time Required to Setup Job,,legacy
212,2026-07-22 20:26:36.91-05,2026-07-22 20:45:39.667-05,B,145-4,Plate Wash,,legacy
212,2026-07-22 20:45:39.667-05,2026-07-22 23:05:00.602-05,G,150,Run Production,,legacy
212,2026-07-22 23:05:00.602-05,2026-07-22 23:06:00.79-05,B,450,Non Productive,,legacy
212,2026-07-22 23:06:00.79-05,2026-07-22 23:15:02.774-05,M,48,Make Ready Sleeves,,legacy
212,2026-07-22 23:15:02.774-05,2026-07-23 01:10:28.739-05,M,47,Make Ready - Time Required to Setup Job,,legacy
212,2026-07-23 01:10:28.739-05,2026-07-23 01:44:33.696-05,M,47-19,Make Ready Sleeve Low Spot,,legacy
212,2026-07-23 01:44:33.696-05,2026-07-24 14:32:32.917-05,M,47,Make Ready - Time Required to Setup Job,,legacy
212,2026-07-24 14:32:32.917-05,2026-07-24 15:03:39.949-05,G,150,Run Production,,legacy
212,2026-07-24 15:03:39.949-05,2026-07-24 15:07:40.844-05,B,87,Ink: Off Color,,legacy
212,2026-07-24 15:07:40.844-05,2026-07-24 15:21:43.871-05,B,41-5,Maintenance - CI Section,,legacy
212,2026-07-24 15:21:43.871-05,2026-07-24 15:31:46.205-05,B,350,Roll Change,,legacy
212,2026-07-24 15:31:46.205-05,2026-07-24 15:34:46.981-05,G,150,Run Production,,legacy
212,2026-07-24 15:34:46.981-05,2026-07-24 15:40:48.351-05,B,350,Roll Change,,legacy
212,2026-07-24 15:40:48.351-05,2026-07-24 16:41:01.152-05,B,145-3,Drum Clean,,legacy
212,2026-07-24 16:41:01.152-05,2026-07-24 16:42:01.379-05,B,450,Non Productive,,legacy
212,2026-07-24 16:42:01.379-05,2026-07-24 16:43:01.573-05,M,47,Make Ready - Time Required to Setup Job,,legacy
212,2026-07-24 16:43:01.573-05,2026-07-24 16:54:03.976-05,G,150,Run Production,,legacy
212,2026-07-24 16:54:03.976-05,2026-07-24 16:55:04.204-05,B,450,Non Productive,,legacy
212,2026-07-24 16:55:04.204-05,2026-07-24 17:28:11.725-05,B,145-3,Drum Clean,,legacy
212,2026-07-24 17:28:11.725-05,2026-07-24 18:28:24.809-05,G,150,Run Production,,legacy
212,2026-07-24 18:28:24.809-05,2026-07-24 18:54:31.38-05,B,145-4,Plate Wash,,legacy
212,2026-07-24 18:54:31.38-05,2026-07-24 19:15:36.133-05,B,145-3,Drum Clean,,legacy
212,2026-07-24 19:15:36.133-05,2026-07-24 19:33:40.087-05,G,150,Run Production,,legacy
212,2026-07-24 19:33:40.087-05,2026-07-24 19:34:40.32-05,M,80,Anilox: Change,,legacy
212,2026-07-24 19:34:40.32-05,2026-07-24 20:43:56.159-05,B,93,Plates: Defective Pre-Press,,legacy
212,2026-07-24 20:43:56.159-05,2026-07-24 21:52:12.207-05,G,150,Run Production,,legacy
212,2026-07-24 21:52:12.207-05,2026-07-24 21:53:12.4-05,B,95,Press Problem / Impression,,legacy
212,2026-07-24 21:53:12.4-05,2026-07-25 01:31:01.215-05,G,150,Run Production,,legacy
212,2026-07-25 01:31:01.215-05,2026-07-25 01:32:01.431-05,B,450,Non Productive,,legacy
212,2026-07-25 01:32:01.431-05,2026-07-25 02:09:09.753-05,M,48,Make Ready Sleeves,,legacy
212,2026-07-25 02:09:09.753-05,2026-07-25 02:10:09.982-05,B,145-98,Quality Hold,,legacy
212,2026-07-25 02:10:09.982-05,2026-07-25 04:04:35.521-05,M,47,Make Ready - Time Required to Setup Job,,legacy
212,2026-07-25 04:04:35.521-05,2026-07-25 04:56:46.96-05,M,47-20,Make Ready Out of Register,,legacy
212,2026-07-25 04:56:46.96-05,2026-07-25 05:20:52.469-05,B,354,Housekeeping,,legacy
212,2026-07-25 05:20:52.469-05,2026-07-25 06:29:08.539-05,B,126,Substrate - Web Break,,legacy
212,2026-07-25 06:29:08.539-05,2026-07-25 07:04:16.483-05,B,145-7,Film Web Break,,legacy
212,2026-07-25 07:04:16.483-05,2026-07-25 07:57:29.27-05,M,47,Make Ready - Time Required to Setup Job,,legacy
212,2026-07-25 07:57:29.27-05,2026-07-25 08:15:33.788-05,M,85,Make Ready - Color Match,,legacy
212,2026-07-25 08:15:33.788-05,2026-07-25 08:19:34.938-05,M,47,Make Ready - Time Required to Setup Job,,legacy
212,2026-07-25 08:19:34.938-05,2026-07-25 09:10:46.031-05,B,350,Roll Change,,legacy
212,2026-07-25 09:10:46.031-05,2026-07-25 09:11:46.27-05,M,47,Make Ready - Time Required to Setup Job,,legacy
212,2026-07-25 09:11:46.27-05,2026-07-25 09:47:54.693-05,G,150,Run Production,,legacy
212,2026-07-25 09:47:54.693-05,2026-07-25 10:12:00.01-05,B,145-8,Dr. Blade Change,,legacy
212,2026-07-25 10:12:00.01-05,2026-07-25 10:30:03.829-05,G,150,Run Production,,legacy
212,2026-07-25 10:30:03.829-05,2026-07-25 11:08:12.295-05,B,145-3,Drum Clean,,legacy
212,2026-07-25 11:08:12.295-05,2026-07-25 11:25:15.796-05,M,80,Anilox: Change,,legacy
212,2026-07-25 11:25:15.796-05,2026-07-25 12:34:31.594-05,G,150,Run Production,,legacy
212,2026-07-25 12:34:31.594-05,2026-07-25 12:35:31.844-05,B,145-1,Film Core Waste,,legacy
212,2026-07-25 12:35:31.844-05,2026-07-25 12:36:32.058-05,B,450,Non Productive,,legacy
212,2026-07-25 12:36:32.058-05,2026-07-25 12:55:36.102-05,M,48,Make Ready Sleeves,,legacy
212,2026-07-25 12:55:36.102-05,2026-07-25 14:12:53.358-05,M,47,Make Ready - Time Required to Setup Job,,legacy
212,2026-07-25 14:12:53.358-05,2026-07-25 14:22:55.722-05,B,41-5,Maintenance - CI Section,,legacy
212,2026-07-25 14:22:55.722-05,2026-07-25 14:45:00.86-05,M,47,Make Ready - Time Required to Setup Job,,legacy
212,2026-07-25 14:45:00.86-05,2026-07-25 15:19:08.267-05,M,85,Make Ready - Color Match,,legacy
212,2026-07-25 15:19:08.267-05,2026-07-25 15:33:11.706-05,M,47,Make Ready - Time Required to Setup Job,,legacy
212,2026-07-25 15:33:11.706-05,2026-07-25 16:46:28.561-05,G,150,Run Production,,legacy
212,2026-07-25 16:46:28.561-05,2026-07-25 17:24:39.945-05,B,354,Housekeeping,,legacy
212,2026-07-25 17:24:39.945-05,2026-07-25 17:30:41.361-05,B,145-4,Plate Wash,,legacy
212,2026-07-25 17:30:41.361-05,2026-07-25 18:44:58.372-05,G,150,Run Production,,legacy
212,2026-07-25 18:44:58.372-05,2026-07-25 18:47:59.174-05,B,450,Non Productive,,legacy
212,2026-07-25 18:47:59.174-05,2026-07-25 19:13:04.861-05,M,48,Make Ready Sleeves,,legacy
212,2026-07-25 19:13:04.861-05,2026-07-25 19:33:09.501-05,M,47,Make Ready - Time Required to Setup Job,,legacy
212,2026-07-25 19:33:09.501-05,2026-07-25 19:34:09.794-05,B,64,Mech - Press Other,,legacy
212,2026-07-25 19:34:09.794-05,2026-07-25 19:35:10.005-05,M,47,Make Ready - Time Required to Setup Job,,legacy
212,2026-07-25 19:35:10.005-05,2026-07-25 20:00:15.409-05,M,48,Make Ready Sleeves,,legacy
212,2026-07-25 20:00:15.409-05,2026-07-25 22:39:51.256-05,M,47,Make Ready - Time Required to Setup Job,,legacy
212,2026-07-25 22:39:51.256-05,2026-07-25 22:56:55.584-05,B,145-4,Plate Wash,,legacy
212,2026-07-25 22:56:55.584-05,2026-07-25 23:39:05.377-05,G,150,Run Production,,legacy
212,2026-07-25 23:39:05.377-05,2026-07-26 00:11:12.31-05,B,145-2,Poor Print,,legacy
212,2026-07-26 00:11:12.31-05,2026-07-26 04:01:03.686-05,G,150,Run Production,,legacy
212,2026-07-26 04:01:03.686-05,2026-07-26 04:36:11.781-05,B,354,Housekeeping,,legacy
212,2026-07-26 04:36:11.781-05,2026-07-26 05:41:26.774-05,G,150,Run Production,,legacy
212,2026-07-26 05:41:26.774-05,2026-07-26 05:42:26.996-05,B,145-1,Film Core Waste,,legacy
212,2026-07-26 05:42:26.996-05,2026-07-26 05:58:30.414-05,G,150,Run Production,,legacy
212,2026-07-26 05:58:30.414-05,2026-07-26 06:30:37.878-05,B,145-4,Plate Wash,,legacy
212,2026-07-26 06:30:37.878-05,2026-07-26 06:55:43.76-05,B,145-3,Drum Clean,,legacy
212,2026-07-26 06:55:43.76-05,2026-07-26 09:48:21.05-05,G,150,Run Production,,legacy
212,2026-07-26 09:48:21.05-05,2026-07-26 10:03:24.19-05,B,145-4,Plate Wash,,legacy
212,2026-07-26 10:03:24.19-05,2026-07-26 12:25:56.643-05,G,150,Run Production,,legacy
212,2026-07-26 12:25:56.643-05,2026-07-26 13:08:06.124-05,B,126,Substrate - Web Break,,legacy
212,2026-07-26 13:08:06.124-05,2026-07-26 13:55:16.483-05,G,150,Run Production,,legacy
212,2026-07-26 13:55:16.483-05,2026-07-26 14:09:19.435-05,B,145-4,Plate Wash,,legacy
212,2026-07-26 14:09:19.435-05,2026-07-26 15:51:42.772-05,G,150,Run Production,,legacy
212,2026-07-26 15:51:42.772-05,2026-07-26 16:35:52.355-05,B,145-3,Drum Clean,,legacy
212,2026-07-26 16:35:52.355-05,2026-07-26 17:20:02.822-05,G,150,Run Production,,legacy
212,2026-07-26 17:20:02.822-05,2026-07-26 17:36:06.169-05,B,145-4,Plate Wash,,legacy
212,2026-07-26 17:36:06.169-05,2026-07-26 19:18:29.986-05,G,150,Run Production,,legacy
212,2026-07-26 19:18:29.986-05,2026-07-26 19:56:38.352-05,B,145-4,Plate Wash,,legacy
212,2026-07-26 19:56:38.352-05,2026-07-26 22:13:09.553-05,G,150,Run Production,,legacy
212,2026-07-26 22:13:09.553-05,2026-07-26 22:35:14.828-05,B,145-4,Plate Wash,,legacy
212,2026-07-26 22:35:14.828-05,2026-07-26 23:51:32.369-05,G,150,Run Production,,legacy
212,2026-07-26 23:51:32.369-05,2026-07-27 00:00:34.312-05,M,48,Make Ready Sleeves,,legacy
212,2026-07-27 00:00:34.312-05,2026-07-27 02:12:03.931-05,M,47,Make Ready - Time Required to Setup Job,,legacy
212,2026-07-27 02:12:03.931-05,2026-07-27 02:40:10.076-05,B,145-4,Plate Wash,,legacy
212,2026-07-27 02:40:10.076-05,2026-07-27 02:59:14.104-05,M,47,Make Ready - Time Required to Setup Job,,legacy
212,2026-07-27 02:59:14.104-05,2026-07-27 04:43:39.556-05,G,150,Run Production,,legacy
212,2026-07-27 04:43:39.556-05,2026-07-27 04:59:42.812-05,B,354,Housekeeping,,legacy
212,2026-07-27 04:59:42.812-05,2026-07-27 06:50:07.693-05,G,150,Run Production,,legacy
212,2026-07-27 06:50:07.693-05,2026-07-27 07:07:11.394-05,B,145-3,Drum Clean,,legacy
212,2026-07-27 07:07:11.394-05,2026-07-27 08:25:28.707-05,G,150,Run Production,,legacy
212,2026-07-27 08:25:28.707-05,2026-07-27 08:38:31.782-05,B,145-4,Plate Wash,,legacy
212,2026-07-27 08:38:31.782-05,2026-07-27 09:37:45.255-05,G,150,Run Production,,legacy
212,2026-07-27 09:37:45.255-05,2026-07-27 10:12:53.303-05,M,48,Make Ready Sleeves,,legacy
212,2026-07-27 10:12:53.303-05,2026-07-27 11:11:06.79-05,B,354,Housekeeping,,legacy
212,2026-07-27 11:11:06.79-05,2026-07-27 11:49:15.679-05,B,145-8,Dr. Blade Change,,legacy
212,2026-07-27 11:49:15.679-05,2026-07-27 12:08:19.725-05,M,48,Make Ready Sleeves,,legacy
212,2026-07-27 12:08:19.725-05,2026-07-27 12:33:25.738-05,M,47,Make Ready - Time Required to Setup Job,,legacy
212,2026-07-27 12:33:25.738-05,2026-07-27 13:06:33.477-05,M,47-3,Make Ready Ghosting,,legacy
212,2026-07-27 13:06:33.477-05,2026-07-27 13:17:36.28-05,M,47,Make Ready - Time Required to Setup Job,,legacy
212,2026-07-27 13:17:36.28-05,2026-07-27 14:24:50.892-05,M,85,Make Ready - Color Match,,legacy
212,2026-07-27 14:24:50.892-05,2026-07-27 16:27:19.431-05,G,150,Run Production,,legacy
212,2026-07-27 16:27:19.431-05,2026-07-27 16:38:22.045-05,B,450,Non Productive,,legacy
212,2026-07-27 16:38:22.045-05,2026-07-27 17:17:30.82-05,B,354,Housekeeping,,legacy
212,2026-07-27 17:17:30.82-05,2026-07-27 17:42:36.306-05,M,47,Make Ready - Time Required to Setup Job,,legacy
212,2026-07-27 17:42:36.306-05,2026-07-27 19:20:57.875-05,M,47-14,MR Anilox Change (Low volume),,legacy
212,2026-07-27 19:20:57.875-05,2026-07-27 20:32:13.856-05,G,150,Run Production,,legacy
212,2026-07-27 20:32:13.856-05,2026-07-27 20:33:14.058-05,M,47,Make Ready - Time Required to Setup Job,,legacy
212,2026-07-27 20:33:14.058-05,2026-07-27 20:38:15.421-05,B,450,Non Productive,,legacy
212,2026-07-27 20:38:15.421-05,2026-07-27 20:39:15.699-05,M,47,Make Ready - Time Required to Setup Job,,legacy
212,2026-07-27 20:39:15.699-05,2026-07-27 21:08:22.619-05,M,48,Make Ready Sleeves,,legacy
212,2026-07-27 21:08:22.619-05,2026-07-27 23:02:49.275-05,M,47,Make Ready - Time Required to Setup Job,,legacy
212,2026-07-27 23:02:49.275-05,2026-07-28 00:26:07.705-05,M,47-13,Make Ready Film Over Size,,legacy
212,2026-07-28 00:26:07.705-05,2026-07-28 01:49:25.817-05,G,150,Run Production,,legacy
212,2026-07-28 01:49:25.817-05,2026-07-28 01:58:27.722-05,B,145-4,Plate Wash,,legacy
212,2026-07-28 01:58:27.722-05,2026-07-28 02:03:28.862-05,G,150,Run Production,,legacy
212,2026-07-28 02:03:28.862-05,2026-07-28 03:28:48.187-05,M,47-19,Make Ready Sleeve Low Spot,,legacy
212,2026-07-28 03:28:48.187-05,2026-07-28 06:40:31.434-05,G,150,Run Production,,legacy
212,2026-07-28 06:40:31.434-05,2026-07-28 06:45:32.555-05,B,450,Non Productive,,legacy
212,2026-07-28 06:45:32.555-05,2026-07-28 08:15:53.432-05,M,48,Make Ready Sleeves,,legacy
212,2026-07-28 08:15:53.432-05,2026-07-28 08:32:57.075-05,M,47,Make Ready - Time Required to Setup Job,,legacy
212,2026-07-28 08:32:57.075-05,2026-07-28 08:41:59.107-05,M,47-3,Make Ready Ghosting,,legacy
212,2026-07-28 08:41:59.107-05,2026-07-28 08:57:02.396-05,B,145-8,Dr. Blade Change,,legacy
212,2026-07-28 08:57:02.396-05,2026-07-28 09:11:05.306-05,B,145-3,Drum Clean,,legacy
212,2026-07-28 09:11:05.306-05,2026-07-28 10:20:20.316-05,M,47-24,MR Sticky Back Change,,legacy
212,2026-07-28 10:20:20.316-05,2026-07-28 10:47:26.179-05,G,150,Run Production,,legacy
212,2026-07-28 10:47:26.179-05,2026-07-28 11:38:38.23-05,B,126,Substrate - Web Break,,legacy
212,2026-07-28 11:38:38.23-05,2026-07-28 15:41:33.746-05,G,150,Run Production,,legacy
212,2026-07-28 15:41:33.746-05,2026-07-28 15:45:34.608-05,B,450,Non Productive,,legacy
212,2026-07-28 15:45:34.608-05,2026-07-28 15:53:36.42-05,M,48,Make Ready Sleeves,,legacy
212,2026-07-28 15:53:36.42-05,2026-07-28 16:57:50.617-05,M,47,Make Ready - Time Required to Setup Job,,legacy
212,2026-07-28 16:57:50.617-05,2026-07-28 17:19:55.653-05,B,354,Housekeeping,,legacy
212,2026-07-28 17:19:55.653-05,2026-07-28 18:18:08.729-05,M,47-3,Make Ready Ghosting,,legacy
212,2026-07-28 18:18:08.729-05,2026-07-28 19:21:22.566-05,M,47,Make Ready - Time Required to Setup Job,,legacy
212,2026-07-28 19:21:22.566-05,2026-07-28 23:01:13.204-05,G,150,Run Production,,legacy
212,2026-07-28 23:01:13.204-05,2026-07-28 23:11:15.518-05,B,450,Non Productive,,legacy
212,2026-07-28 23:11:15.518-05,2026-07-29 00:11:28.975-05,M,48,Make Ready Sleeves,,legacy
212,2026-07-29 00:11:28.975-05,2026-07-29 00:31:33.349-05,M,47,Make Ready - Time Required to Setup Job,,legacy
212,2026-07-29 00:31:33.349-05,2026-07-29 00:47:37.287-05,M,85,Make Ready - Color Match,,legacy
212,2026-07-29 00:47:37.287-05,2026-07-29 01:01:40.652-05,G,150,Run Production,,legacy
212,2026-07-29 01:01:40.652-05,2026-07-29 01:10:42.961-05,B,95,Press Problem / Impression,,legacy
212,2026-07-29 01:10:42.961-05,2026-07-29 03:21:11.893-05,G,150,Run Production,,legacy
212,2026-07-29 03:21:11.893-05,2026-07-29 03:41:16.539-05,B,145-3,Drum Clean,,legacy
212,2026-07-29 03:41:16.539-05,2026-07-29 05:14:39.313-05,G,150,Run Production,,legacy
212,2026-07-29 05:14:39.313-05,2026-07-29 05:18:40.161-05,B,145-3,Drum Clean,,legacy
212,2026-07-29 05:18:40.161-05,2026-07-29 06:40:58.921-05,G,150,Run Production,,legacy
212,2026-07-29 06:40:58.921-05,2026-07-29 06:53:01.619-05,B,145-4,Plate Wash,,legacy
212,2026-07-29 06:53:01.619-05,2026-07-29 07:13:06.629-05,B,145-8,Dr. Blade Change,,legacy
212,2026-07-29 07:13:06.629-05,2026-07-29 07:55:16.283-05,G,150,Run Production,,legacy
212,2026-07-29 07:55:16.283-05,2026-07-29 08:12:20.244-05,B,87,Ink: Off Color,,legacy
212,2026-07-29 08:12:20.244-05,2026-07-29 08:13:20.463-05,G,150,Run Production,,legacy
212,2026-07-29 08:13:20.463-05,2026-07-29 09:59:45.135-05,B,87,Ink: Off Color,,legacy
212,2026-07-29 09:59:45.135-05,2026-07-29 10:49:56.203-05,G,150,Run Production,,legacy
212,2026-07-29 10:49:56.203-05,2026-07-29 12:16:16.921-05,B,87,Ink: Off Color,,legacy
212,2026-07-29 12:16:16.921-05,2026-07-29 12:20:17.79-05,B,41-5,Maintenance - CI Section,,legacy
212,2026-07-29 12:20:17.79-05,2026-07-29 12:51:24.86-05,G,150,Run Production,,legacy
212,2026-07-29 12:51:24.86-05,2026-07-29 13:05:27.972-05,B,145-3,Drum Clean,,legacy
212,2026-07-29 13:05:27.972-05,2026-07-29 13:21:31.867-05,G,150,Run Production,,legacy
212,2026-07-29 13:21:31.867-05,2026-07-29 13:38:35.589-05,B,145-4,Plate Wash,,legacy
212,2026-07-29 13:38:35.589-05,2026-07-29 14:32:47.406-05,M,47-22,MR Plate Damage in Press,,legacy
212,2026-07-29 14:32:47.406-05,2026-07-29 15:33:01.158-05,G,150,Run Production,,legacy
212,2026-07-29 15:33:01.158-05,2026-07-29 15:40:02.781-05,B,89,Ink: Wait On,,legacy
212,2026-07-29 15:40:02.781-05,2026-07-29 16:14:12.334-05,G,150,Run Production,,legacy
212,2026-07-29 16:14:12.334-05,2026-07-29 16:28:16.25-05,B,87,Ink: Off Color,,legacy
212,2026-07-29 16:28:16.25-05,2026-07-29 16:32:17.194-05,G,150,Run Production,,legacy
212,2026-07-29 16:32:17.194-05,2026-07-29 16:44:20.383-05,B,87,Ink: Off Color,,legacy
212,2026-07-29 16:44:20.383-05,2026-07-29 17:05:25.187-05,G,150,Run Production,,legacy
212,2026-07-29 17:05:25.187-05,2026-07-29 17:07:25.614-05,B,87,Ink: Off Color,,legacy
212,2026-07-29 17:07:25.614-05,2026-07-29 17:13:27.772-05,B,450,Non Productive,,legacy
212,2026-07-29 17:13:27.772-05,2026-07-29 17:23:30.225-05,B,145-3,Drum Clean,,legacy
212,2026-07-29 17:23:30.225-05,2026-07-29 17:47:35.596-05,M,48,Make Ready Sleeves,,legacy
212,2026-07-29 17:47:35.596-05,2026-07-29 19:00:52.904-05,B,29,Electrical: Press Other,,legacy
212,2026-07-29 19:00:52.904-05,2026-07-29 19:18:57.151-05,M,47,Make Ready - Time Required to Setup Job,,legacy
212,2026-07-29 19:18:57.151-05,2026-07-29 20:30:13.46-05,M,48,Make Ready Sleeves,,legacy
212,2026-07-29 20:30:13.46-05,2026-07-29 21:08:22.567-05,M,47,Make Ready - Time Required to Setup Job,,legacy
212,2026-07-29 21:08:22.567-05,2026-07-29 21:52:33.018-05,B,145-7,Film Web Break,,legacy
212,2026-07-29 21:52:33.018-05,2026-07-29 22:55:46.811-05,M,47,Make Ready - Time Required to Setup Job,,legacy
212,2026-07-29 22:55:46.811-05,2026-07-29 23:22:52.663-05,B,145-2,Poor Print,,legacy
212,2026-07-29 23:22:52.663-05,2026-07-29 23:58:00.687-05,M,47,Make Ready - Time Required to Setup Job,,legacy
212,2026-07-29 23:58:00.687-05,2026-07-30 01:20:19.944-05,M,47-25,MR Wrong Mount,,legacy
212,2026-07-30 01:20:19.944-05,2026-07-30 01:42:24.952-05,M,47,Make Ready - Time Required to Setup Job,,legacy
212,2026-07-30 01:42:24.952-05,2026-07-30 01:59:28.732-05,B,145-4,Plate Wash,,legacy
212,2026-07-30 01:59:28.732-05,2026-07-30 03:08:44.722-05,G,150,Run Production,,legacy
212,2026-07-30 03:08:44.722-05,2026-07-30 04:28:06.253-05,M,47-21,MR - Wait for Plates/Mounting,,legacy
212,2026-07-30 04:28:06.253-05,2026-07-30 05:06:15.155-05,M,48,Make Ready Sleeves,,legacy
212,2026-07-30 05:06:15.155-05,2026-07-30 06:34:35.367-05,M,47,Make Ready - Time Required to Setup Job,,legacy
212,2026-07-30 06:34:35.367-05,2026-07-30 06:51:39.311-05,G,150,Run Production,,legacy
212,2026-07-30 06:51:39.311-05,2026-07-30 07:05:42.359-05,B,145-3,Drum Clean,,legacy
212,2026-07-30 07:05:42.359-05,2026-07-30 07:57:54.218-05,G,150,Run Production,,legacy
212,2026-07-30 07:57:54.218-05,2026-07-30 07:58:54.447-05,B,145-1,Film Core Waste,,legacy
212,2026-07-30 07:58:54.447-05,2026-07-30 08:01:55.089-05,B,450,Non Productive,,legacy
212,2026-07-30 08:01:55.089-05,2026-07-30 08:21:59.826-05,M,48,Make Ready Sleeves,,legacy
212,2026-07-30 08:21:59.826-05,2026-07-30 09:56:25.392-05,M,47,Make Ready - Time Required to Setup Job,,legacy
212,2026-07-30 09:56:25.392-05,2026-07-30 10:24:32.599-05,B,145-8,Dr. Blade Change,,legacy
212,2026-07-30 10:24:32.599-05,2026-07-30 10:45:37.339-05,M,47,Make Ready - Time Required to Setup Job,,legacy
212,2026-07-30 10:45:37.339-05,2026-07-30 11:01:41.233-05,B,145-4,Plate Wash,,legacy
212,2026-07-30 11:01:41.233-05,2026-07-30 13:16:18.169-05,G,150,Run Production,,legacy
212,2026-07-30 13:16:18.169-05,2026-07-30 13:17:18.351-05,M,47,Make Ready - Time Required to Setup Job,,legacy
212,2026-07-30 13:17:18.351-05,2026-07-30 13:37:22.727-05,M,48,Make Ready Sleeves,,legacy
212,2026-07-30 13:37:22.727-05,2026-07-30 14:07:30.625-05,M,47,Make Ready - Time Required to Setup Job,,legacy
212,2026-07-30 14:07:30.625-05,2026-07-30 15:11:46.127-05,B,125,Substrate - Other,,legacy
212,2026-07-30 15:11:46.127-05,2026-07-30 15:12:46.403-05,B,139,Rewind Material,,legacy
212,2026-07-30 15:12:46.403-05,2026-07-30 16:41:08.564-05,B,137,Customer Approval,,legacy
212,2026-07-30 16:41:08.564-05,2026-07-30 16:47:09.897-05,G,150,Run Production,,legacy
212,2026-07-30 16:47:09.897-05,2026-07-30 16:48:10.088-05,B,139,Rewind Material,,legacy
212,2026-07-30 16:48:10.088-05,2026-07-30 17:06:13.961-05,G,150,Run Production,,legacy
212,2026-07-30 17:06:13.961-05,2026-07-30 17:39:21.308-05,B,354,Housekeeping,,legacy
212,2026-07-30 17:39:21.308-05,2026-07-30 19:00:41.086-05,G,150,Run Production,,legacy
212,2026-07-30 19:00:41.086-05,2026-07-30 19:19:45.368-05,B,15,Computer/Radius/IT,,legacy
212,2026-07-30 19:19:45.368-05,2026-07-30 19:33:48.462-05,G,150,Run Production,,legacy
212,2026-07-30 19:33:48.462-05,2026-07-30 23:09:37.935-05,B,15,Computer/Radius/IT,,legacy
212,2026-07-30 23:09:37.935-05,2026-07-30 23:10:38.178-05,M,47,Make Ready - Time Required to Setup Job,,legacy
212,2026-07-30 23:10:38.178-05,2026-07-30 23:40:44.993-05,G,150,Run Production,,legacy
212,2026-07-30 23:40:44.993-05,2026-07-30 23:46:46.328-05,B,145-2,Poor Print,,legacy
212,2026-07-30 23:46:46.328-05,2026-07-31 00:20:54.212-05,G,150,Run Production,,legacy
212,2026-07-31 00:20:54.212-05,2026-07-31 00:24:55.118-05,B,450,Non Productive,,legacy
212,2026-07-31 00:24:55.118-05,2026-07-31 00:42:59.738-05,M,48,Make Ready Sleeves,,legacy
212,2026-07-31 00:42:59.738-05,2026-07-31 03:18:37.091-05,M,47,Make Ready - Time Required to Setup Job,,legacy
212,2026-07-31 03:18:37.091-05,2026-07-31 05:00:00.849-05,G,150,Run Production,,legacy
212,2026-07-31 05:00:00.849-05,2026-07-31 05:06:02.04-05,B,450,Non Productive,,legacy
212,2026-07-31 05:06:02.04-05,2026-07-31 05:31:07.432-05,B,145-3,Drum Clean,,legacy
212,2026-07-31 05:31:07.432-05,2026-07-31 05:59:13.869-05,M,48,Make Ready Sleeves,,legacy
212,2026-07-31 05:59:13.869-05,2026-07-31 06:57:27.94-05,M,47,Make Ready - Time Required to Setup Job,,legacy
212,2026-07-31 06:57:27.94-05,2026-07-31 07:07:30.262-05,B,41-5,Maintenance - CI Section,,legacy
212,2026-07-31 07:07:30.262-05,2026-07-31 08:02:42.925-05,M,47,Make Ready - Time Required to Setup Job,,legacy
212,2026-07-31 08:02:42.925-05,2026-07-31 09:03:56.874-05,G,150,Run Production,,legacy
212,2026-07-31 09:03:56.874-05,2026-07-31 09:46:07.002-05,B,139,Rewind Material,,legacy
212,2026-07-31 09:46:07.002-05,2026-07-31 09:47:07.2-05,B,450,Non Productive,,legacy
212,2026-07-31 09:47:07.2-05,2026-07-31 10:04:10.733-05,M,48,Make Ready Sleeves,,legacy
212,2026-07-31 10:04:10.733-05,2026-07-31 10:10:12.072-05,M,47,Make Ready - Time Required to Setup Job,,legacy
212,2026-07-31 10:10:12.072-05,2026-07-31 10:18:14.654-05,M,80,Anilox: Change,,legacy
212,2026-07-31 10:18:14.654-05,2026-07-31 10:56:22.516-05,M,47,Make Ready - Time Required to Setup Job,,legacy
212,2026-07-31 10:56:22.516-05,2026-07-31 11:20:28.448-05,M,47-5,Make Ready Chamber Malfunction,,legacy
212,2026-07-31 11:20:28.448-05,2026-07-31 11:53:35.764-05,M,47,Make Ready - Time Required to Setup Job,,legacy
212,2026-07-31 11:53:35.764-05,2026-07-31 12:32:44.867-05,M,50,Make Ready - Color Match,,legacy
212,2026-07-31 12:32:44.867-05,2026-07-31 13:50:01.874-05,G,150,Run Production,,legacy
212,2026-07-31 13:50:01.874-05,2026-07-31 14:01:04.243-05,M,48,Make Ready Sleeves,,legacy
212,2026-07-31 14:01:04.243-05,2026-07-31 14:52:15.227-05,M,47,Make Ready - Time Required to Setup Job,,legacy
212,2026-07-31 14:52:15.227-05,2026-07-31 15:09:19.342-05,B,15,Computer/Radius/IT,,legacy
212,2026-07-31 15:09:19.342-05,2026-07-31 15:30:26.246-05,M,47,Make Ready - Time Required to Setup Job,,legacy
212,2026-07-31 15:30:26.246-05,2026-07-31 15:32:26.696-05,M,85,Make Ready - Color Match,,legacy
212,2026-07-31 15:32:26.696-05,2026-07-31 16:26:40.658-05,M,47,Make Ready - Time Required to Setup Job,,legacy
212,2026-07-31 16:26:40.658-05,2026-07-31 16:39:43.793-05,B,354,Housekeeping,,legacy
212,2026-07-31 16:39:43.793-05,2026-07-31 17:25:53.922-05,G,150,Run Production,,legacy
212,2026-07-31 17:25:53.922-05,2026-07-31 17:35:56.295-05,B,450,Non Productive,,legacy
212,2026-07-31 17:35:56.295-05,2026-07-31 18:16:06.269-05,M,48,Make Ready Sleeves,,legacy
212,2026-07-31 18:16:06.269-05,2026-07-31 18:22:07.465-05,M,47-99,Make Ready Other,,legacy
212,2026-07-31 18:22:07.465-05,2026-07-31 19:56:30.777-05,B,145-8,Dr. Blade Change,,legacy
212,2026-07-31 19:56:30.777-05,2026-07-31 21:11:47.083-05,M,47,Make Ready - Time Required to Setup Job,,legacy
212,2026-07-31 21:11:47.083-05,2026-07-31 21:32:51.445-05,B,145-4,Plate Wash,,legacy
212,2026-07-31 21:32:51.445-05,2026-07-31 21:34:51.89-05,M,47,Make Ready - Time Required to Setup Job,,legacy
212,2026-07-31 21:34:51.89-05,2026-07-31 23:28:17.052-05,G,150,Run Production,,legacy
212,2026-07-31 23:28:17.052-05,2026-07-31 23:58:23.629-05,M,48,Make Ready Sleeves,,legacy
212,2026-07-31 23:58:23.629-05,2026-08-01 01:18:41.538-05,M,47,Make Ready - Time Required to Setup Job,,legacy
212,2026-08-01 01:18:41.538-05,2026-08-01 02:12:53.193-05,G,150,Run Production,,legacy
212,2026-08-01 02:12:53.193-05,2026-08-01 03:21:08.197-05,M,47-21,MR - Wait for Plates/Mounting,,legacy
212,2026-08-01 03:21:08.197-05,2026-08-01 04:32:24.111-05,M,48,Make Ready Sleeves,,legacy
212,2026-08-01 04:32:24.111-05,2026-08-01 05:06:35.686-05,G,150,Run Production,,legacy
212,2026-08-01 05:06:35.686-05,2026-08-01 05:07:35.906-05,B,450,Non Productive,,legacy
212,2026-08-01 05:07:35.906-05,2026-08-01 05:54:46.325-05,M,47-21,MR - Wait for Plates/Mounting,,legacy
212,2026-08-01 05:54:46.325-05,2026-08-01 06:16:50.982-05,M,48,Make Ready Sleeves,,legacy
212,2026-08-01 06:16:50.982-05,2026-08-01 07:36:08.681-05,M,47,Make Ready - Time Required to Setup Job,,legacy
212,2026-08-01 07:36:08.681-05,2026-08-01 09:06:27.984-05,B,126,Substrate - Web Break,,legacy
212,2026-08-01 09:06:27.984-05,2026-08-01 09:23:31.587-05,M,47,Make Ready - Time Required to Setup Job,,legacy
212,2026-08-01 09:23:31.587-05,2026-08-01 10:20:44.142-05,G,150,Run Production,,legacy
212,2026-08-01 10:20:44.142-05,2026-08-01 10:21:44.369-05,B,450,Non Productive,,legacy
212,2026-08-01 10:21:44.369-05,2026-08-01 10:35:47.496-05,M,48,Make Ready Sleeves,,legacy
212,2026-08-01 10:35:47.496-05,2026-08-01 11:40:01.556-05,M,47,Make Ready - Time Required to Setup Job,,legacy
212,2026-08-01 11:40:01.556-05,2026-08-01 12:32:13.32-05,G,150,Run Production,,legacy
212,2026-08-01 12:32:13.32-05,2026-08-01 12:33:13.507-05,B,450,Non Productive,,legacy
212,2026-08-01 12:33:13.507-05,2026-08-01 12:39:14.797-05,M,48,Make Ready Sleeves,,legacy
212,2026-08-01 12:39:14.797-05,2026-08-01 13:02:19.585-05,M,47-9,Make Ready Wait for ink,,legacy
212,2026-08-01 13:02:19.585-05,2026-08-01 14:15:36.931-05,M,47,Make Ready - Time Required to Setup Job,,legacy
212,2026-08-01 14:15:36.931-05,2026-08-01 14:22:38.399-05,G,150,Run Production,,legacy
212,2026-08-01 14:22:38.399-05,2026-08-01 14:32:40.543-05,B,145-4,Plate Wash,,legacy
212,2026-08-01 14:32:40.543-05,2026-08-01 15:43:55.82-05,G,150,Run Production,,legacy
212,2026-08-01 15:43:55.82-05,2026-08-01 15:55:58.415-05,B,450,Non Productive,,legacy
212,2026-08-01 15:55:58.415-05,2026-08-01 16:38:07.54-05,M,47,Make Ready - Time Required to Setup Job,,legacy
212,2026-08-01 16:38:07.54-05,2026-08-01 17:16:15.94-05,M,48,Make Ready Sleeves,,legacy
212,2026-08-01 17:16:15.94-05,2026-08-01 20:19:57.915-05,M,47,Make Ready - Time Required to Setup Job,,legacy
212,2026-08-01 20:19:57.915-05,2026-08-01 20:34:00.832-05,M,47-4,Make Ready Bouncing,,legacy
212,2026-08-01 20:34:00.832-05,2026-08-01 20:44:03.117-05,M,50,Make Ready - Color Match,,legacy
212,2026-08-01 20:44:03.117-05,2026-08-01 20:57:06.077-05,G,150,Run Production,,legacy
212,2026-08-01 20:57:06.077-05,2026-08-01 21:12:09.282-05,M,80,Anilox: Change,,legacy
212,2026-08-01 21:12:09.282-05,2026-08-01 22:41:29.787-05,G,150,Run Production,,legacy
212,2026-08-01 22:41:29.787-05,2026-08-01 22:47:31.105-05,B,145-2,Poor Print,,legacy
212,2026-08-01 22:47:31.105-05,2026-08-02 04:09:44.966-05,G,150,Run Production,,legacy
212,2026-08-02 04:09:44.966-05,2026-08-02 04:36:51.167-05,B,354,Housekeeping,,legacy
212,2026-08-02 04:36:51.167-05,2026-08-02 06:04:10.667-05,G,150,Run Production,,legacy
212,2026-08-02 06:04:10.667-05,2026-08-02 06:54:22.002-05,B,145-3,Drum Clean,,legacy
212,2026-08-02 06:54:22.002-05,2026-08-02 10:10:05.697-05,G,150,Run Production,,legacy
212,2026-08-02 10:10:05.697-05,2026-08-02 10:58:16.456-05,B,145-4,Plate Wash,,legacy
212,2026-08-02 10:58:16.456-05,2026-08-02 11:25:22.535-05,G,150,Run Production,,legacy
212,2026-08-02 11:25:22.535-05,2026-08-02 11:26:22.76-05,B,450,Non Productive,,legacy
212,2026-08-02 11:26:22.76-05,2026-08-02 11:48:28.24-05,M,48,Make Ready Sleeves,,legacy
212,2026-08-02 11:48:28.24-05,2026-08-02 13:08:45.852-05,B,450,Non Productive,,legacy
212,2026-08-02 13:08:45.852-05,2026-08-02 13:56:56.532-05,M,47,Make Ready - Time Required to Setup Job,,legacy
212,2026-08-02 13:56:56.532-05,2026-08-02 14:32:04.551-05,M,85,Make Ready - Color Match,,legacy
212,2026-08-02 14:32:04.551-05,2026-08-02 17:03:38.596-05,B,354,Housekeeping,,legacy
212,2026-08-02 17:03:38.596-05,2026-08-02 17:04:38.799-05,B,145-6,Ink Spill,,legacy
212,2026-08-02 17:04:38.799-05,2026-08-02 17:27:43.673-05,B,354,Housekeeping,,legacy
212,2026-08-02 17:27:43.673-05,2026-08-02 17:51:48.744-05,M,47,Make Ready - Time Required to Setup Job,,legacy
212,2026-08-02 17:51:48.744-05,2026-08-02 18:52:03.138-05,B,145-8,Dr. Blade Change,,legacy
212,2026-08-02 18:52:03.138-05,2026-08-02 18:53:03.386-05,B,139,Rewind Material,,legacy
212,2026-08-02 18:53:03.386-05,2026-08-02 19:58:18.296-05,M,47-5,Make Ready Chamber Malfunction,,legacy
212,2026-08-02 19:58:18.296-05,2026-08-02 20:24:23.763-05,M,85,Make Ready - Color Match,,legacy
212,2026-08-02 20:24:23.763-05,2026-08-02 21:09:33.399-05,M,80,Anilox: Change,,legacy
212,2026-08-02 21:09:33.399-05,2026-08-02 21:45:41.595-05,B,145-99,Other,,legacy
212,2026-08-02 21:45:41.595-05,2026-08-02 22:54:56.762-05,M,80,Anilox: Change,,legacy
212,2026-08-02 22:54:56.762-05,2026-08-02 22:55:57.028-05,M,47-22,MR Plate Damage in Press,,legacy
212,2026-08-02 22:55:57.028-05,2026-08-02 22:56:57.257-05,M,47,Make Ready - Time Required to Setup Job,,legacy
212,2026-08-02 22:56:57.257-05,2026-08-03 01:38:33.268-05,B,41-5,Maintenance - CI Section,,legacy
212,2026-08-03 01:38:33.268-05,2026-08-03 02:29:44.491-05,B,145-7,Film Web Break,,legacy
212,2026-08-03 02:29:44.491-05,2026-08-03 04:59:16.598-05,M,47,Make Ready - Time Required to Setup Job,,legacy
212,2026-08-03 04:59:16.598-05,2026-08-04 08:17:44.3-05,B,450,Non Productive,,legacy
212,2026-08-04 08:17:44.3-05,2026-08-04 08:42:50.24-05,M,47,Make Ready - Time Required to Setup Job,,legacy
212,2026-08-04 08:42:50.24-05,2026-08-04 10:40:17.691-05,G,150,Run Production,,legacy
212,2026-08-04 10:40:17.691-05,2026-08-04 10:42:18.081-05,B,450,Non Productive,,legacy
212,2026-08-04 10:42:18.081-05,2026-08-04 10:43:18.324-05,M,47,Make Ready - Time Required to Setup Job,,legacy
212,2026-08-04 10:43:18.324-05,2026-08-04 10:45:18.807-05,B,450,Non Productive,,legacy
212,2026-08-04 10:45:18.807-05,2026-08-04 10:46:19.012-05,M,47,Make Ready - Time Required to Setup Job,,legacy
212,2026-08-04 10:46:19.012-05,2026-08-04 13:03:51.223-05,G,150,Run Production,,legacy
212,2026-08-04 13:03:51.223-05,2026-08-04 13:04:51.439-05,M,47,Make Ready - Time Required to Setup Job,,legacy
212,2026-08-04 13:04:51.439-05,2026-08-04 13:07:52.139-05,B,450,Non Productive,,legacy
212,2026-08-04 13:07:52.139-05,2026-08-04 13:08:52.33-05,M,47,Make Ready - Time Required to Setup Job,,legacy
212,2026-08-04 13:08:52.33-05,2026-08-04 13:14:53.783-05,B,450,Non Productive,,legacy
212,2026-08-04 13:14:53.783-05,2026-08-04 13:20:55.338-05,G,150,Run Production,,legacy
212,2026-08-04 13:20:55.338-05,2026-08-04 15:55:31.74-05,B,450,Non Productive,,legacy
212,2026-08-04 15:55:31.74-05,2026-08-04 15:57:32.174-05,M,47,Make Ready - Time Required to Setup Job,,legacy
212,2026-08-04 15:57:32.174-05,2026-08-04 17:39:57.289-05,B,450,Non Productive,,legacy
212,2026-08-04 17:39:57.289-05,2026-08-04 17:41:57.735-05,G,150,Run Production,,legacy
212,2026-08-04 17:41:57.735-05,2026-08-04 17:42:57.921-05,M,47,Make Ready - Time Required to Setup Job,,legacy
212,2026-08-04 17:42:57.921-05,2026-08-04 17:43:58.14-05,G,150,Run Production,,legacy
212,2026-08-04 17:43:58.14-05,2026-08-04 17:44:58.347-05,B,450,Non Productive,,legacy
212,2026-08-04 17:44:58.347-05,2026-08-04 17:45:58.562-05,M,47,Make Ready - Time Required to Setup Job,,legacy
212,2026-08-04 17:45:58.562-05,2026-08-04 17:46:58.769-05,G,150,Run Production,,legacy
212,2026-08-04 17:46:58.769-05,2026-08-08 03:46:55.108-05,B,450,Non Productive,,legacy
212,2026-08-08 03:46:55.108-05,2026-08-08 03:58:58.766-05,M,47,Make Ready - Time Required to Setup Job,,legacy
212,2026-08-08 03:58:58.766-05,2026-08-08 04:21:04.484-05,G,150,Run Production,,legacy
212,2026-08-08 04:21:04.484-05,2026-08-08 04:32:07.177-05,B,145-7,Film Web Break,,legacy
212,2026-08-08 04:32:07.177-05,2026-08-08 05:11:16.961-05,B,64,Mech - Press Other,,legacy
212,2026-08-08 05:11:16.961-05,2026-08-08 05:15:18.559-05,G,150,Run Production,,legacy
212,2026-08-08 05:15:18.559-05,2026-08-08 06:06:32.319-05,B,145-7,Film Web Break,,legacy
212,2026-08-08 06:06:32.319-05,2026-08-08 07:18:52.977-05,B,64,Mech - Press Other,,legacy
212,2026-08-08 07:18:52.977-05,2026-08-08 07:58:03.065-05,B,145-7,Film Web Break,,legacy
212,2026-08-08 07:58:03.065-05,2026-08-08 08:06:04.958-05,G,150,Run Production,,legacy
212,2026-08-08 08:06:04.958-05,2026-08-08 08:34:12.17-05,B,145-6,Ink Spill,,legacy
212,2026-08-08 08:34:12.17-05,2026-08-08 09:56:36.699-05,G,150,Run Production,,legacy
212,2026-08-08 09:56:36.699-05,2026-08-08 11:14:55.813-05,B,126,Substrate - Web Break,,legacy
212,2026-08-08 11:14:55.813-05,2026-08-08 11:47:03.468-05,B,OPDT005,Change of closure raw material,,legacy
212,2026-08-08 11:47:03.468-05,2026-08-08 12:17:10.81-05,B,68,Mech - Press: Printing Deck,,legacy
212,2026-08-08 12:17:10.81-05,2026-08-08 13:28:31.199-05,B,145-7,Film Web Break,,legacy
212,2026-08-08 13:28:31.199-05,2026-08-08 14:04:42.048-05,B,145-98,Quality Hold,,legacy
212,2026-08-08 14:04:42.048-05,2026-08-08 14:37:51.376-05,G,150,Run Production,,legacy
212,2026-08-08 14:37:51.376-05,2026-08-08 18:34:54.515-05,B,145-7,Film Web Break,,legacy
212,2026-08-08 18:34:54.515-05,2026-08-08 18:46:57.152-05,G,150,Run Production,,legacy
212,2026-08-08 18:46:57.152-05,2026-08-08 19:30:07.581-05,B,145-7,Film Web Break,,legacy
212,2026-08-08 19:30:07.581-05,2026-08-08 19:40:09.756-05,B,145-99,Other,,legacy
212,2026-08-08 19:40:09.756-05,2026-08-08 20:22:19.619-05,B,119,Substrate - Gauge Variation,,legacy
212,2026-08-08 20:22:19.619-05,2026-08-08 20:48:25.448-05,M,47-12,Make Ready Wait for Film,,legacy
212,2026-08-08 20:48:25.448-05,2026-08-08 21:43:39.647-05,B,145-7,Film Web Break,,legacy
212,2026-08-08 21:43:39.647-05,2026-08-08 22:25:49.758-05,G,150,Run Production,,legacy
212,2026-08-08 22:25:49.758-05,2026-08-08 22:46:55.894-05,B,145-7,Film Web Break,,legacy
212,2026-08-08 22:46:55.894-05,2026-08-09 03:02:59.289-05,G,150,Run Production,,legacy
212,2026-08-09 03:02:59.289-05,2026-08-09 03:13:01.539-05,B,350,Roll Change,,legacy
212,2026-08-09 03:13:01.539-05,2026-08-09 04:19:19.207-05,G,150,Run Production,,legacy
212,2026-08-09 04:19:19.207-05,2026-08-09 04:41:24.355-05,B,350,Roll Change,,legacy
212,2026-08-09 04:41:24.355-05,2026-08-09 05:32:37.811-05,G,150,Run Production,,legacy
212,2026-08-09 05:32:37.811-05,2026-08-09 06:09:47.273-05,B,350,Roll Change,,legacy
212,2026-08-09 06:09:47.273-05,2026-08-09 07:20:05.826-05,G,150,Run Production,,legacy
212,2026-08-09 07:20:05.826-05,2026-08-09 07:21:06.072-05,M,47,Make Ready - Time Required to Setup Job,,legacy
212,2026-08-09 07:21:06.072-05,2026-08-10 02:29:58.864-05,B,450,Non Productive,,legacy
212,2026-08-10 02:29:58.864-05,2026-08-10 02:30:59.069-05,M,48,Make Ready Sleeves,,legacy
212,2026-08-10 02:30:59.069-05,2026-08-10 02:54:04.31-05,M,47,Make Ready - Time Required to Setup Job,,legacy
212,2026-08-10 02:54:04.31-05,2026-08-10 03:26:13.732-05,M,80,Anilox: Change,,legacy
212,2026-08-10 03:26:13.732-05,2026-08-10 04:13:25.087-05,M,47,Make Ready - Time Required to Setup Job,,legacy
212,2026-08-10 04:13:25.087-05,2026-08-10 05:39:47.736-05,G,150,Run Production,,legacy
212,2026-08-10 05:39:47.736-05,2026-08-10 05:45:50.017-05,B,301,Cambio de Rollo,,legacy
212,2026-08-10 05:45:50.017-05,2026-08-10 07:38:17.608-05,G,150,Run Production,,legacy
212,2026-08-10 07:38:17.608-05,2026-08-10 07:57:22.669-05,B,86,Ink: Contamination,,legacy
212,2026-08-10 07:57:22.669-05,,G,150,Run Production,,legacy
213,2026-07-16 16:19:39.879-05,2026-07-16 18:40:05.156-05,G,150,Run Production,,legacy
213,2026-07-16 18:40:05.156-05,2026-07-16 18:41:05.351-05,B,139,Rewind Material,,legacy
213,2026-07-16 18:41:05.351-05,2026-07-16 18:56:08.514-05,B,89,Ink: Wait On,,legacy
213,2026-07-16 18:56:08.514-05,2026-07-16 19:29:15.745-05,G,150,Run Production,,legacy
213,2026-07-16 19:29:15.745-05,2026-07-16 21:43:38.15-05,B,145-8,Dr. Blade Change,,legacy
213,2026-07-16 21:43:38.15-05,2026-07-16 22:14:42.233-05,B,145-3,Drum Clean,,legacy
213,2026-07-16 22:14:42.233-05,2026-07-16 22:20:42.957-05,G,150,Run Production,,legacy
213,2026-07-16 22:20:42.957-05,2026-07-16 22:39:45.34-05,B,99,Plates: Wash,,legacy
213,2026-07-16 22:39:45.34-05,2026-07-16 22:56:47.352-05,G,150,Run Production,,legacy
213,2026-07-16 22:56:47.352-05,2026-07-16 23:11:49.599-05,B,95,Press Problem / Impression,,legacy
213,2026-07-16 23:11:49.599-05,2026-07-16 23:15:50.052-05,G,150,Run Production,,legacy
213,2026-07-16 23:15:50.052-05,2026-07-16 23:34:52.575-05,B,95,Press Problem / Impression,,legacy
213,2026-07-16 23:34:52.575-05,2026-07-17 00:46:04.558-05,G,150,Run Production,,legacy
213,2026-07-17 00:46:04.558-05,2026-07-17 00:58:07.062-05,M,80,Anilox: Change,,legacy
213,2026-07-17 00:58:07.062-05,2026-07-17 01:10:09.483-05,G,150,Run Production,,legacy
213,2026-07-17 01:10:09.483-05,2026-07-17 01:57:19.322-05,B,95,Press Problem / Impression,,legacy
213,2026-07-17 01:57:19.322-05,2026-07-17 02:45:28.24-05,G,150,Run Production,,legacy
213,2026-07-17 02:45:28.24-05,2026-07-17 02:46:28.361-05,B,95,Press Problem / Impression,,legacy
213,2026-07-17 02:46:28.361-05,2026-07-17 02:56:29.628-05,G,150,Run Production,,legacy
213,2026-07-17 02:56:29.628-05,2026-07-17 03:54:37.967-05,B,95,Press Problem / Impression,,legacy
213,2026-07-17 03:54:37.967-05,2026-07-17 04:11:40.027-05,G,150,Run Production,,legacy
213,2026-07-17 04:11:40.027-05,2026-07-17 04:53:45.505-05,M,47-24,MR Sticky Back Change,,legacy
213,2026-07-17 04:53:45.505-05,2026-07-17 05:05:46.921-05,B,95,Press Problem / Impression,,legacy
213,2026-07-17 05:05:46.921-05,2026-07-17 05:31:50.549-05,B,99,Plates: Wash,,legacy
213,2026-07-17 05:31:50.549-05,2026-07-17 06:07:55.502-05,B,95,Press Problem / Impression,,legacy
213,2026-07-17 06:07:55.502-05,2026-07-17 06:52:05.103-05,M,47-4,Make Ready Bouncing,,legacy
213,2026-07-17 06:52:05.103-05,2026-07-17 07:49:17.688-05,G,150,Run Production,,legacy
213,2026-07-17 07:49:17.688-05,2026-07-17 07:59:19.907-05,B,145-99,Other,,legacy
213,2026-07-17 07:59:19.907-05,2026-07-17 08:53:29.993-05,G,150,Run Production,,legacy
213,2026-07-17 08:53:29.993-05,2026-07-17 08:55:30.279-05,B,95,Press Problem / Impression,,legacy
213,2026-07-17 08:55:30.279-05,2026-07-17 09:03:31.359-05,B,99,Plates: Wash,,legacy
213,2026-07-17 09:03:31.359-05,2026-07-17 09:07:31.873-05,G,150,Run Production,,legacy
213,2026-07-17 09:07:31.873-05,2026-07-17 09:19:33.542-05,B,95,Press Problem / Impression,,legacy
213,2026-07-17 09:19:33.542-05,2026-07-17 09:27:34.56-05,G,150,Run Production,,legacy
213,2026-07-17 09:27:34.56-05,2026-07-17 09:45:36.935-05,B,95,Press Problem / Impression,,legacy
213,2026-07-17 09:45:36.935-05,2026-07-17 10:36:43.533-05,M,47-24,MR Sticky Back Change,,legacy
213,2026-07-17 10:36:43.533-05,2026-07-17 11:45:52.076-05,G,150,Run Production,,legacy
213,2026-07-17 11:45:52.076-05,2026-07-17 12:18:57.175-05,B,29,Electrical: Press Other,,legacy
213,2026-07-17 12:18:57.175-05,2026-07-17 13:03:06.712-05,G,150,Run Production,,legacy
213,2026-07-17 13:03:06.712-05,2026-07-17 13:07:07.584-05,B,99,Plates: Wash,,legacy
213,2026-07-17 13:07:07.584-05,2026-07-17 14:05:20.112-05,G,150,Run Production,,legacy
213,2026-07-17 14:05:20.112-05,2026-07-17 14:19:23.41-05,B,99,Plates: Wash,,legacy
213,2026-07-17 14:19:23.41-05,2026-07-17 14:54:29.035-05,G,150,Run Production,,legacy
213,2026-07-17 14:54:29.035-05,2026-07-17 14:56:29.274-05,B,139,Rewind Material,,legacy
213,2026-07-17 14:56:29.274-05,2026-07-17 15:20:32.498-05,B,354,Housekeeping,,legacy
213,2026-07-17 15:20:32.498-05,2026-07-17 15:41:35.223-05,B,145-8,Dr. Blade Change,,legacy
213,2026-07-17 15:41:35.223-05,2026-07-17 15:56:37.159-05,B,145-3,Drum Clean,,legacy
213,2026-07-17 15:56:37.159-05,2026-07-17 17:15:48.055-05,G,150,Run Production,,legacy
213,2026-07-17 17:15:48.055-05,2026-07-17 17:23:49.123-05,B,99,Plates: Wash,,legacy
213,2026-07-17 17:23:49.123-05,2026-07-17 21:47:35.909-05,G,150,Run Production,,legacy
213,2026-07-17 21:47:35.909-05,2026-07-17 21:53:36.72-05,B,99,Plates: Wash,,legacy
213,2026-07-17 21:53:36.72-05,2026-07-17 22:46:43.054-05,G,150,Run Production,,legacy
213,2026-07-17 22:46:43.054-05,2026-07-17 23:20:47.411-05,B,145-8,Dr. Blade Change,,legacy
213,2026-07-17 23:20:47.411-05,2026-07-18 05:07:47.192-05,G,150,Run Production,,legacy
213,2026-07-18 05:07:47.192-05,2026-07-18 05:08:47.362-05,B,450,Non Productive,,legacy
213,2026-07-18 05:08:47.362-05,2026-07-18 05:44:52.328-05,M,48,Make Ready Sleeves,,legacy
213,2026-07-18 05:44:52.328-05,2026-07-18 06:45:02.55-05,M,47,Make Ready - Time Required to Setup Job,,legacy
213,2026-07-18 06:45:02.55-05,2026-07-18 13:34:12.926-05,B,450,Non Productive,,legacy
213,2026-07-18 13:34:12.926-05,2026-07-18 14:51:27.94-05,M,47,Make Ready - Time Required to Setup Job,,legacy
213,2026-07-18 14:51:27.94-05,2026-07-18 15:09:30.47-05,G,150,Run Production,,legacy
213,2026-07-18 15:09:30.47-05,2026-07-18 15:28:32.73-05,M,80,Anilox: Change,,legacy
213,2026-07-18 15:28:32.73-05,2026-07-18 15:29:32.886-05,B,29,Electrical: Press Other,,legacy
213,2026-07-18 15:29:32.886-05,2026-07-18 16:15:39.284-05,M,80,Anilox: Change,,legacy
213,2026-07-18 16:15:39.284-05,2026-07-18 16:28:41.032-05,B,95,Press Problem / Impression,,legacy
213,2026-07-18 16:28:41.032-05,2026-07-18 16:36:42.105-05,G,150,Run Production,,legacy
213,2026-07-18 16:36:42.105-05,2026-07-18 16:41:42.703-05,B,64,Mech - Press Other,,legacy
213,2026-07-18 16:41:42.703-05,2026-07-18 16:52:43.966-05,B,29,Electrical: Press Other,,legacy
213,2026-07-18 16:52:43.966-05,2026-07-18 16:56:44.413-05,G,150,Run Production,,legacy
213,2026-07-18 16:56:44.413-05,2026-07-18 17:00:44.857-05,B,29,Electrical: Press Other,,legacy
213,2026-07-18 17:00:44.857-05,2026-07-18 18:07:53.577-05,B,450,Non Productive,,legacy
213,2026-07-18 18:07:53.577-05,2026-07-18 18:27:56.022-05,M,47,Make Ready - Time Required to Setup Job,,legacy
213,2026-07-18 18:27:56.022-05,2026-07-18 19:06:03.313-05,B,126,Substrate - Web Break,,legacy
213,2026-07-18 19:06:03.313-05,2026-07-18 21:11:28.617-05,B,95,Press Problem / Impression,,legacy
213,2026-07-18 21:11:28.617-05,2026-07-18 21:55:34.251-05,B,64,Mech - Press Other,,legacy
213,2026-07-18 21:55:34.251-05,2026-07-18 22:10:36.048-05,G,150,Run Production,,legacy
213,2026-07-18 22:10:36.048-05,2026-07-18 23:10:43.513-05,B,95,Press Problem / Impression,,legacy
213,2026-07-18 23:10:43.513-05,2026-07-19 00:43:54.817-05,G,150,Run Production,,legacy
213,2026-07-19 00:43:54.817-05,2026-07-19 00:56:56.535-05,B,99,Plates: Wash,,legacy
213,2026-07-19 00:56:56.535-05,2026-07-19 04:05:33.03-05,G,150,Run Production,,legacy
213,2026-07-19 04:05:33.03-05,2026-07-19 04:27:35.98-05,B,354,Housekeeping,,legacy
213,2026-07-19 04:27:35.98-05,2026-07-19 05:44:45.629-05,B,145-6,Ink Spill,,legacy
213,2026-07-19 05:44:45.629-05,2026-07-19 05:45:45.691-05,B,145-1,Film Core Waste,,legacy
213,2026-07-19 05:45:45.691-05,2026-07-19 06:01:47.574-05,G,150,Run Production,,legacy
213,2026-07-19 06:01:47.574-05,2026-07-19 06:27:51.028-05,B,99,Plates: Wash,,legacy
213,2026-07-19 06:27:51.028-05,2026-07-19 06:41:52.85-05,B,145-8,Dr. Blade Change,,legacy
213,2026-07-19 06:41:52.85-05,2026-07-19 06:44:53.288-05,G,150,Run Production,,legacy
213,2026-07-19 06:44:53.288-05,2026-07-19 07:23:58.706-05,B,145-7,Film Web Break,,legacy
213,2026-07-19 07:23:58.706-05,2026-07-19 07:41:02.539-05,G,150,Run Production,,legacy
213,2026-07-19 07:41:02.539-05,2026-07-19 08:12:08.91-05,B,145-3,Drum Clean,,legacy
213,2026-07-19 08:12:08.91-05,2026-07-19 08:16:09.772-05,B,99,Plates: Wash,,legacy
213,2026-07-19 08:16:09.772-05,2026-07-19 08:31:12.761-05,B,145-99,Other,,legacy
213,2026-07-19 08:31:12.761-05,2026-07-19 08:57:18.241-05,G,150,Run Production,,legacy
213,2026-07-19 08:57:18.241-05,2026-07-19 09:20:23.29-05,B,99,Plates: Wash,,legacy
213,2026-07-19 09:20:23.29-05,2026-07-19 10:51:36.245-05,G,150,Run Production,,legacy
213,2026-07-19 10:51:36.245-05,2026-07-19 10:54:36.679-05,B,450,Non Productive,,legacy
213,2026-07-19 10:54:36.679-05,2026-07-19 11:35:41.754-05,M,48,Make Ready Sleeves,,legacy
213,2026-07-19 11:35:41.754-05,2026-07-19 13:26:55.946-05,M,47,Make Ready - Time Required to Setup Job,,legacy
213,2026-07-19 13:26:55.946-05,2026-07-19 13:59:01.8-05,M,80,Anilox: Change,,legacy
213,2026-07-19 13:59:01.8-05,2026-07-19 15:16:18.134-05,M,85,Make Ready - Color Match,,legacy
213,2026-07-19 15:16:18.134-05,2026-07-19 15:35:22.064-05,M,80,Anilox: Change,,legacy
213,2026-07-19 15:35:22.064-05,2026-07-19 15:43:23.769-05,M,85,Make Ready - Color Match,,legacy
213,2026-07-19 15:43:23.769-05,2026-07-19 16:05:28.226-05,B,145-3,Drum Clean,,legacy
213,2026-07-19 16:05:28.226-05,2026-07-19 17:17:37.876-05,G,150,Run Production,,legacy
213,2026-07-19 17:17:37.876-05,2026-07-19 18:14:45.883-05,M,47-5,Make Ready Chamber Malfunction,,legacy
213,2026-07-19 18:14:45.883-05,2026-07-19 20:46:09.369-05,G,150,Run Production,,legacy
213,2026-07-19 20:46:09.369-05,2026-07-19 20:47:09.577-05,B,450,Non Productive,,legacy
213,2026-07-19 20:47:09.577-05,2026-07-19 22:08:26.518-05,M,48,Make Ready Sleeves,,legacy
213,2026-07-19 22:08:26.518-05,2026-07-19 23:18:36.041-05,M,47,Make Ready - Time Required to Setup Job,,legacy
213,2026-07-19 23:18:36.041-05,2026-07-20 00:04:41.716-05,B,99,Plates: Wash,,legacy
213,2026-07-20 00:04:41.716-05,2026-07-20 01:54:54.89-05,M,47,Make Ready - Time Required to Setup Job,,legacy
213,2026-07-20 01:54:54.89-05,2026-07-20 04:46:28.379-05,G,150,Run Production,,legacy
213,2026-07-20 04:46:28.379-05,2026-07-20 06:18:40.061-05,M,48,Make Ready Sleeves,,legacy
213,2026-07-20 06:18:40.061-05,2026-07-20 07:26:48.746-05,B,145-8,Dr. Blade Change,,legacy
213,2026-07-20 07:26:48.746-05,2026-07-20 08:05:53.516-05,M,47,Make Ready - Time Required to Setup Job,,legacy
213,2026-07-20 08:05:53.516-05,2026-07-20 08:41:58.391-05,M,47-16,MR Score Line (Anilox),,legacy
213,2026-07-20 08:41:58.391-05,2026-07-20 08:48:59.848-05,M,47,Make Ready - Time Required to Setup Job,,legacy
213,2026-07-20 08:48:59.848-05,2026-07-20 11:21:30.674-05,G,150,Run Production,,legacy
213,2026-07-20 11:21:30.674-05,2026-07-20 11:53:34.709-05,B,83,Drum: Clean,,legacy
213,2026-07-20 11:53:34.709-05,2026-07-20 12:50:41.916-05,G,150,Run Production,,legacy
213,2026-07-20 12:50:41.916-05,2026-07-20 12:58:43.001-05,M,80,Anilox: Change,,legacy
213,2026-07-20 12:58:43.001-05,2026-07-20 13:11:44.598-05,G,150,Run Production,,legacy
213,2026-07-20 13:11:44.598-05,2026-07-20 13:52:49.968-05,B,145-99,Other,,legacy
213,2026-07-20 13:52:49.968-05,2026-07-20 14:16:52.922-05,G,150,Run Production,,legacy
213,2026-07-20 14:16:52.922-05,2026-07-20 14:27:54.412-05,B,145-8,Dr. Blade Change,,legacy
213,2026-07-20 14:27:54.412-05,2026-07-20 16:16:15.705-05,G,150,Run Production,,legacy
213,2026-07-20 16:16:15.705-05,2026-07-20 16:33:19.562-05,B,354,Housekeeping,,legacy
213,2026-07-20 16:33:19.562-05,2026-07-20 18:28:37.559-05,G,150,Run Production,,legacy
213,2026-07-20 18:28:37.559-05,2026-07-20 18:39:38.974-05,B,99,Plates: Wash,,legacy
213,2026-07-20 18:39:38.974-05,2026-07-20 18:59:41.472-05,G,150,Run Production,,legacy
213,2026-07-20 18:59:41.472-05,2026-07-20 19:27:45.031-05,B,450,Non Productive,,legacy
213,2026-07-20 19:27:45.031-05,2026-07-20 19:31:45.557-05,M,47,Make Ready - Time Required to Setup Job,,legacy
213,2026-07-20 19:31:45.557-05,2026-07-20 19:56:48.693-05,G,150,Run Production,,legacy
213,2026-07-20 19:56:48.693-05,2026-07-20 20:00:49.186-05,B,95,Press Problem / Impression,,legacy
213,2026-07-20 20:00:49.186-05,2026-07-20 21:27:03.262-05,B,64,Mech - Press Other,,legacy
213,2026-07-20 21:27:03.262-05,2026-07-20 21:48:07.523-05,G,150,Run Production,,legacy
213,2026-07-20 21:48:07.523-05,2026-07-20 22:33:17.426-05,B,95,Press Problem / Impression,,legacy
213,2026-07-20 22:33:17.426-05,2026-07-20 22:45:20.172-05,B,99,Plates: Wash,,legacy
213,2026-07-20 22:45:20.172-05,2026-07-21 00:28:36.607-05,G,150,Run Production,,legacy
213,2026-07-21 00:28:36.607-05,2026-07-21 00:49:39.094-05,B,95,Press Problem / Impression,,legacy
213,2026-07-21 00:49:39.094-05,2026-07-21 01:10:41.757-05,B,145-4,Plate Wash,,legacy
213,2026-07-21 01:10:41.757-05,2026-07-21 03:37:02.429-05,G,150,Run Production,,legacy
213,2026-07-21 03:37:02.429-05,2026-07-21 03:51:05.475-05,B,450,Non Productive,,legacy
213,2026-07-21 03:51:05.475-05,2026-07-21 03:54:06.189-05,M,48,Make Ready Sleeves,,legacy
213,2026-07-21 03:54:06.189-05,2026-07-21 04:10:09.671-05,B,145-8,Dr. Blade Change,,legacy
213,2026-07-21 04:10:09.671-05,2026-07-21 04:33:14.841-05,B,354,Housekeeping,,legacy
213,2026-07-21 04:33:14.841-05,2026-07-21 06:12:33.484-05,M,47,Make Ready - Time Required to Setup Job,,legacy
213,2026-07-21 06:12:33.484-05,2026-07-21 06:43:37.865-05,M,80,Anilox: Change,,legacy
213,2026-07-21 06:43:37.865-05,2026-07-21 07:16:42.647-05,M,47,Make Ready - Time Required to Setup Job,,legacy
213,2026-07-21 07:16:42.647-05,2026-07-21 07:18:43.018-05,M,47-99,Make Ready Other,,legacy
213,2026-07-21 07:18:43.018-05,2026-07-21 07:21:43.477-05,M,47,Make Ready - Time Required to Setup Job,,legacy
213,2026-07-21 07:21:43.477-05,2026-07-21 08:27:02.894-05,G,150,Run Production,,legacy
213,2026-07-21 08:27:02.894-05,2026-07-21 08:28:03.109-05,B,450,Non Productive,,legacy
213,2026-07-21 08:28:03.109-05,2026-07-21 08:43:06.106-05,B,64,Mech - Press Other,,legacy
213,2026-07-21 08:43:06.106-05,2026-07-21 08:48:07.57-05,M,47,Make Ready - Time Required to Setup Job,,legacy
213,2026-07-21 08:48:07.57-05,2026-07-21 09:31:17.244-05,M,48,Make Ready Sleeves,,legacy
213,2026-07-21 09:31:17.244-05,2026-07-21 10:07:25.89-05,B,145-8,Dr. Blade Change,,legacy
213,2026-07-21 10:07:25.89-05,2026-07-21 11:16:36.405-05,M,47,Make Ready - Time Required to Setup Job,,legacy
213,2026-07-21 11:16:36.405-05,2026-07-21 11:36:39.032-05,B,145-8,Dr. Blade Change,,legacy
213,2026-07-21 11:36:39.032-05,2026-07-21 11:37:39.164-05,G,150,Run Production,,legacy
213,2026-07-21 11:37:39.164-05,2026-07-21 12:34:47.381-05,M,47,Make Ready - Time Required to Setup Job,,legacy
213,2026-07-21 12:34:47.381-05,2026-07-21 13:25:54.43-05,M,85,Make Ready - Color Match,,legacy
213,2026-07-21 13:25:54.43-05,2026-07-21 13:50:58.077-05,M,47,Make Ready - Time Required to Setup Job,,legacy
213,2026-07-21 13:50:58.077-05,2026-07-21 14:09:02.377-05,B,145-8,Dr. Blade Change,,legacy
213,2026-07-21 14:09:02.377-05,2026-07-21 14:28:06.514-05,M,47,Make Ready - Time Required to Setup Job,,legacy
213,2026-07-21 14:28:06.514-05,2026-07-21 15:15:16.387-05,B,95,Press Problem / Impression,,legacy
213,2026-07-21 15:15:16.387-05,2026-07-21 15:49:23.553-05,G,150,Run Production,,legacy
213,2026-07-21 15:49:23.553-05,2026-07-21 15:50:23.773-05,M,47,Make Ready - Time Required to Setup Job,,legacy
213,2026-07-21 15:50:23.773-05,2026-07-21 15:55:24.88-05,G,150,Run Production,,legacy
213,2026-07-21 15:55:24.88-05,2026-07-21 16:03:26.598-05,B,95,Press Problem / Impression,,legacy
213,2026-07-21 16:03:26.598-05,2026-07-21 16:32:31.199-05,G,150,Run Production,,legacy
213,2026-07-21 16:32:31.199-05,2026-07-21 17:00:34.748-05,B,145-3,Drum Clean,,legacy
213,2026-07-21 17:00:34.748-05,2026-07-21 17:20:37.942-05,B,354,Housekeeping,,legacy
213,2026-07-21 17:20:37.942-05,2026-07-21 17:23:38.361-05,G,150,Run Production,,legacy
213,2026-07-21 17:23:38.361-05,2026-07-21 18:09:44.071-05,B,301,Cambio de Rollo,,legacy
213,2026-07-21 18:09:44.071-05,2026-07-21 18:37:48.592-05,G,150,Run Production,,legacy
213,2026-07-21 18:37:48.592-05,2026-07-21 19:36:55.791-05,B,145-6,Ink Spill,,legacy
213,2026-07-21 19:36:55.791-05,2026-07-21 20:16:02.892-05,G,150,Run Production,,legacy
213,2026-07-21 20:16:02.892-05,2026-07-21 20:20:03.764-05,B,450,Non Productive,,legacy
213,2026-07-21 20:20:03.764-05,2026-07-21 20:21:03.976-05,B,145-99,Other,,legacy
213,2026-07-21 20:21:03.976-05,2026-07-21 21:45:21.571-05,M,47-99,Make Ready Other,,legacy
213,2026-07-21 21:45:21.571-05,2026-07-21 23:48:41.726-05,M,47,Make Ready - Time Required to Setup Job,,legacy
213,2026-07-21 23:48:41.726-05,2026-07-21 23:54:42.495-05,B,145-8,Dr. Blade Change,,legacy
213,2026-07-21 23:54:42.495-05,2026-07-22 00:40:48.726-05,B,145-98,Quality Hold,,legacy
213,2026-07-22 00:40:48.726-05,2026-07-22 01:53:59.596-05,G,150,Run Production,,legacy
213,2026-07-22 01:53:59.596-05,2026-07-22 02:02:01.34-05,B,99,Plates: Wash,,legacy
213,2026-07-22 02:02:01.34-05,2026-07-22 03:42:24.641-05,G,150,Run Production,,legacy
213,2026-07-22 03:42:24.641-05,2026-07-22 03:53:27.342-05,B,450,Non Productive,,legacy
213,2026-07-22 03:53:27.342-05,2026-07-22 04:01:28.528-05,M,47,Make Ready - Time Required to Setup Job,,legacy
213,2026-07-22 04:01:28.528-05,2026-07-22 04:05:29.149-05,M,48,Make Ready Sleeves,,legacy
213,2026-07-22 04:05:29.149-05,2026-07-22 04:58:37.32-05,M,47,Make Ready - Time Required to Setup Job,,legacy
213,2026-07-22 04:58:37.32-05,2026-07-22 05:05:38.17-05,B,145-8,Dr. Blade Change,,legacy
213,2026-07-22 05:05:38.17-05,2026-07-22 05:14:39.444-05,M,47,Make Ready - Time Required to Setup Job,,legacy
213,2026-07-22 05:14:39.444-05,2026-07-22 05:39:42.901-05,B,145-8,Dr. Blade Change,,legacy
213,2026-07-22 05:39:42.901-05,2026-07-22 06:02:46.243-05,M,47,Make Ready - Time Required to Setup Job,,legacy
213,2026-07-22 06:02:46.243-05,2026-07-22 06:03:46.406-05,S,400,Sort,,legacy
213,2026-07-22 06:03:46.406-05,2026-07-22 07:44:04.914-05,M,47,Make Ready - Time Required to Setup Job,,legacy
213,2026-07-22 07:44:04.914-05,2026-07-22 07:56:07.747-05,M,47-99,Make Ready Other,,legacy
213,2026-07-22 07:56:07.747-05,2026-07-22 08:00:08.72-05,G,150,Run Production,,legacy
213,2026-07-22 08:00:08.72-05,2026-07-22 08:01:08.983-05,B,95,Press Problem / Impression,,legacy
213,2026-07-22 08:01:08.983-05,2026-07-22 08:15:12.553-05,B,145-8,Dr. Blade Change,,legacy
213,2026-07-22 08:15:12.553-05,2026-07-22 08:19:13.672-05,G,150,Run Production,,legacy
213,2026-07-22 08:19:13.672-05,2026-07-22 08:27:15.806-05,B,41-4,Maintenance - Dryer,,legacy
213,2026-07-22 08:27:15.806-05,2026-07-22 08:31:16.776-05,G,150,Run Production,,legacy
213,2026-07-22 08:31:16.776-05,2026-07-22 08:48:21.261-05,B,41-4,Maintenance - Dryer,,legacy
213,2026-07-22 08:48:21.261-05,2026-07-22 08:54:22.832-05,G,150,Run Production,,legacy
213,2026-07-22 08:54:22.832-05,2026-07-22 09:26:29.88-05,B,41-4,Maintenance - Dryer,,legacy
213,2026-07-22 09:26:29.88-05,2026-07-22 10:32:41.05-05,G,150,Run Production,,legacy
213,2026-07-22 10:32:41.05-05,2026-07-22 10:36:41.642-05,B,95,Press Problem / Impression,,legacy
213,2026-07-22 10:36:41.642-05,2026-07-22 11:04:46.927-05,G,150,Run Production,,legacy
213,2026-07-22 11:04:46.927-05,2026-07-22 11:24:50.894-05,M,80,Anilox: Change,,legacy
213,2026-07-22 11:24:50.894-05,2026-07-22 12:22:01.238-05,G,150,Run Production,,legacy
213,2026-07-22 12:22:01.238-05,2026-07-22 12:30:04.11-05,M,47-24,MR Sticky Back Change,,legacy
213,2026-07-22 12:30:04.11-05,2026-07-22 12:35:05.437-05,G,150,Run Production,,legacy
213,2026-07-22 12:35:05.437-05,2026-07-22 13:04:12.269-05,M,47-23,MR Plate Damage in Pre Press,,legacy
213,2026-07-22 13:04:12.269-05,2026-07-22 13:05:12.558-05,B,97,Plates: Defective Press Ops,,legacy
213,2026-07-22 13:05:12.558-05,2026-07-22 13:06:12.821-05,B,93,Plates: Defective Pre-Press,,legacy
213,2026-07-22 13:06:12.821-05,2026-07-22 17:20:57.68-05,M,47-23,MR Plate Damage in Pre Press,,legacy
213,2026-07-22 17:20:57.68-05,2026-07-22 17:38:01.467-05,B,95,Press Problem / Impression,,legacy
213,2026-07-22 17:38:01.467-05,2026-07-22 18:05:07.855-05,G,150,Run Production,,legacy
213,2026-07-22 18:05:07.855-05,2026-07-22 18:12:09.382-05,B,95,Press Problem / Impression,,legacy
213,2026-07-22 18:12:09.382-05,2026-07-22 18:43:16.782-05,B,145-8,Dr. Blade Change,,legacy
213,2026-07-22 18:43:16.782-05,2026-07-22 18:51:18.644-05,M,80,Anilox: Change,,legacy
213,2026-07-22 18:51:18.644-05,2026-07-22 19:01:20.969-05,B,99,Plates: Wash,,legacy
213,2026-07-22 19:01:20.969-05,2026-07-22 19:07:22.176-05,B,95,Press Problem / Impression,,legacy
213,2026-07-22 19:07:22.176-05,2026-07-22 19:57:32.479-05,G,150,Run Production,,legacy
213,2026-07-22 19:57:32.479-05,2026-07-22 20:32:38.039-05,B,95,Press Problem / Impression,,legacy
213,2026-07-22 20:32:38.039-05,2026-07-22 20:46:39.828-05,B,99,Plates: Wash,,legacy
213,2026-07-22 20:46:39.828-05,2026-07-22 21:04:42.609-05,B,95,Press Problem / Impression,,legacy
213,2026-07-22 21:04:42.609-05,2026-07-22 23:14:02.555-05,G,150,Run Production,,legacy
213,2026-07-22 23:14:02.555-05,2026-07-22 23:43:09.124-05,B,145-8,Dr. Blade Change,,legacy
213,2026-07-22 23:43:09.124-05,2026-07-24 15:25:44.861-05,G,150,Run Production,,legacy
213,2026-07-24 15:25:44.861-05,2026-07-24 15:28:45.583-05,B,450,Non Productive,,legacy
213,2026-07-24 15:28:45.583-05,2026-07-24 17:02:05.982-05,M,48,Make Ready Sleeves,,legacy
213,2026-07-24 17:02:05.982-05,2026-07-24 17:34:12.971-05,B,354,Housekeeping,,legacy
213,2026-07-24 17:34:12.971-05,2026-07-24 17:49:16.088-05,M,47-20,Make Ready Out of Register,,legacy
213,2026-07-24 17:49:16.088-05,2026-07-24 18:42:28.272-05,M,47,Make Ready - Time Required to Setup Job,,legacy
213,2026-07-24 18:42:28.272-05,2026-07-24 18:59:32.598-05,B,145-8,Dr. Blade Change,,legacy
213,2026-07-24 18:59:32.598-05,2026-07-24 19:06:34.22-05,M,47,Make Ready - Time Required to Setup Job,,legacy
213,2026-07-24 19:06:34.22-05,2026-07-24 21:12:02.846-05,M,47-13,Make Ready Film Over Size,,legacy
213,2026-07-24 21:12:02.846-05,2026-07-24 21:59:13.797-05,G,150,Run Production,,legacy
213,2026-07-24 21:59:13.797-05,2026-07-24 22:42:24.066-05,B,29,Electrical: Press Other,,legacy
213,2026-07-24 22:42:24.066-05,2026-07-24 23:12:30.8-05,G,150,Run Production,,legacy
213,2026-07-24 23:12:30.8-05,2026-07-24 23:16:31.643-05,B,450,Non Productive,,legacy
213,2026-07-24 23:16:31.643-05,2026-07-25 00:00:41.977-05,M,48,Make Ready Sleeves,,legacy
213,2026-07-25 00:00:41.977-05,2026-07-25 02:16:11.264-05,M,47,Make Ready - Time Required to Setup Job,,legacy
213,2026-07-25 02:16:11.264-05,2026-07-25 03:23:26.306-05,G,150,Run Production,,legacy
213,2026-07-25 03:23:26.306-05,2026-07-25 03:45:31.316-05,B,95,Press Problem / Impression,,legacy
213,2026-07-25 03:45:31.316-05,2026-07-25 05:06:49.364-05,G,150,Run Production,,legacy
213,2026-07-25 05:06:49.364-05,2026-07-25 05:07:49.644-05,B,450,Non Productive,,legacy
213,2026-07-25 05:07:49.644-05,2026-07-25 05:35:55.767-05,B,354,Housekeeping,,legacy
213,2026-07-25 05:35:55.767-05,2026-07-25 06:28:08.318-05,M,48,Make Ready Sleeves,,legacy
213,2026-07-25 06:28:08.318-05,2026-07-25 06:29:08.539-05,M,47,Make Ready - Time Required to Setup Job,,legacy
213,2026-07-25 06:29:08.539-05,2026-07-25 06:31:09.009-05,B,29,Electrical: Press Other,,legacy
213,2026-07-25 06:31:09.009-05,2026-07-25 06:33:09.441-05,M,47,Make Ready - Time Required to Setup Job,,legacy
213,2026-07-25 06:33:09.441-05,2026-07-25 06:37:10.308-05,B,29,Electrical: Press Other,,legacy
213,2026-07-25 06:37:10.308-05,2026-07-25 06:57:14.977-05,M,47,Make Ready - Time Required to Setup Job,,legacy
213,2026-07-25 06:57:14.977-05,2026-07-25 07:04:16.483-05,B,145-8,Dr. Blade Change,,legacy
213,2026-07-25 07:04:16.483-05,2026-07-25 07:27:21.54-05,M,47,Make Ready - Time Required to Setup Job,,legacy
213,2026-07-25 07:27:21.54-05,2026-07-25 07:46:26.306-05,B,145-3,Drum Clean,,legacy
213,2026-07-25 07:46:26.306-05,2026-07-25 08:45:40.672-05,M,47,Make Ready - Time Required to Setup Job,,legacy
213,2026-07-25 08:45:40.672-05,2026-07-25 09:14:46.92-05,M,80,Anilox: Change,,legacy
213,2026-07-25 09:14:46.92-05,2026-07-25 09:55:56.472-05,B,99,Plates: Wash,,legacy
213,2026-07-25 09:55:56.472-05,2026-07-25 12:23:28.897-05,G,150,Run Production,,legacy
213,2026-07-25 12:23:28.897-05,2026-07-25 12:27:30.106-05,M,48,Make Ready Sleeves,,legacy
213,2026-07-25 12:27:30.106-05,2026-07-25 13:39:45.896-05,M,47,Make Ready - Time Required to Setup Job,,legacy
213,2026-07-25 13:39:45.896-05,2026-07-25 13:47:47.814-05,M,80,Anilox: Change,,legacy
213,2026-07-25 13:47:47.814-05,2026-07-25 14:00:50.728-05,M,47,Make Ready - Time Required to Setup Job,,legacy
213,2026-07-25 14:00:50.728-05,2026-07-25 14:33:58.333-05,M,85,Make Ready - Color Match,,legacy
213,2026-07-25 14:33:58.333-05,2026-07-25 15:08:05.675-05,M,47,Make Ready - Time Required to Setup Job,,legacy
213,2026-07-25 15:08:05.675-05,2026-07-25 15:16:07.533-05,G,150,Run Production,,legacy
213,2026-07-25 15:16:07.533-05,2026-07-25 15:19:08.267-05,B,95,Press Problem / Impression,,legacy
213,2026-07-25 15:19:08.267-05,2026-07-25 15:42:14.119-05,B,99,Plates: Wash,,legacy
213,2026-07-25 15:42:14.119-05,2026-07-25 16:48:28.953-05,M,47-6,Make Ready Wrong Sequence,,legacy
213,2026-07-25 16:48:28.953-05,2026-07-25 17:05:35.888-05,B,95,Press Problem / Impression,,legacy
213,2026-07-25 17:05:35.888-05,2026-07-26 03:46:00.12-05,G,150,Run Production,,legacy
213,2026-07-26 03:46:00.12-05,2026-07-26 04:11:05.947-05,B,145-8,Dr. Blade Change,,legacy
213,2026-07-26 04:11:05.947-05,2026-07-26 04:21:08.24-05,B,354,Housekeeping,,legacy
213,2026-07-26 04:21:08.24-05,2026-07-26 04:41:12.849-05,G,150,Run Production,,legacy
213,2026-07-26 04:41:12.849-05,2026-07-26 04:44:13.455-05,B,87,Ink: Off Color,,legacy
213,2026-07-26 04:44:13.455-05,2026-07-26 06:10:33.374-05,G,150,Run Production,,legacy
213,2026-07-26 06:10:33.374-05,2026-07-26 06:11:33.613-05,S,400,Sort,,legacy
213,2026-07-26 06:11:33.613-05,2026-07-26 06:34:38.854-05,G,150,Run Production,,legacy
213,2026-07-26 06:34:38.854-05,2026-07-26 07:01:45.006-05,B,87,Ink: Off Color,,legacy
213,2026-07-26 07:01:45.006-05,2026-07-26 07:07:46.371-05,G,150,Run Production,,legacy
213,2026-07-26 07:07:46.371-05,2026-07-26 07:30:51.503-05,M,80,Anilox: Change,,legacy
213,2026-07-26 07:30:51.503-05,2026-07-26 08:21:02.47-05,G,150,Run Production,,legacy
213,2026-07-26 08:21:02.47-05,2026-07-26 08:23:02.874-05,B,450,Non Productive,,legacy
213,2026-07-26 08:23:02.874-05,2026-07-26 09:01:11.098-05,M,48,Make Ready Sleeves,,legacy
213,2026-07-26 09:01:11.098-05,2026-07-26 10:22:28.382-05,M,47,Make Ready - Time Required to Setup Job,,legacy
213,2026-07-26 10:22:28.382-05,2026-07-26 10:49:34.656-05,M,80,Anilox: Change,,legacy
213,2026-07-26 10:49:34.656-05,2026-07-26 11:14:40.405-05,M,85,Make Ready - Color Match,,legacy
213,2026-07-26 11:14:40.405-05,2026-07-26 11:23:42.241-05,M,47,Make Ready - Time Required to Setup Job,,legacy
213,2026-07-26 11:23:42.241-05,2026-07-26 11:40:45.982-05,B,99,Plates: Wash,,legacy
213,2026-07-26 11:40:45.982-05,2026-07-26 11:54:48.994-05,B,301,Cambio de Rollo,,legacy
213,2026-07-26 11:54:48.994-05,2026-07-26 12:36:58.932-05,G,150,Run Production,,legacy
213,2026-07-26 12:36:58.932-05,2026-07-26 12:49:01.439-05,B,95,Press Problem / Impression,,legacy
213,2026-07-26 12:49:01.439-05,2026-07-26 13:00:04.047-05,B,99,Plates: Wash,,legacy
213,2026-07-26 13:00:04.047-05,2026-07-26 13:14:07.627-05,G,150,Run Production,,legacy
213,2026-07-26 13:14:07.627-05,2026-07-26 13:29:11.044-05,B,95,Press Problem / Impression,,legacy
213,2026-07-26 13:29:11.044-05,2026-07-26 13:38:12.925-05,G,150,Run Production,,legacy
213,2026-07-26 13:38:12.925-05,2026-07-26 13:58:17.086-05,B,95,Press Problem / Impression,,legacy
213,2026-07-26 13:58:17.086-05,2026-07-26 14:31:24.57-05,G,150,Run Production,,legacy
213,2026-07-26 14:31:24.57-05,2026-07-26 14:56:30.057-05,B,95,Press Problem / Impression,,legacy
213,2026-07-26 14:56:30.057-05,2026-07-26 15:28:37.358-05,G,150,Run Production,,legacy
213,2026-07-26 15:28:37.358-05,2026-07-26 15:47:41.939-05,M,48,Make Ready Sleeves,,legacy
213,2026-07-26 15:47:41.939-05,2026-07-26 15:55:43.671-05,M,47,Make Ready - Time Required to Setup Job,,legacy
213,2026-07-26 15:55:43.671-05,2026-07-26 16:13:47.54-05,B,145-3,Drum Clean,,legacy
213,2026-07-26 16:13:47.54-05,2026-07-26 16:30:51.249-05,B,354,Housekeeping,,legacy
213,2026-07-26 16:30:51.249-05,2026-07-26 16:47:55.53-05,B,145-8,Dr. Blade Change,,legacy
213,2026-07-26 16:47:55.53-05,2026-07-26 17:48:08.756-05,M,47,Make Ready - Time Required to Setup Job,,legacy
213,2026-07-26 17:48:08.756-05,2026-07-26 19:01:26.112-05,G,150,Run Production,,legacy
213,2026-07-26 19:01:26.112-05,2026-07-26 19:17:29.772-05,B,145-3,Drum Clean,,legacy
213,2026-07-26 19:17:29.772-05,2026-07-26 19:47:36.329-05,B,145-8,Dr. Blade Change,,legacy
213,2026-07-26 19:47:36.329-05,2026-07-26 20:02:39.784-05,G,150,Run Production,,legacy
213,2026-07-26 20:02:39.784-05,2026-07-26 20:29:47.039-05,B,99,Plates: Wash,,legacy
213,2026-07-26 20:29:47.039-05,2026-07-26 21:27:59.602-05,B,95,Press Problem / Impression,,legacy
213,2026-07-26 21:27:59.602-05,2026-07-26 22:03:07.498-05,G,150,Run Production,,legacy
213,2026-07-26 22:03:07.498-05,2026-07-26 22:27:13.007-05,B,99,Plates: Wash,,legacy
213,2026-07-26 22:27:13.007-05,2026-07-26 22:59:20.055-05,G,150,Run Production,,legacy
213,2026-07-26 22:59:20.055-05,2026-07-26 23:39:29.636-05,B,95,Press Problem / Impression,,legacy
213,2026-07-26 23:39:29.636-05,2026-07-27 00:06:35.624-05,G,150,Run Production,,legacy
213,2026-07-27 00:06:35.624-05,2026-07-27 02:02:01.604-05,B,95,Press Problem / Impression,,legacy
213,2026-07-27 02:02:01.604-05,2026-07-27 02:55:13.242-05,G,150,Run Production,,legacy
213,2026-07-27 02:55:13.242-05,2026-07-27 04:02:29.308-05,B,95,Press Problem / Impression,,legacy
213,2026-07-27 04:02:29.308-05,2026-07-27 04:15:32.617-05,G,150,Run Production,,legacy
213,2026-07-27 04:15:32.617-05,2026-07-27 04:26:35.308-05,B,450,Non Productive,,legacy
213,2026-07-27 04:26:35.308-05,2026-07-27 04:27:35.512-05,M,47,Make Ready - Time Required to Setup Job,,legacy
213,2026-07-27 04:27:35.512-05,2026-07-27 05:11:45.734-05,M,47-21,MR - Wait for Plates/Mounting,,legacy
213,2026-07-27 05:11:45.734-05,2026-07-27 06:02:56.651-05,M,47,Make Ready - Time Required to Setup Job,,legacy
213,2026-07-27 06:02:56.651-05,2026-07-27 06:15:59.755-05,B,99,Plates: Wash,,legacy
213,2026-07-27 06:15:59.755-05,2026-07-27 06:30:03.24-05,B,145-8,Dr. Blade Change,,legacy
213,2026-07-27 06:30:03.24-05,2026-07-27 06:35:04.407-05,M,47-2,Make Ready Dirty Print,,legacy
213,2026-07-27 06:35:04.407-05,2026-07-27 07:07:11.394-05,M,47-17,Make Ready Dirty Anilox,,legacy
213,2026-07-27 07:07:11.394-05,2026-07-27 07:51:21.304-05,M,47,Make Ready - Time Required to Setup Job,,legacy
213,2026-07-27 07:51:21.304-05,2026-07-27 07:55:22.179-05,M,85,Make Ready - Color Match,,legacy
213,2026-07-27 07:55:22.179-05,2026-07-27 08:12:25.937-05,M,47,Make Ready - Time Required to Setup Job,,legacy
213,2026-07-27 08:12:25.937-05,2026-07-27 08:50:34.571-05,G,150,Run Production,,legacy
213,2026-07-27 08:50:34.571-05,2026-07-27 09:10:39.371-05,M,47-4,Make Ready Bouncing,,legacy
213,2026-07-27 09:10:39.371-05,2026-07-27 10:02:51.168-05,G,150,Run Production,,legacy
213,2026-07-27 10:02:51.168-05,2026-07-27 10:09:52.617-05,B,450,Non Productive,,legacy
213,2026-07-27 10:09:52.617-05,2026-07-27 10:39:59.25-05,M,48,Make Ready Sleeves,,legacy
213,2026-07-27 10:39:59.25-05,2026-07-27 11:39:13.306-05,B,145-8,Dr. Blade Change,,legacy
213,2026-07-27 11:39:13.306-05,2026-07-27 13:24:37.78-05,M,47,Make Ready - Time Required to Setup Job,,legacy
213,2026-07-27 13:24:37.78-05,2026-07-27 14:40:54.636-05,G,150,Run Production,,legacy
213,2026-07-27 14:40:54.636-05,2026-07-27 14:49:56.682-05,B,95,Press Problem / Impression,,legacy
213,2026-07-27 14:49:56.682-05,2026-07-27 16:08:15.328-05,G,150,Run Production,,legacy
213,2026-07-27 16:08:15.328-05,2026-07-27 16:15:16.884-05,B,450,Non Productive,,legacy
213,2026-07-27 16:15:16.884-05,2026-07-27 16:18:17.575-05,M,48,Make Ready Sleeves,,legacy
213,2026-07-27 16:18:17.575-05,2026-07-27 16:32:20.566-05,B,145-8,Dr. Blade Change,,legacy
213,2026-07-27 16:32:20.566-05,2026-07-27 17:18:31.013-05,M,48,Make Ready Sleeves,,legacy
213,2026-07-27 17:18:31.013-05,2026-07-27 17:26:32.69-05,B,354,Housekeeping,,legacy
213,2026-07-27 17:26:32.69-05,2026-07-27 18:46:50.554-05,M,47,Make Ready - Time Required to Setup Job,,legacy
213,2026-07-27 18:46:50.554-05,2026-07-27 19:01:53.707-05,B,29,Electrical: Press Other,,legacy
213,2026-07-27 19:01:53.707-05,2026-07-27 19:51:04.904-05,M,47,Make Ready - Time Required to Setup Job,,legacy
213,2026-07-27 19:51:04.904-05,2026-07-27 21:03:21.554-05,B,145-99,Other,,legacy
213,2026-07-27 21:03:21.554-05,2026-07-27 21:28:27.372-05,B,450,Non Productive,,legacy
213,2026-07-27 21:28:27.372-05,2026-07-27 21:39:30.204-05,M,47,Make Ready - Time Required to Setup Job,,legacy
213,2026-07-27 21:39:30.204-05,2026-07-27 22:47:45.712-05,G,150,Run Production,,legacy
213,2026-07-27 22:47:45.712-05,2026-07-27 23:10:51.02-05,B,450,Non Productive,,legacy
213,2026-07-27 23:10:51.02-05,2026-07-28 00:30:08.544-05,M,48,Make Ready Sleeves,,legacy
213,2026-07-28 00:30:08.544-05,2026-07-28 00:57:14.248-05,M,47,Make Ready - Time Required to Setup Job,,legacy
213,2026-07-28 00:57:14.248-05,2026-07-28 01:47:25.326-05,B,145-98,Quality Hold,,legacy
213,2026-07-28 01:47:25.326-05,2026-07-28 01:57:27.485-05,M,47,Make Ready - Time Required to Setup Job,,legacy
213,2026-07-28 01:57:27.485-05,2026-07-28 02:07:29.718-05,M,80,Anilox: Change,,legacy
213,2026-07-28 02:07:29.718-05,2026-07-28 02:16:31.805-05,M,47,Make Ready - Time Required to Setup Job,,legacy
213,2026-07-28 02:16:31.805-05,2026-07-28 03:29:48.419-05,G,150,Run Production,,legacy
213,2026-07-28 03:29:48.419-05,2026-07-28 03:45:51.884-05,B,145-8,Dr. Blade Change,,legacy
213,2026-07-28 03:45:51.884-05,2026-07-28 05:03:09.456-05,G,150,Run Production,,legacy
213,2026-07-28 05:03:09.456-05,2026-07-28 05:06:10.093-05,B,450,Non Productive,,legacy
213,2026-07-28 05:06:10.093-05,2026-07-28 05:10:10.936-05,M,48,Make Ready Sleeves,,legacy
213,2026-07-28 05:10:10.936-05,2026-07-28 05:29:15.249-05,B,354,Housekeeping,,legacy
213,2026-07-28 05:29:15.249-05,2026-07-28 06:04:22.843-05,M,47,Make Ready - Time Required to Setup Job,,legacy
213,2026-07-28 06:04:22.843-05,2026-07-28 06:05:23.015-05,S,400,Sort,,legacy
213,2026-07-28 06:05:23.015-05,2026-07-28 06:47:32.967-05,M,47,Make Ready - Time Required to Setup Job,,legacy
213,2026-07-28 06:47:32.967-05,2026-07-28 07:01:36.227-05,M,80,Anilox: Change,,legacy
213,2026-07-28 07:01:36.227-05,2026-07-28 07:16:39.485-05,M,47,Make Ready - Time Required to Setup Job,,legacy
213,2026-07-28 07:16:39.485-05,2026-07-28 07:42:45.907-05,G,150,Run Production,,legacy
213,2026-07-28 07:42:45.907-05,2026-07-28 07:53:48.39-05,B,99,Plates: Wash,,legacy
213,2026-07-28 07:53:48.39-05,2026-07-28 08:28:56.221-05,G,150,Run Production,,legacy
213,2026-07-28 08:28:56.221-05,2026-07-28 08:32:57.075-05,B,450,Non Productive,,legacy
213,2026-07-28 08:32:57.075-05,2026-07-28 08:33:57.311-05,M,48,Make Ready Sleeves,,legacy
213,2026-07-28 08:33:57.311-05,2026-07-28 13:02:57.144-05,B,354,Housekeeping,,legacy
213,2026-07-28 13:02:57.144-05,2026-07-28 14:44:19.416-05,M,47,Make Ready - Time Required to Setup Job,,legacy
213,2026-07-28 14:44:19.416-05,2026-07-28 15:23:28.395-05,G,150,Run Production,,legacy
213,2026-07-28 15:23:28.395-05,2026-07-28 15:41:33.746-05,B,145-7,Film Web Break,,legacy
213,2026-07-28 15:41:33.746-05,2026-07-28 15:47:35.032-05,B,64,Mech - Press Other,,legacy
213,2026-07-28 15:47:35.032-05,2026-07-28 15:50:35.694-05,B,145-7,Film Web Break,,legacy
213,2026-07-28 15:50:35.694-05,2026-07-28 16:21:42.784-05,B,64,Mech - Press Other,,legacy
213,2026-07-28 16:21:42.784-05,2026-07-28 16:45:48.058-05,B,145-7,Film Web Break,,legacy
213,2026-07-28 16:45:48.058-05,2026-07-28 17:17:55.179-05,B,145-3,Drum Clean,,legacy
213,2026-07-28 17:17:55.179-05,2026-07-28 18:34:12.369-05,G,150,Run Production,,legacy
213,2026-07-28 18:34:12.369-05,2026-07-28 20:36:40.243-05,B,145-6,Ink Spill,,legacy
213,2026-07-28 20:36:40.243-05,2026-07-28 20:37:40.485-05,G,150,Run Production,,legacy
213,2026-07-28 20:37:40.485-05,2026-07-28 20:59:45.613-05,B,145-3,Drum Clean,,legacy
213,2026-07-28 20:59:45.613-05,2026-07-29 01:53:52.675-05,G,150,Run Production,,legacy
213,2026-07-29 01:53:52.675-05,2026-07-29 01:54:52.909-05,B,450,Non Productive,,legacy
213,2026-07-29 01:54:52.909-05,2026-07-29 02:11:56.701-05,M,48,Make Ready Sleeves,,legacy
213,2026-07-29 02:11:56.701-05,2026-07-29 02:30:00.534-05,B,145-8,Dr. Blade Change,,legacy
213,2026-07-29 02:30:00.534-05,2026-07-29 02:56:06.115-05,B,145-3,Drum Clean,,legacy
213,2026-07-29 02:56:06.115-05,2026-07-29 04:29:28.443-05,M,47,Make Ready - Time Required to Setup Job,,legacy
213,2026-07-29 04:29:28.443-05,2026-07-29 06:52:01.408-05,G,150,Run Production,,legacy
213,2026-07-29 06:52:01.408-05,2026-07-29 07:10:05.811-05,B,354,Housekeeping,,legacy
213,2026-07-29 07:10:05.811-05,2026-07-29 07:41:13.057-05,M,47-5,Make Ready Chamber Malfunction,,legacy
213,2026-07-29 07:41:13.057-05,2026-07-29 09:33:39.218-05,G,150,Run Production,,legacy
213,2026-07-29 09:33:39.218-05,2026-07-29 09:53:43.66-05,B,99,Plates: Wash,,legacy
213,2026-07-29 09:53:43.66-05,2026-07-29 12:26:19.101-05,G,150,Run Production,,legacy
213,2026-07-29 12:26:19.101-05,2026-07-29 12:42:22.865-05,B,99,Plates: Wash,,legacy
213,2026-07-29 12:42:22.865-05,2026-07-29 13:00:26.954-05,B,354,Housekeeping,,legacy
213,2026-07-29 13:00:26.954-05,2026-07-29 15:11:56.171-05,G,150,Run Production,,legacy
213,2026-07-29 15:11:56.171-05,2026-07-29 15:33:01.158-05,B,99,Plates: Wash,,legacy
213,2026-07-29 15:33:01.158-05,2026-07-29 16:36:18.096-05,G,150,Run Production,,legacy
213,2026-07-29 16:36:18.096-05,2026-07-29 16:51:22.053-05,B,354,Housekeeping,,legacy
213,2026-07-29 16:51:22.053-05,2026-07-29 17:03:24.72-05,B,87,Ink: Off Color,,legacy
213,2026-07-29 17:03:24.72-05,2026-07-29 17:30:31.959-05,G,150,Run Production,,legacy
213,2026-07-29 17:30:31.959-05,2026-07-29 17:37:33.467-05,B,350,Roll Change,,legacy
213,2026-07-29 17:37:33.467-05,2026-07-29 18:02:39.604-05,G,150,Run Production,,legacy
213,2026-07-29 18:02:39.604-05,2026-07-29 18:29:45.971-05,B,378,Cambio de Turno,,legacy
213,2026-07-29 18:29:45.971-05,2026-07-29 20:04:07.425-05,G,150,Run Production,,legacy
213,2026-07-29 20:04:07.425-05,2026-07-29 20:22:11.773-05,B,99,Plates: Wash,,legacy
213,2026-07-29 20:22:11.773-05,2026-07-29 21:36:29.389-05,G,150,Run Production,,legacy
213,2026-07-29 21:36:29.389-05,2026-07-29 21:54:33.416-05,B,145-8,Dr. Blade Change,,legacy
213,2026-07-29 21:54:33.416-05,2026-07-30 00:04:01.933-05,G,150,Run Production,,legacy
213,2026-07-30 00:04:01.933-05,2026-07-30 00:45:11.871-05,B,301,Cambio de Rollo,,legacy
213,2026-07-30 00:45:11.871-05,2026-07-30 01:21:20.158-05,G,150,Run Production,,legacy
213,2026-07-30 01:21:20.158-05,2026-07-30 01:30:22.374-05,B,450,Non Productive,,legacy
213,2026-07-30 01:30:22.374-05,2026-07-30 01:57:28.267-05,M,48,Make Ready Sleeves,,legacy
213,2026-07-30 01:57:28.267-05,2026-07-30 02:33:36.278-05,M,47,Make Ready - Time Required to Setup Job,,legacy
213,2026-07-30 02:33:36.278-05,2026-07-30 03:04:43.621-05,M,47-3,Make Ready Ghosting,,legacy
213,2026-07-30 03:04:43.621-05,2026-07-30 04:01:56.237-05,M,47-19,Make Ready Sleeve Low Spot,,legacy
213,2026-07-30 04:01:56.237-05,2026-07-30 04:33:07.439-05,B,354,Housekeeping,,legacy
213,2026-07-30 04:33:07.439-05,2026-07-30 06:38:36.22-05,M,80,Anilox: Change,,legacy
213,2026-07-30 06:38:36.22-05,2026-07-30 07:44:51.27-05,M,47-20,Make Ready Out of Register,,legacy
213,2026-07-30 07:44:51.27-05,2026-07-30 08:05:56.059-05,B,145-6,Ink Spill,,legacy
213,2026-07-30 08:05:56.059-05,2026-07-30 08:37:05.445-05,G,150,Run Production,,legacy
213,2026-07-30 08:37:05.445-05,2026-07-30 08:49:08.523-05,B,145-8,Dr. Blade Change,,legacy
213,2026-07-30 08:49:08.523-05,2026-07-30 11:49:53.655-05,G,150,Run Production,,legacy
213,2026-07-30 11:49:53.655-05,2026-07-30 12:14:59.282-05,B,99,Plates: Wash,,legacy
213,2026-07-30 12:14:59.282-05,2026-07-30 16:25:04.014-05,G,150,Run Production,,legacy
213,2026-07-30 16:25:04.014-05,2026-07-30 16:56:11.807-05,B,354,Housekeeping,,legacy
213,2026-07-30 16:56:11.807-05,2026-07-30 19:32:48.248-05,G,150,Run Production,,legacy
213,2026-07-30 19:32:48.248-05,2026-07-30 20:43:03.732-05,B,145-7,Film Web Break,,legacy
213,2026-07-30 20:43:03.732-05,2026-07-30 21:44:17.864-05,G,150,Run Production,,legacy
213,2026-07-30 21:44:17.864-05,2026-07-30 22:03:22.258-05,M,48,Make Ready Sleeves,,legacy
213,2026-07-30 22:03:22.258-05,2026-07-30 22:18:25.955-05,M,47,Make Ready - Time Required to Setup Job,,legacy
213,2026-07-30 22:18:25.955-05,2026-07-30 22:59:35.759-05,B,145-8,Dr. Blade Change,,legacy
213,2026-07-30 22:59:35.759-05,2026-07-30 23:26:41.687-05,M,47,Make Ready - Time Required to Setup Job,,legacy
213,2026-07-30 23:26:41.687-05,2026-07-31 00:29:56.185-05,M,80,Anilox: Change,,legacy
213,2026-07-31 00:29:56.185-05,2026-07-31 00:57:03.178-05,B,145-8,Dr. Blade Change,,legacy
213,2026-07-31 00:57:03.178-05,2026-07-31 01:16:07.768-05,M,47,Make Ready - Time Required to Setup Job,,legacy
213,2026-07-31 01:16:07.768-05,2026-07-31 01:43:14.105-05,B,145-98,Quality Hold,,legacy
213,2026-07-31 01:43:14.105-05,2026-07-31 01:51:16.276-05,M,47,Make Ready - Time Required to Setup Job,,legacy
213,2026-07-31 01:51:16.276-05,2026-07-31 02:13:21.649-05,G,150,Run Production,,legacy
213,2026-07-31 02:13:21.649-05,2026-07-31 02:14:21.85-05,B,450,Non Productive,,legacy
213,2026-07-31 02:14:21.85-05,2026-07-31 04:36:55.928-05,G,150,Run Production,,legacy
213,2026-07-31 04:36:55.928-05,2026-07-31 04:40:56.725-05,B,450,Non Productive,,legacy
213,2026-07-31 04:40:56.725-05,2026-07-31 04:46:58.045-05,M,47,Make Ready - Time Required to Setup Job,,legacy
213,2026-07-31 04:46:58.045-05,2026-07-31 05:30:07.231-05,B,354,Housekeeping,,legacy
213,2026-07-31 05:30:07.231-05,2026-07-31 06:05:15.132-05,M,47,Make Ready - Time Required to Setup Job,,legacy
213,2026-07-31 06:05:15.132-05,2026-07-31 06:23:19.517-05,M,80,Anilox: Change,,legacy
213,2026-07-31 06:23:19.517-05,2026-07-31 06:40:23.421-05,B,145-8,Dr. Blade Change,,legacy
213,2026-07-31 06:40:23.421-05,2026-07-31 07:47:39.516-05,M,47,Make Ready - Time Required to Setup Job,,legacy
213,2026-07-31 07:47:39.516-05,2026-07-31 07:59:42.206-05,M,80,Anilox: Change,,legacy
213,2026-07-31 07:59:42.206-05,2026-07-31 08:13:45.25-05,M,47,Make Ready - Time Required to Setup Job,,legacy
213,2026-07-31 08:13:45.25-05,2026-07-31 08:21:47.191-05,M,85,Make Ready - Color Match,,legacy
213,2026-07-31 08:21:47.191-05,2026-07-31 08:30:49.39-05,M,47,Make Ready - Time Required to Setup Job,,legacy
213,2026-07-31 08:30:49.39-05,2026-07-31 09:09:58.592-05,G,150,Run Production,,legacy
213,2026-07-31 09:09:58.592-05,2026-07-31 09:12:59.307-05,B,29,Electrical: Press Other,,legacy
213,2026-07-31 09:12:59.307-05,2026-07-31 09:17:00.183-05,B,64,Mech - Press Other,,legacy
213,2026-07-31 09:17:00.183-05,2026-07-31 09:53:08.425-05,G,150,Run Production,,legacy
213,2026-07-31 09:53:08.425-05,2026-07-31 10:07:11.369-05,B,99,Plates: Wash,,legacy
213,2026-07-31 10:07:11.369-05,2026-07-31 12:42:47.32-05,G,150,Run Production,,legacy
213,2026-07-31 12:42:47.32-05,2026-07-31 12:43:47.543-05,M,47,Make Ready - Time Required to Setup Job,,legacy
213,2026-07-31 12:43:47.543-05,2026-07-31 13:01:51.536-05,M,48,Make Ready Sleeves,,legacy
213,2026-07-31 13:01:51.536-05,2026-07-31 13:03:51.951-05,M,80,Anilox: Change,,legacy
213,2026-07-31 13:03:51.951-05,2026-07-31 15:47:30.434-05,M,47,Make Ready - Time Required to Setup Job,,legacy
213,2026-07-31 15:47:30.434-05,2026-07-31 16:08:35.987-05,M,80,Anilox: Change,,legacy
213,2026-07-31 16:08:35.987-05,2026-07-31 16:35:42.908-05,B,145-3,Drum Clean,,legacy
213,2026-07-31 16:35:42.908-05,2026-07-31 16:39:43.793-05,B,354,Housekeeping,,legacy
213,2026-07-31 16:39:43.793-05,2026-07-31 17:23:53.49-05,G,150,Run Production,,legacy
213,2026-07-31 17:23:53.49-05,2026-07-31 17:37:56.731-05,B,99,Plates: Wash,,legacy
213,2026-07-31 17:37:56.731-05,2026-07-31 18:31:09.338-05,G,150,Run Production,,legacy
213,2026-07-31 18:31:09.338-05,2026-07-31 18:53:14.599-05,B,99,Plates: Wash,,legacy
213,2026-07-31 18:53:14.599-05,2026-07-31 18:56:15.341-05,B,87,Ink: Off Color,,legacy
213,2026-07-31 18:56:15.341-05,2026-07-31 19:58:31.203-05,G,150,Run Production,,legacy
213,2026-07-31 19:58:31.203-05,2026-07-31 20:04:32.8-05,B,99,Plates: Wash,,legacy
213,2026-07-31 20:04:32.8-05,2026-07-31 21:01:44.754-05,G,150,Run Production,,legacy
213,2026-07-31 21:01:44.754-05,2026-07-31 21:06:45.782-05,B,450,Non Productive,,legacy
213,2026-07-31 21:06:45.782-05,2026-07-31 21:32:51.445-05,M,48,Make Ready Sleeves,,legacy
213,2026-07-31 21:32:51.445-05,2026-07-31 22:14:00.836-05,M,47,Make Ready - Time Required to Setup Job,,legacy
213,2026-07-31 22:14:00.836-05,2026-07-31 23:00:11.054-05,B,145-8,Dr. Blade Change,,legacy
213,2026-07-31 23:00:11.054-05,2026-08-01 01:53:49.252-05,M,47,Make Ready - Time Required to Setup Job,,legacy
213,2026-08-01 01:53:49.252-05,2026-08-01 01:55:49.603-05,B,145-98,Quality Hold,,legacy
213,2026-08-01 01:55:49.603-05,2026-08-01 02:08:52.384-05,M,47,Make Ready - Time Required to Setup Job,,legacy
213,2026-08-01 02:08:52.384-05,2026-08-01 02:22:55.271-05,B,145-4,Plate Wash,,legacy
213,2026-08-01 02:22:55.271-05,2026-08-01 03:12:06.41-05,G,150,Run Production,,legacy
213,2026-08-01 03:12:06.41-05,2026-08-01 03:36:11.329-05,B,145-8,Dr. Blade Change,,legacy
213,2026-08-01 03:36:11.329-05,2026-08-01 06:04:48.276-05,G,150,Run Production,,legacy
213,2026-08-01 06:04:48.276-05,2026-08-01 06:45:57.297-05,B,87,Ink: Off Color,,legacy
213,2026-08-01 06:45:57.297-05,2026-08-01 08:12:16.123-05,G,150,Run Production,,legacy
213,2026-08-01 08:12:16.123-05,2026-08-01 08:13:16.349-05,B,450,Non Productive,,legacy
213,2026-08-01 08:13:16.349-05,2026-08-01 08:15:16.86-05,M,47,Make Ready - Time Required to Setup Job,,legacy
213,2026-08-01 08:15:16.86-05,2026-08-01 08:31:20.334-05,B,145-99,Other,,legacy
213,2026-08-01 08:31:20.334-05,2026-08-01 08:38:21.803-05,M,47,Make Ready - Time Required to Setup Job,,legacy
213,2026-08-01 08:38:21.803-05,2026-08-01 08:41:22.491-05,G,150,Run Production,,legacy
213,2026-08-01 08:41:22.491-05,2026-08-01 08:48:23.992-05,B,99,Plates: Wash,,legacy
213,2026-08-01 08:48:23.992-05,2026-08-01 09:39:34.97-05,G,150,Run Production,,legacy
213,2026-08-01 09:39:34.97-05,2026-08-01 09:46:36.391-05,B,99,Plates: Wash,,legacy
213,2026-08-01 09:46:36.391-05,2026-08-01 10:23:44.811-05,G,150,Run Production,,legacy
213,2026-08-01 10:23:44.811-05,2026-08-01 10:56:51.863-05,B,145-3,Drum Clean,,legacy
213,2026-08-01 10:56:51.863-05,2026-08-01 12:21:10.906-05,G,150,Run Production,,legacy
213,2026-08-01 12:21:10.906-05,2026-08-01 12:50:17.116-05,B,87,Ink: Off Color,,legacy
213,2026-08-01 12:50:17.116-05,2026-08-01 13:49:31.272-05,G,150,Run Production,,legacy
213,2026-08-01 13:49:31.272-05,2026-08-01 13:53:32.141-05,B,87,Ink: Off Color,,legacy
213,2026-08-01 13:53:32.141-05,2026-08-01 15:25:52.045-05,G,150,Run Production,,legacy
213,2026-08-01 15:25:52.045-05,2026-08-01 15:28:52.68-05,B,87,Ink: Off Color,,legacy
213,2026-08-01 15:28:52.68-05,2026-08-01 15:56:58.62-05,B,145-8,Dr. Blade Change,,legacy
213,2026-08-01 15:56:58.62-05,2026-08-01 16:11:01.834-05,B,354,Housekeeping,,legacy
213,2026-08-01 16:11:01.834-05,2026-08-01 16:15:02.703-05,B,87,Ink: Off Color,,legacy
213,2026-08-01 16:15:02.703-05,2026-08-01 18:03:27.683-05,G,150,Run Production,,legacy
213,2026-08-01 18:03:27.683-05,2026-08-01 18:16:30.663-05,B,145-99,Other,,legacy
213,2026-08-01 18:16:30.663-05,2026-08-01 18:26:32.864-05,B,99,Plates: Wash,,legacy
213,2026-08-01 18:26:32.864-05,2026-08-01 19:14:43.663-05,G,150,Run Production,,legacy
213,2026-08-01 19:14:43.663-05,2026-08-01 19:28:46.746-05,B,99,Plates: Wash,,legacy
213,2026-08-01 19:28:46.746-05,2026-08-01 20:01:53.84-05,G,150,Run Production,,legacy
213,2026-08-01 20:01:53.84-05,2026-08-01 20:23:58.705-05,B,145-8,Dr. Blade Change,,legacy
213,2026-08-01 20:23:58.705-05,2026-08-01 20:54:05.376-05,B,145-98,Quality Hold,,legacy
213,2026-08-01 20:54:05.376-05,2026-08-01 23:57:47.197-05,G,150,Run Production,,legacy
213,2026-08-01 23:57:47.197-05,2026-08-02 00:03:48.515-05,B,99,Plates: Wash,,legacy
213,2026-08-02 00:03:48.515-05,2026-08-02 00:27:54.326-05,B,145-8,Dr. Blade Change,,legacy
213,2026-08-02 00:27:54.326-05,2026-08-02 01:08:03.557-05,G,150,Run Production,,legacy
213,2026-08-02 01:08:03.557-05,2026-08-02 01:12:04.341-05,B,450,Non Productive,,legacy
213,2026-08-02 01:12:04.341-05,2026-08-02 02:12:17.4-05,M,47,Make Ready - Time Required to Setup Job,,legacy
213,2026-08-02 02:12:17.4-05,2026-08-02 02:59:28.686-05,B,145-8,Dr. Blade Change,,legacy
213,2026-08-02 02:59:28.686-05,2026-08-02 03:21:33.272-05,B,145-3,Drum Clean,,legacy
213,2026-08-02 03:21:33.272-05,2026-08-02 03:42:38.603-05,B,354,Housekeeping,,legacy
213,2026-08-02 03:42:38.603-05,2026-08-02 03:47:39.7-05,M,48,Make Ready Sleeves,,legacy
213,2026-08-02 03:47:39.7-05,2026-08-02 04:32:50.263-05,M,47,Make Ready - Time Required to Setup Job,,legacy
213,2026-08-02 04:32:50.263-05,2026-08-02 05:22:01.775-05,M,47-4,Make Ready Bouncing,,legacy
213,2026-08-02 05:22:01.775-05,2026-08-02 05:45:06.464-05,B,99,Plates: Wash,,legacy
213,2026-08-02 05:45:06.464-05,2026-08-02 06:03:10.481-05,M,47,Make Ready - Time Required to Setup Job,,legacy
213,2026-08-02 06:03:10.481-05,2026-08-02 06:28:15.947-05,B,99,Plates: Wash,,legacy
213,2026-08-02 06:28:15.947-05,2026-08-02 06:46:20.121-05,M,47,Make Ready - Time Required to Setup Job,,legacy
213,2026-08-02 06:46:20.121-05,2026-08-02 07:20:28.124-05,M,80,Anilox: Change,,legacy
213,2026-08-02 07:20:28.124-05,2026-08-02 07:21:28.312-05,M,47,Make Ready - Time Required to Setup Job,,legacy
213,2026-08-02 07:21:28.312-05,2026-08-02 07:46:34.407-05,M,47-4,Make Ready Bouncing,,legacy
213,2026-08-02 07:46:34.407-05,2026-08-02 09:37:58.071-05,G,150,Run Production,,legacy
213,2026-08-02 09:37:58.071-05,2026-08-02 09:50:00.887-05,B,99,Plates: Wash,,legacy
213,2026-08-02 09:50:00.887-05,2026-08-02 11:28:23.173-05,G,150,Run Production,,legacy
213,2026-08-02 11:28:23.173-05,2026-08-02 11:29:23.408-05,B,450,Non Productive,,legacy
213,2026-08-02 11:29:23.408-05,2026-08-02 11:34:24.613-05,M,48,Make Ready Sleeves,,legacy
213,2026-08-02 11:34:24.613-05,2026-08-02 12:59:43.503-05,B,450,Non Productive,,legacy
213,2026-08-02 12:59:43.503-05,2026-08-02 13:11:46.758-05,M,48,Make Ready Sleeves,,legacy
213,2026-08-02 13:11:46.758-05,2026-08-02 13:12:46.956-05,M,47,Make Ready - Time Required to Setup Job,,legacy
213,2026-08-02 13:12:46.956-05,2026-08-02 13:30:50.756-05,M,47-9,Make Ready Wait for ink,,legacy
213,2026-08-02 13:30:50.756-05,2026-08-02 14:44:07.072-05,M,47,Make Ready - Time Required to Setup Job,,legacy
213,2026-08-02 14:44:07.072-05,2026-08-02 15:57:24.045-05,M,47-3,Make Ready Ghosting,,legacy
213,2026-08-02 15:57:24.045-05,2026-08-02 16:49:35.424-05,M,85,Make Ready - Color Match,,legacy
213,2026-08-02 16:49:35.424-05,2026-08-02 17:25:43.287-05,G,150,Run Production,,legacy
213,2026-08-02 17:25:43.287-05,2026-08-02 17:27:43.673-05,B,450,Non Productive,,legacy
213,2026-08-02 17:27:43.673-05,2026-08-02 17:43:47.006-05,M,48,Make Ready Sleeves,,legacy
213,2026-08-02 17:43:47.006-05,2026-08-02 18:10:54.202-05,M,47,Make Ready - Time Required to Setup Job,,legacy
213,2026-08-02 18:10:54.202-05,2026-08-02 18:28:58.11-05,M,80,Anilox: Change,,legacy
213,2026-08-02 18:28:58.11-05,2026-08-02 19:07:06.629-05,B,145-8,Dr. Blade Change,,legacy
213,2026-08-02 19:07:06.629-05,2026-08-02 20:44:28-05,M,47,Make Ready - Time Required to Setup Job,,legacy
213,2026-08-02 20:44:28-05,2026-08-02 20:53:29.947-05,B,99,Plates: Wash,,legacy
213,2026-08-02 20:53:29.947-05,2026-08-02 21:28:37.903-05,M,47,Make Ready - Time Required to Setup Job,,legacy
213,2026-08-02 21:28:37.903-05,2026-08-02 21:52:43.06-05,B,145-3,Drum Clean,,legacy
213,2026-08-02 21:52:43.06-05,2026-08-03 00:37:19.701-05,G,150,Run Production,,legacy
213,2026-08-03 00:37:19.701-05,2026-08-03 00:49:22.287-05,B,145-99,Other,,legacy
213,2026-08-03 00:49:22.287-05,2026-08-03 03:12:54.289-05,G,150,Run Production,,legacy
213,2026-08-03 03:12:54.289-05,2026-08-03 03:30:58.259-05,B,95,Press Problem / Impression,,legacy
213,2026-08-03 03:30:58.259-05,2026-08-03 04:12:06.714-05,G,150,Run Production,,legacy
213,2026-08-03 04:12:06.714-05,2026-08-03 04:22:08.852-05,B,99,Plates: Wash,,legacy
213,2026-08-03 04:22:08.852-05,2026-08-03 04:39:12.552-05,B,95,Press Problem / Impression,,legacy
213,2026-08-03 04:39:12.552-05,2026-08-03 04:40:12.784-05,B,354,Housekeeping,,legacy
213,2026-08-03 04:40:12.784-05,2026-08-03 04:47:14.217-05,B,99,Plates: Wash,,legacy
213,2026-08-03 04:47:14.217-05,2026-08-03 06:22:35.368-05,G,150,Run Production,,legacy
213,2026-08-03 06:22:35.368-05,2026-08-03 06:41:39.633-05,B,99,Plates: Wash,,legacy
213,2026-08-03 06:41:39.633-05,2026-08-03 07:12:46.416-05,B,354,Housekeeping,,legacy
213,2026-08-03 07:12:46.416-05,2026-08-03 08:50:08.045-05,G,150,Run Production,,legacy
213,2026-08-03 08:50:08.045-05,2026-08-03 08:59:09.967-05,B,145-99,Other,,legacy
213,2026-08-03 08:59:09.967-05,2026-08-03 10:17:27.49-05,G,150,Run Production,,legacy
213,2026-08-03 10:17:27.49-05,2026-08-03 11:14:40.416-05,M,48,Make Ready Sleeves,,legacy
213,2026-08-03 11:14:40.416-05,2026-08-03 13:45:14.087-05,M,47,Make Ready - Time Required to Setup Job,,legacy
213,2026-08-03 13:45:14.087-05,2026-08-03 14:13:22.557-05,B,29,Electrical: Press Other,,legacy
213,2026-08-03 14:13:22.557-05,2026-08-03 15:23:39.131-05,M,47,Make Ready - Time Required to Setup Job,,legacy
213,2026-08-03 15:23:39.131-05,2026-08-03 15:52:45.672-05,B,99,Plates: Wash,,legacy
213,2026-08-03 15:52:45.672-05,2026-08-03 17:08:13.412-05,M,47,Make Ready - Time Required to Setup Job,,legacy
213,2026-08-03 17:08:13.412-05,2026-08-03 17:38:20.031-05,M,47-20,Make Ready Out of Register,,legacy
213,2026-08-03 17:38:20.031-05,2026-08-03 17:40:20.519-05,M,47,Make Ready - Time Required to Setup Job,,legacy
213,2026-08-03 17:40:20.519-05,2026-08-03 17:43:21.228-05,M,47-20,Make Ready Out of Register,,legacy
213,2026-08-03 17:43:21.228-05,2026-08-03 17:45:21.84-05,B,145-98,Quality Hold,,legacy
213,2026-08-03 17:45:21.84-05,2026-08-03 19:30:46.878-05,M,47-20,Make Ready Out of Register,,legacy
213,2026-08-03 19:30:46.878-05,2026-08-03 20:12:56.435-05,G,150,Run Production,,legacy
213,2026-08-03 20:12:56.435-05,2026-08-03 20:39:02.318-05,B,145-8,Dr. Blade Change,,legacy
213,2026-08-03 20:39:02.318-05,2026-08-03 21:01:07.677-05,B,99,Plates: Wash,,legacy
213,2026-08-03 21:01:07.677-05,2026-08-03 21:21:11.971-05,G,150,Run Production,,legacy
213,2026-08-03 21:21:11.971-05,2026-08-03 22:41:30.928-05,B,95,Press Problem / Impression,,legacy
213,2026-08-03 22:41:30.928-05,2026-08-03 23:14:38.45-05,M,80,Anilox: Change,,legacy
213,2026-08-03 23:14:38.45-05,2026-08-03 23:19:39.518-05,M,47,Make Ready - Time Required to Setup Job,,legacy
213,2026-08-03 23:19:39.518-05,2026-08-03 23:49:46.344-05,M,47-17,Make Ready Dirty Anilox,,legacy
213,2026-08-03 23:49:46.344-05,2026-08-04 00:40:57.747-05,B,95,Press Problem / Impression,,legacy
213,2026-08-04 00:40:57.747-05,2026-08-04 00:47:59.277-05,G,150,Run Production,,legacy
213,2026-08-04 00:47:59.277-05,2026-08-04 00:48:59.482-05,B,93,Plates: Defective Pre-Press,,legacy
213,2026-08-04 00:48:59.482-05,2026-08-04 02:22:20.853-05,B,95,Press Problem / Impression,,legacy
213,2026-08-04 02:22:20.853-05,2026-08-04 02:37:24.026-05,B,93,Plates: Defective Pre-Press,,legacy
213,2026-08-04 02:37:24.026-05,2026-08-04 02:57:28.83-05,B,145-4,Plate Wash,,legacy
213,2026-08-04 02:57:28.83-05,2026-08-04 03:02:30.009-05,B,95,Press Problem / Impression,,legacy
213,2026-08-04 03:02:30.009-05,2026-08-04 03:30:36.398-05,G,150,Run Production,,legacy
213,2026-08-04 03:30:36.398-05,2026-08-04 06:25:17.02-05,B,95,Press Problem / Impression,,legacy
213,2026-08-04 06:25:17.02-05,2026-08-04 08:41:50.044-05,M,47-21,MR - Wait for Plates/Mounting,,legacy
213,2026-08-04 08:41:50.044-05,2026-08-04 09:51:06.603-05,G,150,Run Production,,legacy
213,2026-08-04 09:51:06.603-05,2026-08-04 10:09:10.618-05,B,145-8,Dr. Blade Change,,legacy
213,2026-08-04 10:09:10.618-05,2026-08-04 10:18:12.618-05,M,47-4,Make Ready Bouncing,,legacy
213,2026-08-04 10:18:12.618-05,2026-08-04 11:29:29.248-05,G,150,Run Production,,legacy
213,2026-08-04 11:29:29.248-05,2026-08-04 12:27:42.83-05,B,95,Press Problem / Impression,,legacy
213,2026-08-04 12:27:42.83-05,2026-08-04 14:49:15.963-05,G,150,Run Production,,legacy
213,2026-08-04 14:49:15.963-05,2026-08-04 15:33:26.075-05,B,99,Plates: Wash,,legacy
213,2026-08-04 15:33:26.075-05,2026-08-04 16:11:36.254-05,G,150,Run Production,,legacy
213,2026-08-04 16:11:36.254-05,2026-08-04 16:31:40.919-05,B,99,Plates: Wash,,legacy
213,2026-08-04 16:31:40.919-05,2026-08-04 17:11:51.053-05,G,150,Run Production,,legacy
213,2026-08-04 17:11:51.053-05,2026-08-04 17:28:54.932-05,B,354,Housekeeping,,legacy
213,2026-08-04 17:28:54.932-05,2026-08-04 18:16:05.813-05,G,150,Run Production,,legacy
213,2026-08-04 18:16:05.813-05,2026-08-04 18:39:10.928-05,B,99,Plates: Wash,,legacy
213,2026-08-04 18:39:10.928-05,2026-08-04 19:37:23.841-05,G,150,Run Production,,legacy
213,2026-08-04 19:37:23.841-05,2026-08-04 19:57:28.351-05,B,95,Press Problem / Impression,,legacy
213,2026-08-04 19:57:28.351-05,2026-08-04 23:11:13.785-05,G,150,Run Production,,legacy
213,2026-08-04 23:11:13.785-05,2026-08-04 23:32:18.431-05,B,99,Plates: Wash,,legacy
213,2026-08-04 23:32:18.431-05,2026-08-05 01:48:50.698-05,G,150,Run Production,,legacy
213,2026-08-05 01:48:50.698-05,2026-08-05 01:54:51.997-05,B,99,Plates: Wash,,legacy
213,2026-08-05 01:54:51.997-05,2026-08-05 04:18:24.884-05,G,150,Run Production,,legacy
213,2026-08-05 04:18:24.884-05,2026-08-05 04:40:30.265-05,B,354,Housekeeping,,legacy
213,2026-08-05 04:40:30.265-05,2026-08-05 07:54:16.648-05,G,150,Run Production,,legacy
213,2026-08-05 07:54:16.648-05,2026-08-05 08:18:22.085-05,B,99,Plates: Wash,,legacy
213,2026-08-05 08:18:22.085-05,2026-08-05 09:21:36.728-05,B,145-8,Dr. Blade Change,,legacy
213,2026-08-05 09:21:36.728-05,2026-08-05 12:11:16.131-05,G,150,Run Production,,legacy
213,2026-08-05 12:11:16.131-05,2026-08-05 12:38:22.314-05,B,41-1,Maintenance - Mechanical,,legacy
213,2026-08-05 12:38:22.314-05,2026-08-05 15:44:06.938-05,G,150,Run Production,,legacy
213,2026-08-05 15:44:06.938-05,2026-08-05 16:01:10.808-05,B,99,Plates: Wash,,legacy
213,2026-08-05 16:01:10.808-05,2026-08-05 16:58:24.691-05,G,150,Run Production,,legacy
213,2026-08-05 16:58:24.691-05,2026-08-05 17:24:32.314-05,B,354,Housekeeping,,legacy
213,2026-08-05 17:24:32.314-05,2026-08-05 17:26:32.788-05,M,47-4,Make Ready Bouncing,,legacy
213,2026-08-05 17:26:32.788-05,2026-08-05 18:27:51.929-05,M,47-21,MR - Wait for Plates/Mounting,,legacy
213,2026-08-05 18:27:51.929-05,2026-08-05 21:33:36.063-05,G,150,Run Production,,legacy
213,2026-08-05 21:33:36.063-05,2026-08-05 21:47:39.434-05,B,99,Plates: Wash,,legacy
213,2026-08-05 21:47:39.434-05,2026-08-06 04:09:07.844-05,G,150,Run Production,,legacy
213,2026-08-06 04:09:07.844-05,2026-08-06 04:29:12.829-05,B,99,Plates: Wash,,legacy
213,2026-08-06 04:29:12.829-05,2026-08-06 05:29:26.888-05,G,150,Run Production,,legacy
213,2026-08-06 05:29:26.888-05,2026-08-06 05:46:30.617-05,B,354,Housekeeping,,legacy
213,2026-08-06 05:46:30.617-05,2026-08-06 06:01:34.374-05,G,150,Run Production,,legacy
213,2026-08-06 06:01:34.374-05,2026-08-06 06:21:39.345-05,B,145-8,Dr. Blade Change,,legacy
213,2026-08-06 06:21:39.345-05,2026-08-06 07:31:55.985-05,G,150,Run Production,,legacy
213,2026-08-06 07:31:55.985-05,2026-08-06 07:34:56.654-05,B,99,Plates: Wash,,legacy
213,2026-08-06 07:34:56.654-05,2026-08-06 08:38:11.993-05,G,150,Run Production,,legacy
213,2026-08-06 08:38:11.993-05,2026-08-06 09:26:23.399-05,M,48,Make Ready Sleeves,,legacy
213,2026-08-06 09:26:23.399-05,2026-08-06 10:11:34.355-05,B,145-8,Dr. Blade Change,,legacy
213,2026-08-06 10:11:34.355-05,2026-08-06 12:40:09.588-05,M,47,Make Ready - Time Required to Setup Job,,legacy
213,2026-08-06 12:40:09.588-05,2026-08-06 13:12:16.978-05,M,80,Anilox: Change,,legacy
213,2026-08-06 13:12:16.978-05,2026-08-06 15:09:44.789-05,G,150,Run Production,,legacy
213,2026-08-06 15:09:44.789-05,2026-08-06 15:26:49.029-05,B,99,Plates: Wash,,legacy
213,2026-08-06 15:26:49.029-05,2026-08-06 15:32:50.026-05,G,150,Run Production,,legacy
213,2026-08-06 15:32:50.026-05,2026-08-06 15:43:59.266-05,B,95,Press Problem / Impression,,legacy
213,2026-08-06 15:43:59.266-05,2026-08-06 16:08:49.635-05,B,354,Housekeeping,,legacy
213,2026-08-06 16:08:49.635-05,2026-08-06 23:10:55.354-05,G,150,Run Production,,legacy
213,2026-08-06 23:10:55.354-05,2026-08-06 23:34:18.384-05,M,48,Make Ready Sleeves,,legacy
213,2026-08-06 23:34:18.384-05,2026-08-07 01:22:00.542-05,M,47,Make Ready - Time Required to Setup Job,,legacy
213,2026-08-07 01:22:00.542-05,2026-08-07 01:40:04.789-05,G,150,Run Production,,legacy
213,2026-08-07 01:40:04.789-05,2026-08-07 01:41:05.07-05,M,47,Make Ready - Time Required to Setup Job,,legacy
213,2026-08-07 01:41:05.07-05,2026-08-07 02:27:25.025-05,G,150,Run Production,,legacy
213,2026-08-07 02:27:25.025-05,2026-08-07 02:34:26.836-05,B,450,Non Productive,,legacy
213,2026-08-07 02:34:26.836-05,2026-08-07 02:49:37.45-05,M,48,Make Ready Sleeves,,legacy
213,2026-08-07 02:49:37.45-05,2026-08-07 03:23:54.726-05,B,145-3,Drum Clean,,legacy
213,2026-08-07 03:23:54.726-05,2026-08-07 03:51:07.372-05,B,354,Housekeeping,,legacy
213,2026-08-07 03:51:07.372-05,2026-08-07 05:29:01.677-05,M,47,Make Ready - Time Required to Setup Job,,legacy
213,2026-08-07 05:29:01.677-05,2026-08-07 05:30:02.2-05,M,85,Make Ready - Color Match,,legacy
213,2026-08-07 05:30:02.2-05,2026-08-07 11:59:48.456-05,M,47,Make Ready - Time Required to Setup Job,,legacy
213,2026-08-07 11:59:48.456-05,2026-08-07 12:21:00.866-05,B,95,Press Problem / Impression,,legacy
213,2026-08-07 12:21:00.866-05,2026-08-07 21:09:00.999-05,G,150,Run Production,,legacy
213,2026-08-07 21:09:00.999-05,2026-08-07 21:13:01.974-05,B,450,Non Productive,,legacy
213,2026-08-07 21:13:01.974-05,2026-08-07 21:14:02.194-05,M,48,Make Ready Sleeves,,legacy
213,2026-08-07 21:14:02.194-05,2026-08-07 23:13:36.437-05,M,47,Make Ready - Time Required to Setup Job,,legacy
213,2026-08-07 23:13:36.437-05,2026-08-08 00:37:59.435-05,M,47-4,Make Ready Bouncing,,legacy
213,2026-08-08 00:37:59.435-05,2026-08-08 00:59:04.871-05,M,80,Anilox: Change,,legacy
213,2026-08-08 00:59:04.871-05,2026-08-08 01:04:06.302-05,M,47,Make Ready - Time Required to Setup Job,,legacy
213,2026-08-08 01:04:06.302-05,2026-08-08 01:31:14.136-05,M,47-17,Make Ready Dirty Anilox,,legacy
213,2026-08-08 01:31:14.136-05,2026-08-08 02:08:25.637-05,M,47-4,Make Ready Bouncing,,legacy
213,2026-08-08 02:08:25.637-05,2026-08-08 03:02:43.502-05,M,47-24,MR Sticky Back Change,,legacy
213,2026-08-08 03:02:43.502-05,2026-08-08 03:09:45.159-05,M,47,Make Ready - Time Required to Setup Job,,legacy
213,2026-08-08 03:09:45.159-05,2026-08-08 05:36:24.252-05,G,150,Run Production,,legacy
213,2026-08-08 05:36:24.252-05,2026-08-08 06:25:37.437-05,M,80,Anilox: Change,,legacy
213,2026-08-08 06:25:37.437-05,2026-08-08 08:17:07.757-05,M,47-17,Make Ready Dirty Anilox,,legacy
213,2026-08-08 08:17:07.757-05,2026-08-08 09:27:28.421-05,G,150,Run Production,,legacy
213,2026-08-08 09:27:28.421-05,2026-08-08 09:48:34.752-05,B,99,Plates: Wash,,legacy
213,2026-08-08 09:48:34.752-05,2026-08-08 10:05:38.763-05,B,145-8,Dr. Blade Change,,legacy
213,2026-08-08 10:05:38.763-05,2026-08-08 10:12:40.518-05,G,150,Run Production,,legacy
213,2026-08-08 10:12:40.518-05,2026-08-08 10:22:43.155-05,B,145-3,Drum Clean,,legacy
213,2026-08-08 10:22:43.155-05,2026-08-08 12:18:11.039-05,G,150,Run Production,,legacy
213,2026-08-08 12:18:11.039-05,2026-08-08 13:05:24.621-05,B,145-99,Other,,legacy
213,2026-08-08 13:05:24.621-05,2026-08-08 13:39:34.084-05,G,150,Run Production,,legacy
213,2026-08-08 13:39:34.084-05,2026-08-08 14:37:51.376-05,M,47-17,Make Ready Dirty Anilox,,legacy
213,2026-08-08 14:37:51.376-05,2026-08-08 14:40:52.239-05,G,150,Run Production,,legacy
213,2026-08-08 14:40:52.239-05,2026-08-08 14:46:53.81-05,B,95,Press Problem / Impression,,legacy
213,2026-08-08 14:46:53.81-05,2026-08-08 16:54:27.425-05,G,150,Run Production,,legacy
213,2026-08-08 16:54:27.425-05,2026-08-08 17:42:40.84-05,M,47-22,MR Plate Damage in Press,,legacy
213,2026-08-08 17:42:40.84-05,2026-08-08 18:33:54.281-05,G,150,Run Production,,legacy
213,2026-08-08 18:33:54.281-05,2026-08-08 18:50:58.024-05,B,145-8,Dr. Blade Change,,legacy
213,2026-08-08 18:50:58.024-05,2026-08-08 19:14:03.862-05,B,99,Plates: Wash,,legacy
213,2026-08-08 19:14:03.862-05,2026-08-08 19:16:04.329-05,G,150,Run Production,,legacy
213,2026-08-08 19:16:04.329-05,2026-08-08 19:57:13.574-05,B,95,Press Problem / Impression,,legacy
213,2026-08-08 19:57:13.574-05,2026-08-08 20:05:15.502-05,G,150,Run Production,,legacy
213,2026-08-08 20:05:15.502-05,2026-08-08 20:28:21.044-05,B,95,Press Problem / Impression,,legacy
213,2026-08-08 20:28:21.044-05,2026-08-08 20:42:24.202-05,B,99,Plates: Wash,,legacy
213,2026-08-08 20:42:24.202-05,2026-08-08 20:51:26.042-05,G,150,Run Production,,legacy
213,2026-08-08 20:51:26.042-05,2026-08-08 20:54:27.114-05,B,95,Press Problem / Impression,,legacy
213,2026-08-08 20:54:27.114-05,2026-08-08 22:12:46.545-05,G,150,Run Production,,legacy
213,2026-08-08 22:12:46.545-05,2026-08-08 22:42:53.986-05,B,95,Press Problem / Impression,,legacy
213,2026-08-08 22:42:53.986-05,2026-08-08 23:12:03.649-05,B,99,Plates: Wash,,legacy
213,2026-08-08 23:12:03.649-05,2026-08-09 01:58:44.604-05,G,150,Run Production,,legacy
213,2026-08-09 01:58:44.604-05,2026-08-09 02:10:47.405-05,B,450,Non Productive,,legacy
213,2026-08-09 02:10:47.405-05,2026-08-09 03:22:04.083-05,M,48,Make Ready Sleeves,,legacy
213,2026-08-09 03:22:04.083-05,2026-08-09 03:41:09.022-05,M,80,Anilox: Change,,legacy
213,2026-08-09 03:41:09.022-05,2026-08-09 04:37:23.374-05,B,145-8,Dr. Blade Change,,legacy
213,2026-08-09 04:37:23.374-05,2026-08-09 06:12:48.07-05,M,47,Make Ready - Time Required to Setup Job,,legacy
213,2026-08-09 06:12:48.07-05,2026-08-09 06:43:56.191-05,B,145-8,Dr. Blade Change,,legacy
213,2026-08-09 06:43:56.191-05,2026-08-09 06:46:56.88-05,M,47,Make Ready - Time Required to Setup Job,,legacy
213,2026-08-09 06:46:56.88-05,2026-08-09 08:39:26.317-05,M,47-17,Make Ready Dirty Anilox,,legacy
213,2026-08-09 08:39:26.317-05,2026-08-09 12:11:21.814-05,G,150,Run Production,,legacy
213,2026-08-09 12:11:21.814-05,2026-08-09 12:26:25.876-05,B,145-99,Other,,legacy
213,2026-08-09 12:26:25.876-05,2026-08-09 14:09:55.038-05,G,150,Run Production,,legacy
213,2026-08-09 14:09:55.038-05,2026-08-09 14:27:59.447-05,B,95,Press Problem / Impression,,legacy
213,2026-08-09 14:27:59.447-05,2026-08-09 14:58:06.533-05,G,150,Run Production,,legacy
213,2026-08-09 14:58:06.533-05,2026-08-09 15:04:08.144-05,B,29,Electrical: Press Other,,legacy
213,2026-08-09 15:04:08.144-05,2026-08-09 15:55:20.675-05,G,150,Run Production,,legacy
213,2026-08-09 15:55:20.675-05,2026-08-09 16:26:28.556-05,B,354,Housekeeping,,legacy
213,2026-08-09 16:26:28.556-05,2026-08-09 18:18:59.098-05,G,150,Run Production,,legacy
213,2026-08-09 18:18:59.098-05,2026-08-09 18:30:01.732-05,B,99,Plates: Wash,,legacy
213,2026-08-09 18:30:01.732-05,2026-08-09 20:45:34.771-05,G,150,Run Production,,legacy
213,2026-08-09 20:45:34.771-05,2026-08-09 21:36:46.924-05,B,145-8,Dr. Blade Change,,legacy
213,2026-08-09 21:36:46.924-05,2026-08-09 21:42:48.41-05,B,99,Plates: Wash,,legacy
213,2026-08-09 21:42:48.41-05,2026-08-10 01:27:43.286-05,G,150,Run Production,,legacy
213,2026-08-10 01:27:43.286-05,2026-08-10 01:42:46.518-05,B,145-4,Plate Wash,,legacy
213,2026-08-10 01:42:46.518-05,2026-08-10 03:10:08.732-05,G,150,Run Production,,legacy
213,2026-08-10 03:10:08.732-05,2026-08-10 03:12:09.271-05,B,450,Non Productive,,legacy
213,2026-08-10 03:12:09.271-05,2026-08-10 03:13:09.509-05,M,47,Make Ready - Time Required to Setup Job,,legacy
213,2026-08-10 03:13:09.509-05,2026-08-10 03:20:11.831-05,B,450,Non Productive,,legacy
213,2026-08-10 03:20:11.831-05,2026-08-10 03:28:14.236-05,M,48,Make Ready Sleeves,,legacy
213,2026-08-10 03:28:14.236-05,2026-08-10 04:55:35.522-05,M,80,Anilox: Change,,legacy
213,2026-08-10 04:55:35.522-05,2026-08-10 04:56:35.757-05,M,47,Make Ready - Time Required to Setup Job,,legacy
213,2026-08-10 04:56:35.757-05,2026-08-10 06:16:57.741-05,M,47-4,Make Ready Bouncing,,legacy
213,2026-08-10 06:16:57.741-05,2026-08-10 07:05:09.671-05,B,145-8,Dr. Blade Change,,legacy
213,2026-08-10 07:05:09.671-05,2026-08-10 07:53:21.483-05,M,47-4,Make Ready Bouncing,,legacy
213,2026-08-10 07:53:21.483-05,,G,150,Run Production,,legacy
214,2026-07-16 16:19:39.879-05,2026-07-16 17:05:48.105-05,M,47,Make Ready - Time Required to Setup Job,,legacy
214,2026-07-16 17:05:48.105-05,2026-07-16 17:46:54.772-05,M,47-23,MR Plate Damage in Pre Press,,legacy
214,2026-07-16 17:46:54.772-05,2026-07-16 18:30:02.921-05,M,47,Make Ready - Time Required to Setup Job,,legacy
214,2026-07-16 18:30:02.921-05,2026-07-16 19:31:16.122-05,B,93,Plates: Defective Pre-Press,,legacy
214,2026-07-16 19:31:16.122-05,2026-07-16 19:36:17.361-05,B,450,Non Productive,,legacy
214,2026-07-16 19:36:17.361-05,2026-07-16 20:23:27.516-05,M,47-1,Make-Ready Sleeves,,legacy
214,2026-07-16 20:23:27.516-05,2026-07-16 22:28:43.96-05,M,47,Make Ready - Time Required to Setup Job,,legacy
214,2026-07-16 22:28:43.96-05,2026-07-16 23:51:54.803-05,G,150,Run Production,,legacy
214,2026-07-16 23:51:54.803-05,2026-07-16 23:52:54.945-05,B,450,Non Productive,,legacy
214,2026-07-16 23:52:54.945-05,2026-07-16 23:58:55.676-05,M,47-1,Make-Ready Sleeves,,legacy
214,2026-07-16 23:58:55.676-05,2026-07-17 01:00:07.474-05,M,47,Make Ready - Time Required to Setup Job,,legacy
214,2026-07-17 01:00:07.474-05,2026-07-17 01:57:19.322-05,M,47-19,Make Ready Sleeve Low Spot,,legacy
214,2026-07-17 01:57:19.322-05,2026-07-17 02:20:23.983-05,M,47,Make Ready - Time Required to Setup Job,,legacy
214,2026-07-17 02:20:23.983-05,2026-07-17 02:55:29.512-05,M,47-19,Make Ready Sleeve Low Spot,,legacy
214,2026-07-17 02:55:29.512-05,2026-07-17 03:29:34.057-05,M,47,Make Ready - Time Required to Setup Job,,legacy
214,2026-07-17 03:29:34.057-05,2026-07-17 04:34:43.141-05,M,47-19,Make Ready Sleeve Low Spot,,legacy
214,2026-07-17 04:34:43.141-05,2026-07-17 04:46:44.55-05,M,47,Make Ready - Time Required to Setup Job,,legacy
214,2026-07-17 04:46:44.55-05,2026-07-17 05:49:52.891-05,G,150,Run Production,,legacy
214,2026-07-17 05:49:52.891-05,2026-07-17 06:07:55.502-05,M,47,Make Ready - Time Required to Setup Job,,legacy
214,2026-07-17 06:07:55.502-05,2026-07-17 06:26:59.674-05,M,48,Make Ready Sleeves,,legacy
214,2026-07-17 06:26:59.674-05,2026-07-17 08:46:29.128-05,M,47,Make Ready - Time Required to Setup Job,,legacy
214,2026-07-17 08:46:29.128-05,2026-07-17 09:49:37.604-05,M,85,Make Ready - Color Match,,legacy
214,2026-07-17 09:49:37.604-05,2026-07-17 10:57:46.113-05,M,47,Make Ready - Time Required to Setup Job,,legacy
214,2026-07-17 10:57:46.113-05,2026-07-17 12:18:57.175-05,G,150,Run Production,,legacy
214,2026-07-17 12:18:57.175-05,2026-07-17 12:19:57.388-05,B,450,Non Productive,,legacy
214,2026-07-17 12:19:57.388-05,2026-07-17 12:24:58.489-05,M,47,Make Ready - Time Required to Setup Job,,legacy
214,2026-07-17 12:24:58.489-05,2026-07-17 13:01:06.329-05,M,48,Make Ready Sleeves,,legacy
214,2026-07-17 13:01:06.329-05,2026-07-17 13:34:13.197-05,M,47-99,Make Ready Other,,legacy
214,2026-07-17 13:34:13.197-05,2026-07-17 13:59:18.866-05,M,47,Make Ready - Time Required to Setup Job,,legacy
214,2026-07-17 13:59:18.866-05,2026-07-17 14:11:21.569-05,M,47-4,Make Ready Bouncing,,legacy
214,2026-07-17 14:11:21.569-05,2026-07-17 15:32:34.106-05,M,47-3,Make Ready Ghosting,,legacy
214,2026-07-17 15:32:34.106-05,2026-07-17 15:36:34.582-05,M,47,Make Ready - Time Required to Setup Job,,legacy
214,2026-07-17 15:36:34.582-05,2026-07-17 16:53:45.155-05,M,47-4,Make Ready Bouncing,,legacy
214,2026-07-17 16:53:45.155-05,2026-07-17 17:30:49.992-05,M,47-19,Make Ready Sleeve Low Spot,,legacy
214,2026-07-17 17:30:49.992-05,2026-07-17 19:22:09.875-05,M,47-4,Make Ready Bouncing,,legacy
214,2026-07-17 19:22:09.875-05,2026-07-17 19:42:14.621-05,B,41-1,Maintenance - Mechanical,,legacy
214,2026-07-17 19:42:14.621-05,2026-07-17 19:45:15.235-05,G,150,Run Production,,legacy
214,2026-07-17 19:45:15.235-05,2026-07-17 22:34:41.658-05,M,47-4,Make Ready Bouncing,,legacy
214,2026-07-17 22:34:41.658-05,2026-07-17 23:02:45.036-05,M,85,Make Ready - Color Match,,legacy
214,2026-07-17 23:02:45.036-05,2026-07-17 23:10:45.986-05,M,47,Make Ready - Time Required to Setup Job,,legacy
214,2026-07-17 23:10:45.986-05,2026-07-17 23:39:49.867-05,M,47-4,Make Ready Bouncing,,legacy
214,2026-07-17 23:39:49.867-05,2026-07-17 23:45:50.567-05,G,150,Run Production,,legacy
214,2026-07-17 23:45:50.567-05,2026-07-18 00:00:52.554-05,B,95,Press Problem / Impression,,legacy
214,2026-07-18 00:00:52.554-05,2026-07-18 01:11:05.347-05,M,47-20,Make Ready Out of Register,,legacy
214,2026-07-18 01:11:05.347-05,2026-07-18 01:41:12.119-05,B,99,Plates: Wash,,legacy
214,2026-07-18 01:41:12.119-05,2026-07-18 01:59:16.435-05,M,47-20,Make Ready Out of Register,,legacy
214,2026-07-18 01:59:16.435-05,2026-07-18 02:02:17.079-05,B,95,Press Problem / Impression,,legacy
214,2026-07-18 02:02:17.079-05,2026-07-18 02:19:21.084-05,G,150,Run Production,,legacy
214,2026-07-18 02:19:21.084-05,2026-07-18 03:32:33.843-05,M,47-20,Make Ready Out of Register,,legacy
214,2026-07-18 03:32:33.843-05,2026-07-18 04:07:39.063-05,B,99,Plates: Wash,,legacy
214,2026-07-18 04:07:39.063-05,2026-07-18 04:12:39.707-05,G,150,Run Production,,legacy
214,2026-07-18 04:12:39.707-05,2026-07-18 04:15:40.262-05,B,95,Press Problem / Impression,,legacy
214,2026-07-18 04:15:40.262-05,2026-07-18 04:58:46.165-05,M,80,Anilox: Change,,legacy
214,2026-07-18 04:58:46.165-05,2026-07-18 05:16:48.403-05,B,145-8,Dr. Blade Change,,legacy
214,2026-07-18 05:16:48.403-05,2026-07-18 05:36:51.169-05,B,99,Plates: Wash,,legacy
214,2026-07-18 05:36:51.169-05,2026-07-18 06:12:55.854-05,B,95,Press Problem / Impression,,legacy
214,2026-07-18 06:12:55.854-05,2026-07-18 06:37:00.922-05,M,80,Anilox: Change,,legacy
214,2026-07-18 06:37:00.922-05,2026-07-18 06:50:03.575-05,B,95,Press Problem / Impression,,legacy
214,2026-07-18 06:50:03.575-05,2026-07-18 19:00:02.145-05,B,450,Non Productive,,legacy
214,2026-07-18 19:00:02.145-05,2026-07-18 19:01:02.312-05,M,47,Make Ready - Time Required to Setup Job,,legacy
214,2026-07-18 19:01:02.312-05,2026-07-18 19:35:09.321-05,B,99,Plates: Wash,,legacy
214,2026-07-18 19:35:09.321-05,2026-07-18 22:39:39.56-05,B,95,Press Problem / Impression,,legacy
214,2026-07-18 22:39:39.56-05,2026-07-18 23:00:42.208-05,B,99,Plates: Wash,,legacy
214,2026-07-18 23:00:42.208-05,2026-07-18 23:18:44.558-05,G,150,Run Production,,legacy
214,2026-07-18 23:18:44.558-05,2026-07-18 23:35:46.504-05,B,95,Press Problem / Impression,,legacy
214,2026-07-18 23:35:46.504-05,2026-07-18 23:36:46.629-05,M,47,Make Ready - Time Required to Setup Job,,legacy
214,2026-07-18 23:36:46.629-05,2026-07-19 00:29:53.277-05,M,47-1,Make-Ready Sleeves,,legacy
214,2026-07-19 00:29:53.277-05,2026-07-19 02:20:13.719-05,M,47,Make Ready - Time Required to Setup Job,,legacy
214,2026-07-19 02:20:13.719-05,2026-07-19 02:35:17.25-05,G,150,Run Production,,legacy
214,2026-07-19 02:35:17.25-05,2026-07-19 02:46:19.479-05,B,99,Plates: Wash,,legacy
214,2026-07-19 02:46:19.479-05,2026-07-19 04:03:32.84-05,G,150,Run Production,,legacy
214,2026-07-19 04:03:32.84-05,2026-07-19 04:07:33.334-05,B,99,Plates: Wash,,legacy
214,2026-07-19 04:07:33.334-05,2026-07-19 05:02:40.2-05,G,150,Run Production,,legacy
214,2026-07-19 05:02:40.2-05,2026-07-19 05:46:45.832-05,M,47-1,Make-Ready Sleeves,,legacy
214,2026-07-19 05:46:45.832-05,2026-07-19 06:08:48.521-05,M,47,Make Ready - Time Required to Setup Job,,legacy
214,2026-07-19 06:08:48.521-05,2026-07-19 06:33:51.853-05,B,72,Operator - No Operator,,legacy
214,2026-07-19 06:33:51.853-05,2026-07-19 09:21:23.494-05,B,450,Non Productive,,legacy
214,2026-07-19 09:21:23.494-05,2026-07-19 10:15:31.899-05,M,47,Make Ready - Time Required to Setup Job,,legacy
214,2026-07-19 10:15:31.899-05,2026-07-19 13:35:57.168-05,M,47-4,Make Ready Bouncing,,legacy
214,2026-07-19 13:35:57.168-05,2026-07-19 14:12:04.522-05,M,47,Make Ready - Time Required to Setup Job,,legacy
214,2026-07-19 14:12:04.522-05,2026-07-19 18:13:45.746-05,B,450,Non Productive,,legacy
214,2026-07-19 18:13:45.746-05,2026-07-19 19:42:56.488-05,M,47,Make Ready - Time Required to Setup Job,,legacy
214,2026-07-19 19:42:56.488-05,2026-07-19 20:04:00.568-05,M,80,Anilox: Change,,legacy
214,2026-07-19 20:04:00.568-05,2026-07-19 20:16:02.962-05,G,150,Run Production,,legacy
214,2026-07-19 20:16:02.962-05,2026-07-19 20:40:08.043-05,B,95,Press Problem / Impression,,legacy
214,2026-07-19 20:40:08.043-05,2026-07-19 21:19:16.274-05,G,150,Run Production,,legacy
214,2026-07-19 21:19:16.274-05,2026-07-19 21:21:16.696-05,M,47,Make Ready - Time Required to Setup Job,,legacy
214,2026-07-19 21:21:16.696-05,2026-07-19 21:54:23.56-05,G,150,Run Production,,legacy
214,2026-07-19 21:54:23.56-05,2026-07-20 00:19:43.465-05,M,47-1,Make-Ready Sleeves,,legacy
214,2026-07-20 00:19:43.465-05,2026-07-20 01:27:51.514-05,M,47,Make Ready - Time Required to Setup Job,,legacy
214,2026-07-20 01:27:51.514-05,2026-07-20 01:28:51.643-05,M,85,Make Ready - Color Match,,legacy
214,2026-07-20 01:28:51.643-05,2026-07-20 02:42:03.278-05,M,47,Make Ready - Time Required to Setup Job,,legacy
214,2026-07-20 02:42:03.278-05,2026-07-20 03:36:14.117-05,B,99,Plates: Wash,,legacy
214,2026-07-20 03:36:14.117-05,2026-07-20 04:43:28.038-05,G,150,Run Production,,legacy
214,2026-07-20 04:43:28.038-05,2026-07-20 04:57:29.897-05,B,99,Plates: Wash,,legacy
214,2026-07-20 04:57:29.897-05,2026-07-20 05:09:31.477-05,G,150,Run Production,,legacy
214,2026-07-20 05:09:31.477-05,2026-07-20 06:17:39.906-05,B,95,Press Problem / Impression,,legacy
214,2026-07-20 06:17:39.906-05,2026-07-20 06:48:43.931-05,B,145-8,Dr. Blade Change,,legacy
214,2026-07-20 06:48:43.931-05,2026-07-20 06:56:44.862-05,G,150,Run Production,,legacy
214,2026-07-20 06:56:44.862-05,2026-07-20 07:42:50.67-05,B,145-6,Ink Spill,,legacy
214,2026-07-20 07:42:50.67-05,2026-07-20 08:16:54.759-05,G,150,Run Production,,legacy
214,2026-07-20 08:16:54.759-05,2026-07-20 09:07:03.646-05,M,80,Anilox: Change,,legacy
214,2026-07-20 09:07:03.646-05,2026-07-20 09:42:11.439-05,B,145-2,Poor Print,,legacy
214,2026-07-20 09:42:11.439-05,2026-07-20 11:14:29.895-05,G,150,Run Production,,legacy
214,2026-07-20 11:14:29.895-05,2026-07-20 11:16:30.071-05,B,450,Non Productive,,legacy
214,2026-07-20 11:16:30.071-05,2026-07-20 11:17:30.22-05,M,47,Make Ready - Time Required to Setup Job,,legacy
214,2026-07-20 11:17:30.22-05,2026-07-20 13:16:45.215-05,G,150,Run Production,,legacy
214,2026-07-20 13:16:45.215-05,2026-07-20 13:17:45.364-05,M,48,Make Ready Sleeves,,legacy
214,2026-07-20 13:17:45.364-05,2026-07-20 14:05:51.583-05,M,47,Make Ready - Time Required to Setup Job,,legacy
214,2026-07-20 14:05:51.583-05,2026-07-20 14:23:53.843-05,G,150,Run Production,,legacy
214,2026-07-20 14:23:53.843-05,2026-07-20 15:57:11.252-05,B,145-8,Dr. Blade Change,,legacy
214,2026-07-20 15:57:11.252-05,2026-07-20 17:49:32.524-05,G,150,Run Production,,legacy
214,2026-07-20 17:49:32.524-05,2026-07-20 18:49:40.254-05,M,48,Make Ready Sleeves,,legacy
214,2026-07-20 18:49:40.254-05,2026-07-20 20:32:53.237-05,M,47,Make Ready - Time Required to Setup Job,,legacy
214,2026-07-20 20:32:53.237-05,2026-07-20 20:44:54.794-05,B,29,Electrical: Press Other,,legacy
214,2026-07-20 20:44:54.794-05,2026-07-20 22:07:11.475-05,M,47,Make Ready - Time Required to Setup Job,,legacy
214,2026-07-20 22:07:11.475-05,2026-07-21 04:44:17.421-05,M,47-3,Make Ready Ghosting,,legacy
214,2026-07-21 04:44:17.421-05,2026-07-21 05:45:29.502-05,M,85,Make Ready - Color Match,,legacy
214,2026-07-21 05:45:29.502-05,2026-07-21 09:04:11.115-05,M,47,Make Ready - Time Required to Setup Job,,legacy
214,2026-07-21 09:04:11.115-05,2026-07-21 09:24:15.697-05,B,145-8,Dr. Blade Change,,legacy
214,2026-07-21 09:24:15.697-05,2026-07-21 09:37:18.399-05,M,47,Make Ready - Time Required to Setup Job,,legacy
214,2026-07-21 09:37:18.399-05,2026-07-21 09:50:21.953-05,B,99,Plates: Wash,,legacy
214,2026-07-21 09:50:21.953-05,2026-07-21 10:37:30.89-05,M,47,Make Ready - Time Required to Setup Job,,legacy
214,2026-07-21 10:37:30.89-05,2026-07-21 11:09:35.438-05,G,150,Run Production,,legacy
214,2026-07-21 11:09:35.438-05,2026-07-21 11:52:41.335-05,B,95,Press Problem / Impression,,legacy
214,2026-07-21 11:52:41.335-05,2026-07-21 12:15:44.542-05,G,150,Run Production,,legacy
214,2026-07-21 12:15:44.542-05,2026-07-21 12:38:47.837-05,B,99,Plates: Wash,,legacy
214,2026-07-21 12:38:47.837-05,2026-07-21 13:14:52.969-05,G,150,Run Production,,legacy
214,2026-07-21 13:14:52.969-05,2026-07-21 13:40:56.595-05,M,47-1,Make-Ready Sleeves,,legacy
214,2026-07-21 13:40:56.595-05,2026-07-21 14:42:09.646-05,M,47,Make Ready - Time Required to Setup Job,,legacy
214,2026-07-21 14:42:09.646-05,2026-07-21 15:13:15.943-05,B,145-8,Dr. Blade Change,,legacy
214,2026-07-21 15:13:15.943-05,2026-07-21 15:24:18.426-05,M,47-99,Make Ready Other,,legacy
214,2026-07-21 15:24:18.426-05,2026-07-21 16:00:26.003-05,B,145-6,Ink Spill,,legacy
214,2026-07-21 16:00:26.003-05,2026-07-21 16:45:32.833-05,B,41-3,Maintenance - Pump,,legacy
214,2026-07-21 16:45:32.833-05,2026-07-21 16:46:32.974-05,B,125,Substrate - Other,,legacy
214,2026-07-21 16:46:32.974-05,2026-07-21 17:26:38.704-05,M,47-99,Make Ready Other,,legacy
214,2026-07-21 17:26:38.704-05,2026-07-21 19:03:51.932-05,M,47,Make Ready - Time Required to Setup Job,,legacy
214,2026-07-21 19:03:51.932-05,2026-07-21 19:58:59.41-05,M,47-3,Make Ready Ghosting,,legacy
214,2026-07-21 19:58:59.41-05,2026-07-21 20:21:03.976-05,M,47-17,Make Ready Dirty Anilox,,legacy
214,2026-07-21 20:21:03.976-05,2026-07-21 21:51:22.795-05,M,47,Make Ready - Time Required to Setup Job,,legacy
214,2026-07-21 21:51:22.795-05,2026-07-21 21:58:24.6-05,M,85,Make Ready - Color Match,,legacy
214,2026-07-21 21:58:24.6-05,2026-07-21 23:10:36.489-05,M,80,Anilox: Change,,legacy
214,2026-07-21 23:10:36.489-05,2026-07-22 04:08:29.705-05,M,47,Make Ready - Time Required to Setup Job,,legacy
214,2026-07-22 04:08:29.705-05,2026-07-22 04:26:32.145-05,B,145-4,Plate Wash,,legacy
214,2026-07-22 04:26:32.145-05,2026-07-22 04:27:32.288-05,M,47,Make Ready - Time Required to Setup Job,,legacy
214,2026-07-22 04:27:32.288-05,2026-07-22 05:33:42.038-05,G,150,Run Production,,legacy
214,2026-07-22 05:33:42.038-05,2026-07-22 07:10:56.572-05,B,145-2,Poor Print,,legacy
214,2026-07-22 07:10:56.572-05,2026-07-22 07:33:02.182-05,B,99,Plates: Wash,,legacy
214,2026-07-22 07:33:02.182-05,2026-07-22 09:09:26.667-05,M,47-19,Make Ready Sleeve Low Spot,,legacy
214,2026-07-22 09:09:26.667-05,2026-07-22 09:18:28.459-05,M,47,Make Ready - Time Required to Setup Job,,legacy
214,2026-07-22 09:18:28.459-05,2026-07-22 09:24:29.556-05,M,85,Make Ready - Color Match,,legacy
214,2026-07-22 09:24:29.556-05,2026-07-22 09:45:33.069-05,M,47,Make Ready - Time Required to Setup Job,,legacy
214,2026-07-22 09:45:33.069-05,2026-07-22 10:26:40.186-05,G,150,Run Production,,legacy
214,2026-07-22 10:26:40.186-05,2026-07-22 10:36:41.642-05,M,47,Make Ready - Time Required to Setup Job,,legacy
214,2026-07-22 10:36:41.642-05,2026-07-22 10:49:44.188-05,B,99,Plates: Wash,,legacy
214,2026-07-22 10:49:44.188-05,2026-07-22 11:23:50.721-05,G,150,Run Production,,legacy
214,2026-07-22 11:23:50.721-05,2026-07-22 12:42:07.036-05,M,47-1,Make-Ready Sleeves,,legacy
214,2026-07-22 12:42:07.036-05,2026-07-22 13:00:11.325-05,M,80,Anilox: Change,,legacy
214,2026-07-22 13:00:11.325-05,2026-07-22 13:24:17.406-05,M,47,Make Ready - Time Required to Setup Job,,legacy
214,2026-07-22 13:24:17.406-05,2026-07-22 14:11:29.151-05,B,450,Non Productive,,legacy
214,2026-07-22 14:11:29.151-05,2026-07-22 14:55:35.891-05,M,47,Make Ready - Time Required to Setup Job,,legacy
214,2026-07-22 14:55:35.891-05,2026-07-22 15:22:39.871-05,M,47-99,Make Ready Other,,legacy
214,2026-07-22 15:22:39.871-05,2026-07-22 15:28:40.808-05,B,99,Plates: Wash,,legacy
214,2026-07-22 15:28:40.808-05,2026-07-22 18:38:15.597-05,M,47-99,Make Ready Other,,legacy
214,2026-07-22 18:38:15.597-05,2026-07-22 19:15:23.846-05,B,145-8,Dr. Blade Change,,legacy
214,2026-07-22 19:15:23.846-05,2026-07-22 19:22:25.471-05,M,47,Make Ready - Time Required to Setup Job,,legacy
214,2026-07-22 19:22:25.471-05,2026-07-22 20:46:39.828-05,B,145-6,Ink Spill,,legacy
214,2026-07-22 20:46:39.828-05,2026-07-22 21:30:46.208-05,M,47,Make Ready - Time Required to Setup Job,,legacy
214,2026-07-22 21:30:46.208-05,2026-07-22 21:45:48.406-05,M,80,Anilox: Change,,legacy
214,2026-07-22 21:45:48.406-05,2026-07-22 22:03:50.961-05,M,47,Make Ready - Time Required to Setup Job,,legacy
214,2026-07-22 22:03:50.961-05,2026-07-22 22:49:57.203-05,M,47-17,Make Ready Dirty Anilox,,legacy
214,2026-07-22 22:49:57.203-05,2026-07-22 23:46:09.731-05,M,47,Make Ready - Time Required to Setup Job,,legacy
214,2026-07-22 23:46:09.731-05,2026-07-23 00:11:15.832-05,M,85,Make Ready - Color Match,,legacy
214,2026-07-23 00:11:15.832-05,2026-07-23 02:54:44.023-05,M,47,Make Ready - Time Required to Setup Job,,legacy
214,2026-07-23 02:54:44.023-05,2026-07-24 17:33:12.754-05,G,150,Run Production,,legacy
214,2026-07-24 17:33:12.754-05,2026-07-24 17:35:13.19-05,B,450,Non Productive,,legacy
214,2026-07-24 17:35:13.19-05,2026-07-24 17:37:13.629-05,M,47,Make Ready - Time Required to Setup Job,,legacy
214,2026-07-24 17:37:13.629-05,2026-07-24 17:49:16.088-05,M,48,Make Ready Sleeves,,legacy
214,2026-07-24 17:49:16.088-05,2026-07-24 19:15:36.133-05,M,47,Make Ready - Time Required to Setup Job,,legacy
214,2026-07-24 19:15:36.133-05,2026-07-24 20:06:47.187-05,B,145-8,Dr. Blade Change,,legacy
214,2026-07-24 20:06:47.187-05,2026-07-24 20:29:52.946-05,M,80,Anilox: Change,,legacy
214,2026-07-24 20:29:52.946-05,2026-07-24 20:38:55.065-05,M,47-3,Make Ready Ghosting,,legacy
214,2026-07-24 20:38:55.065-05,2026-07-24 21:18:04.041-05,M,47,Make Ready - Time Required to Setup Job,,legacy
214,2026-07-24 21:18:04.041-05,2026-07-24 21:56:13.196-05,M,47-99,Make Ready Other,,legacy
214,2026-07-24 21:56:13.196-05,2026-07-24 23:41:37.428-05,M,47-17,Make Ready Dirty Anilox,,legacy
214,2026-07-24 23:41:37.428-05,2026-07-24 23:54:40.425-05,B,29,Electrical: Press Other,,legacy
214,2026-07-24 23:54:40.425-05,2026-07-25 00:33:49.116-05,M,47,Make Ready - Time Required to Setup Job,,legacy
214,2026-07-25 00:33:49.116-05,2026-07-25 03:06:22.545-05,M,47-99,Make Ready Other,,legacy
214,2026-07-25 03:06:22.545-05,2026-07-25 04:44:44.341-05,G,150,Run Production,,legacy
214,2026-07-25 04:44:44.341-05,2026-07-25 05:14:51.165-05,B,354,Housekeeping,,legacy
214,2026-07-25 05:14:51.165-05,2026-07-25 05:15:51.361-05,B,450,Non Productive,,legacy
214,2026-07-25 05:15:51.361-05,2026-07-25 05:43:57.857-05,M,47-1,Make-Ready Sleeves,,legacy
214,2026-07-25 05:43:57.857-05,2026-07-25 06:58:15.194-05,M,47,Make Ready - Time Required to Setup Job,,legacy
214,2026-07-25 06:58:15.194-05,2026-07-25 07:13:18.433-05,B,145-8,Dr. Blade Change,,legacy
214,2026-07-25 07:13:18.433-05,2026-07-25 07:54:28.476-05,M,47,Make Ready - Time Required to Setup Job,,legacy
214,2026-07-25 07:54:28.476-05,2026-07-25 08:00:30.041-05,B,145-4,Plate Wash,,legacy
214,2026-07-25 08:00:30.041-05,2026-07-25 08:31:37.591-05,M,47,Make Ready - Time Required to Setup Job,,legacy
214,2026-07-25 08:31:37.591-05,2026-07-25 10:35:04.755-05,G,150,Run Production,,legacy
214,2026-07-25 10:35:04.755-05,2026-07-25 10:37:05.178-05,B,450,Non Productive,,legacy
214,2026-07-25 10:37:05.178-05,2026-07-25 12:05:24.916-05,M,48,Make Ready Sleeves,,legacy
214,2026-07-25 12:05:24.916-05,2026-07-25 12:30:30.766-05,B,145-8,Dr. Blade Change,,legacy
214,2026-07-25 12:30:30.766-05,2026-07-25 14:37:59.338-05,M,47,Make Ready - Time Required to Setup Job,,legacy
214,2026-07-25 14:37:59.338-05,2026-07-25 14:52:02.332-05,M,80,Anilox: Change,,legacy
214,2026-07-25 14:52:02.332-05,2026-07-25 15:15:07.318-05,M,47,Make Ready - Time Required to Setup Job,,legacy
214,2026-07-25 15:15:07.318-05,2026-07-25 15:51:16.068-05,M,85,Make Ready - Color Match,,legacy
214,2026-07-25 15:51:16.068-05,2026-07-25 16:07:19.546-05,M,47,Make Ready - Time Required to Setup Job,,legacy
214,2026-07-25 16:07:19.546-05,2026-07-25 16:11:20.381-05,B,29,Electrical: Press Other,,legacy
214,2026-07-25 16:11:20.381-05,2026-07-25 16:34:25.666-05,M,47,Make Ready - Time Required to Setup Job,,legacy
214,2026-07-25 16:34:25.666-05,2026-07-25 17:18:38.661-05,G,150,Run Production,,legacy
214,2026-07-25 17:18:38.661-05,2026-07-25 17:19:38.88-05,M,47,Make Ready - Time Required to Setup Job,,legacy
214,2026-07-25 17:19:38.88-05,2026-07-25 17:51:46.044-05,G,150,Run Production,,legacy
214,2026-07-25 17:51:46.044-05,2026-07-25 17:54:46.697-05,B,450,Non Productive,,legacy
214,2026-07-25 17:54:46.697-05,2026-07-25 18:14:51.452-05,M,47,Make Ready - Time Required to Setup Job,,legacy
214,2026-07-25 18:14:51.452-05,2026-07-25 18:48:59.385-05,M,47-1,Make-Ready Sleeves,,legacy
214,2026-07-25 18:48:59.385-05,2026-07-25 20:41:24.562-05,M,47,Make Ready - Time Required to Setup Job,,legacy
214,2026-07-25 20:41:24.562-05,2026-07-25 22:39:51.256-05,G,150,Run Production,,legacy
214,2026-07-25 22:39:51.256-05,2026-07-25 22:40:51.5-05,B,450,Non Productive,,legacy
214,2026-07-25 22:40:51.5-05,2026-07-25 23:02:56.895-05,M,47-1,Make-Ready Sleeves,,legacy
214,2026-07-25 23:02:56.895-05,2026-07-26 00:36:17.715-05,M,47,Make Ready - Time Required to Setup Job,,legacy
214,2026-07-26 00:36:17.715-05,2026-07-26 01:39:32.157-05,M,47-19,Make Ready Sleeve Low Spot,,legacy
214,2026-07-26 01:39:32.157-05,2026-07-26 02:35:44.37-05,M,47,Make Ready - Time Required to Setup Job,,legacy
214,2026-07-26 02:35:44.37-05,2026-07-26 02:53:48.257-05,B,145-8,Dr. Blade Change,,legacy
214,2026-07-26 02:53:48.257-05,2026-07-26 03:32:57.115-05,M,47,Make Ready - Time Required to Setup Job,,legacy
214,2026-07-26 03:32:57.115-05,2026-07-26 03:58:02.97-05,B,145-6,Ink Spill,,legacy
214,2026-07-26 03:58:02.97-05,2026-07-26 04:41:12.849-05,B,354,Housekeeping,,legacy
214,2026-07-26 04:41:12.849-05,2026-07-26 04:50:14.879-05,M,47,Make Ready - Time Required to Setup Job,,legacy
214,2026-07-26 04:50:14.879-05,2026-07-26 05:01:17.287-05,B,99,Plates: Wash,,legacy
214,2026-07-26 05:01:17.287-05,2026-07-26 05:04:18.172-05,M,47,Make Ready - Time Required to Setup Job,,legacy
214,2026-07-26 05:04:18.172-05,2026-07-26 05:17:20.991-05,M,80,Anilox: Change,,legacy
214,2026-07-26 05:17:20.991-05,2026-07-26 07:03:45.44-05,M,47-17,Make Ready Dirty Anilox,,legacy
214,2026-07-26 07:03:45.44-05,2026-07-26 07:14:48.018-05,B,99,Plates: Wash,,legacy
214,2026-07-26 07:14:48.018-05,2026-07-26 08:25:03.255-05,G,150,Run Production,,legacy
214,2026-07-26 08:25:03.255-05,2026-07-26 08:29:04.093-05,B,450,Non Productive,,legacy
214,2026-07-26 08:29:04.093-05,2026-07-26 09:56:22.747-05,M,47-1,Make-Ready Sleeves,,legacy
214,2026-07-26 09:56:22.747-05,2026-07-26 10:12:26.06-05,M,47,Make Ready - Time Required to Setup Job,,legacy
214,2026-07-26 10:12:26.06-05,2026-07-26 10:37:31.774-05,B,145-8,Dr. Blade Change,,legacy
214,2026-07-26 10:37:31.774-05,2026-07-26 10:44:33.49-05,M,47,Make Ready - Time Required to Setup Job,,legacy
214,2026-07-26 10:44:33.49-05,2026-07-26 10:51:35.107-05,B,145-3,Drum Clean,,legacy
214,2026-07-26 10:51:35.107-05,2026-07-26 11:39:45.781-05,B,41-2,Maintenance - Electrical,,legacy
214,2026-07-26 11:39:45.781-05,2026-07-26 12:37:59.134-05,M,47,Make Ready - Time Required to Setup Job,,legacy
214,2026-07-26 12:37:59.134-05,2026-07-26 12:48:01.248-05,B,145-7,Film Web Break,,legacy
214,2026-07-26 12:48:01.248-05,2026-07-26 13:12:07.066-05,M,47,Make Ready - Time Required to Setup Job,,legacy
214,2026-07-26 13:12:07.066-05,2026-07-26 13:20:08.936-05,M,47-99,Make Ready Other,,legacy
214,2026-07-26 13:20:08.936-05,2026-07-26 13:33:11.863-05,M,47-23,MR Plate Damage in Pre Press,,legacy
214,2026-07-26 13:33:11.863-05,2026-07-26 14:17:21.282-05,M,47,Make Ready - Time Required to Setup Job,,legacy
214,2026-07-26 14:17:21.282-05,2026-07-26 15:28:37.358-05,M,85,Make Ready - Color Match,,legacy
214,2026-07-26 15:28:37.358-05,2026-07-26 15:53:43.203-05,M,80,Anilox: Change,,legacy
214,2026-07-26 15:53:43.203-05,2026-07-26 15:57:44.105-05,M,47,Make Ready - Time Required to Setup Job,,legacy
214,2026-07-26 15:57:44.105-05,2026-07-26 17:45:08.119-05,G,150,Run Production,,legacy
214,2026-07-26 17:45:08.119-05,2026-07-26 19:37:33.935-05,B,95,Press Problem / Impression,,legacy
214,2026-07-26 19:37:33.935-05,2026-07-26 19:59:39.048-05,G,150,Run Production,,legacy
214,2026-07-26 19:59:39.048-05,2026-07-26 20:05:40.427-05,M,47,Make Ready - Time Required to Setup Job,,legacy
214,2026-07-26 20:05:40.427-05,2026-07-26 21:11:56.216-05,G,150,Run Production,,legacy
214,2026-07-26 21:11:56.216-05,2026-07-26 21:23:58.714-05,M,85,Make Ready - Color Match,,legacy
214,2026-07-26 21:23:58.714-05,2026-07-26 21:30:00.025-05,B,87,Ink: Off Color,,legacy
214,2026-07-26 21:30:00.025-05,2026-07-26 22:42:16.309-05,G,150,Run Production,,legacy
214,2026-07-26 22:42:16.309-05,2026-07-26 22:43:16.517-05,B,450,Non Productive,,legacy
214,2026-07-26 22:43:16.517-05,2026-07-26 23:22:25.242-05,M,47-1,Make-Ready Sleeves,,legacy
214,2026-07-26 23:22:25.242-05,2026-07-27 01:50:59.157-05,M,47,Make Ready - Time Required to Setup Job,,legacy
214,2026-07-27 01:50:59.157-05,2026-07-27 02:33:08.595-05,M,85,Make Ready - Color Match,,legacy
214,2026-07-27 02:33:08.595-05,2026-07-27 03:28:20.805-05,M,47,Make Ready - Time Required to Setup Job,,legacy
214,2026-07-27 03:28:20.805-05,2026-07-27 04:28:35.72-05,G,150,Run Production,,legacy
214,2026-07-27 04:28:35.72-05,2026-07-27 04:46:40.174-05,B,354,Housekeeping,,legacy
214,2026-07-27 04:46:40.174-05,2026-07-27 06:10:58.632-05,G,150,Run Production,,legacy
214,2026-07-27 06:10:58.632-05,2026-07-27 06:41:05.79-05,B,95,Press Problem / Impression,,legacy
214,2026-07-27 06:41:05.79-05,2026-07-27 06:49:07.449-05,G,150,Run Production,,legacy
214,2026-07-27 06:49:07.449-05,2026-07-27 06:50:07.693-05,B,145-7,Film Web Break,,legacy
214,2026-07-27 06:50:07.693-05,2026-07-27 07:05:10.979-05,G,150,Run Production,,legacy
214,2026-07-27 07:05:10.979-05,2026-07-27 09:52:48.519-05,B,145-7,Film Web Break,,legacy
214,2026-07-27 09:52:48.519-05,2026-07-27 10:51:01.916-05,G,150,Run Production,,legacy
214,2026-07-27 10:51:01.916-05,2026-07-27 10:52:02.095-05,M,47,Make Ready - Time Required to Setup Job,,legacy
214,2026-07-27 10:52:02.095-05,2026-07-27 13:23:37.579-05,G,150,Run Production,,legacy
214,2026-07-27 13:23:37.579-05,2026-07-27 13:43:41.852-05,B,145-98,Quality Hold,,legacy
214,2026-07-27 13:43:41.852-05,2026-07-27 14:11:48.07-05,B,450,Non Productive,,legacy
214,2026-07-27 14:11:48.07-05,2026-07-27 15:10:01.482-05,M,47-1,Make-Ready Sleeves,,legacy
214,2026-07-27 15:10:01.482-05,2026-07-27 18:38:48.74-05,M,47,Make Ready - Time Required to Setup Job,,legacy
214,2026-07-27 18:38:48.74-05,2026-07-27 19:00:53.482-05,M,80,Anilox: Change,,legacy
214,2026-07-27 19:00:53.482-05,2026-07-27 19:40:02.408-05,M,47,Make Ready - Time Required to Setup Job,,legacy
214,2026-07-27 19:40:02.408-05,2026-07-27 21:20:25.354-05,M,47-3,Make Ready Ghosting,,legacy
214,2026-07-27 21:20:25.354-05,2026-07-27 21:30:27.947-05,M,47-14,MR Anilox Change (Low volume),,legacy
214,2026-07-27 21:30:27.947-05,2026-07-27 22:06:36.687-05,M,47,Make Ready - Time Required to Setup Job,,legacy
214,2026-07-27 22:06:36.687-05,2026-07-27 22:11:37.71-05,M,85,Make Ready - Color Match,,legacy
214,2026-07-27 22:11:37.71-05,2026-07-27 23:06:50.188-05,M,47,Make Ready - Time Required to Setup Job,,legacy
214,2026-07-27 23:06:50.188-05,2026-07-27 23:48:59.301-05,B,145-2,Poor Print,,legacy
214,2026-07-27 23:48:59.301-05,2026-07-28 00:32:09.072-05,M,47,Make Ready - Time Required to Setup Job,,legacy
214,2026-07-28 00:32:09.072-05,2026-07-28 00:33:09.247-05,B,139,Rewind Material,,legacy
214,2026-07-28 00:33:09.247-05,2026-07-28 04:41:04.744-05,B,95,Press Problem / Impression,,legacy
214,2026-07-28 04:41:04.744-05,2026-07-28 04:59:08.589-05,B,354,Housekeeping,,legacy
214,2026-07-28 04:59:08.589-05,2026-07-28 05:11:11.156-05,B,145-3,Drum Clean,,legacy
214,2026-07-28 05:11:11.156-05,2026-07-28 07:01:36.227-05,B,95,Press Problem / Impression,,legacy
214,2026-07-28 07:01:36.227-05,2026-07-28 07:06:37.315-05,G,150,Run Production,,legacy
214,2026-07-28 07:06:37.315-05,2026-07-28 07:14:39.06-05,B,145-3,Drum Clean,,legacy
214,2026-07-28 07:14:39.06-05,2026-07-28 08:36:57.939-05,G,150,Run Production,,legacy
214,2026-07-28 08:36:57.939-05,2026-07-28 08:37:58.162-05,B,450,Non Productive,,legacy
214,2026-07-28 08:37:58.162-05,2026-07-28 09:30:09.414-05,M,47-1,Make-Ready Sleeves,,legacy
214,2026-07-28 09:30:09.414-05,2026-07-28 10:28:21.898-05,M,47,Make Ready - Time Required to Setup Job,,legacy
214,2026-07-28 10:28:21.898-05,2026-07-28 10:42:25.088-05,B,145-3,Drum Clean,,legacy
214,2026-07-28 10:42:25.088-05,2026-07-28 11:05:30.1-05,B,99,Plates: Wash,,legacy
214,2026-07-28 11:05:30.1-05,2026-07-28 11:48:40.512-05,M,47,Make Ready - Time Required to Setup Job,,legacy
214,2026-07-28 11:48:40.512-05,2026-07-28 12:09:45.086-05,G,150,Run Production,,legacy
214,2026-07-28 12:09:45.086-05,2026-07-28 14:03:10.605-05,M,47-3,Make Ready Ghosting,,legacy
214,2026-07-28 14:03:10.605-05,2026-07-28 14:37:17.816-05,M,47-19,Make Ready Sleeve Low Spot,,legacy
214,2026-07-28 14:37:17.816-05,2026-07-28 16:26:43.897-05,M,47-3,Make Ready Ghosting,,legacy
214,2026-07-28 16:26:43.897-05,2026-07-28 16:32:45.167-05,B,99,Plates: Wash,,legacy
214,2026-07-28 16:32:45.167-05,2026-07-28 16:44:47.865-05,G,150,Run Production,,legacy
214,2026-07-28 16:44:47.865-05,2026-07-28 17:08:53.073-05,B,99,Plates: Wash,,legacy
214,2026-07-28 17:08:53.073-05,2026-07-28 17:12:54.156-05,G,150,Run Production,,legacy
214,2026-07-28 17:12:54.156-05,2026-07-28 21:00:45.85-05,B,95,Press Problem / Impression,,legacy
214,2026-07-28 21:00:45.85-05,2026-07-28 21:18:49.632-05,M,85,Make Ready - Color Match,,legacy
214,2026-07-28 21:18:49.632-05,2026-07-28 22:20:04.049-05,M,47,Make Ready - Time Required to Setup Job,,legacy
214,2026-07-28 22:20:04.049-05,2026-07-28 22:43:09.204-05,B,99,Plates: Wash,,legacy
214,2026-07-28 22:43:09.204-05,2026-07-29 00:05:27.384-05,G,150,Run Production,,legacy
214,2026-07-29 00:05:27.384-05,2026-07-29 00:49:37.766-05,B,99,Plates: Wash,,legacy
214,2026-07-29 00:49:37.766-05,2026-07-29 01:14:43.82-05,G,150,Run Production,,legacy
214,2026-07-29 01:14:43.82-05,2026-07-29 01:15:43.989-05,B,95,Press Problem / Impression,,legacy
214,2026-07-29 01:15:43.989-05,2026-07-29 01:38:48.998-05,G,150,Run Production,,legacy
214,2026-07-29 01:38:48.998-05,2026-07-29 01:43:50.491-05,B,450,Non Productive,,legacy
214,2026-07-29 01:43:50.491-05,2026-07-29 02:26:59.796-05,M,47,Make Ready - Time Required to Setup Job,,legacy
214,2026-07-29 02:26:59.796-05,2026-07-29 03:48:17.942-05,G,150,Run Production,,legacy
214,2026-07-29 03:48:17.942-05,2026-07-29 03:49:18.15-05,B,450,Non Productive,,legacy
214,2026-07-29 03:49:18.15-05,2026-07-29 04:14:24.829-05,M,47-1,Make-Ready Sleeves,,legacy
214,2026-07-29 04:14:24.829-05,2026-07-29 04:31:28.913-05,B,354,Housekeeping,,legacy
214,2026-07-29 04:31:28.913-05,2026-07-29 04:49:33.107-05,M,47,Make Ready - Time Required to Setup Job,,legacy
214,2026-07-29 04:49:33.107-05,2026-07-29 04:50:33.3-05,M,47-1,Make-Ready Sleeves,,legacy
214,2026-07-29 04:50:33.3-05,2026-07-29 07:32:10.983-05,M,47,Make Ready - Time Required to Setup Job,,legacy
214,2026-07-29 07:32:10.983-05,2026-07-29 08:21:22.251-05,G,150,Run Production,,legacy
214,2026-07-29 08:21:22.251-05,2026-07-29 08:22:22.464-05,B,450,Non Productive,,legacy
214,2026-07-29 08:22:22.464-05,2026-07-29 09:00:31.755-05,M,47,Make Ready - Time Required to Setup Job,,legacy
214,2026-07-29 09:00:31.755-05,2026-07-29 09:43:41.45-05,G,150,Run Production,,legacy
214,2026-07-29 09:43:41.45-05,2026-07-29 09:45:41.999-05,B,450,Non Productive,,legacy
214,2026-07-29 09:45:41.999-05,2026-07-29 11:04:59.663-05,M,48,Make Ready Sleeves,,legacy
214,2026-07-29 11:04:59.663-05,2026-07-29 11:20:03.582-05,B,145-8,Dr. Blade Change,,legacy
214,2026-07-29 11:20:03.582-05,2026-07-29 12:22:18.214-05,M,47,Make Ready - Time Required to Setup Job,,legacy
214,2026-07-29 12:22:18.214-05,2026-07-29 13:09:28.942-05,M,47-3,Make Ready Ghosting,,legacy
214,2026-07-29 13:09:28.942-05,2026-07-29 14:09:42.508-05,M,47,Make Ready - Time Required to Setup Job,,legacy
214,2026-07-29 14:09:42.508-05,2026-07-29 14:11:42.96-05,G,150,Run Production,,legacy
214,2026-07-29 14:11:42.96-05,2026-07-29 14:20:44.842-05,B,145-4,Plate Wash,,legacy
214,2026-07-29 14:20:44.842-05,2026-07-29 15:25:59.441-05,G,150,Run Production,,legacy
214,2026-07-29 15:25:59.441-05,2026-07-29 15:32:00.964-05,B,450,Non Productive,,legacy
214,2026-07-29 15:32:00.964-05,2026-07-29 15:34:01.375-05,M,48,Make Ready Sleeves,,legacy
214,2026-07-29 15:34:01.375-05,2026-07-29 16:25:14.858-05,G,150,Run Production,,legacy
214,2026-07-29 16:25:14.858-05,2026-07-29 17:41:34.37-05,B,450,Non Productive,,legacy
214,2026-07-29 17:41:34.37-05,2026-07-29 18:53:51.145-05,M,47,Make Ready - Time Required to Setup Job,,legacy
214,2026-07-29 18:53:51.145-05,2026-07-29 19:10:55.116-05,M,48,Make Ready Sleeves,,legacy
214,2026-07-29 19:10:55.116-05,2026-07-29 19:52:04.505-05,M,47,Make Ready - Time Required to Setup Job,,legacy
214,2026-07-29 19:52:04.505-05,2026-07-29 20:54:19.025-05,M,47-19,Make Ready Sleeve Low Spot,,legacy
214,2026-07-29 20:54:19.025-05,2026-07-29 21:17:24.511-05,M,47,Make Ready - Time Required to Setup Job,,legacy
214,2026-07-29 21:17:24.511-05,2026-07-29 21:31:27.987-05,B,145-8,Dr. Blade Change,,legacy
214,2026-07-29 21:31:27.987-05,2026-07-29 21:34:28.932-05,M,47,Make Ready - Time Required to Setup Job,,legacy
214,2026-07-29 21:34:28.932-05,2026-07-29 22:03:35.428-05,M,47-17,Make Ready Dirty Anilox,,legacy
214,2026-07-29 22:03:35.428-05,2026-07-29 22:15:38.07-05,S,400,Sort,,legacy
214,2026-07-29 22:15:38.07-05,2026-07-30 00:59:14.963-05,G,150,Run Production,,legacy
214,2026-07-30 00:59:14.963-05,2026-07-30 01:54:27.628-05,B,145-99,Other,,legacy
214,2026-07-30 01:54:27.628-05,2026-07-30 03:28:48.955-05,G,150,Run Production,,legacy
214,2026-07-30 03:28:48.955-05,2026-07-30 03:30:49.459-05,M,47,Make Ready - Time Required to Setup Job,,legacy
214,2026-07-30 03:30:49.459-05,2026-07-30 04:36:08.107-05,M,47-1,Make-Ready Sleeves,,legacy
214,2026-07-30 04:36:08.107-05,2026-07-30 04:55:12.769-05,B,354,Housekeeping,,legacy
214,2026-07-30 04:55:12.769-05,2026-07-30 05:27:19.876-05,M,47,Make Ready - Time Required to Setup Job,,legacy
214,2026-07-30 05:27:19.876-05,2026-07-30 05:44:23.759-05,M,47-20,Make Ready Out of Register,,legacy
214,2026-07-30 05:44:23.759-05,2026-07-30 06:33:35.118-05,M,47,Make Ready - Time Required to Setup Job,,legacy
214,2026-07-30 06:33:35.118-05,2026-07-30 06:54:39.979-05,M,80,Anilox: Change,,legacy
214,2026-07-30 06:54:39.979-05,2026-07-30 07:21:46.008-05,M,47,Make Ready - Time Required to Setup Job,,legacy
214,2026-07-30 07:21:46.008-05,2026-07-30 08:20:59.486-05,M,85,Make Ready - Color Match,,legacy
214,2026-07-30 08:20:59.486-05,2026-07-30 09:22:16.773-05,M,47,Make Ready - Time Required to Setup Job,,legacy
214,2026-07-30 09:22:16.773-05,2026-07-30 10:02:26.761-05,G,150,Run Production,,legacy
214,2026-07-30 10:02:26.761-05,2026-07-30 10:03:26.975-05,M,47,Make Ready - Time Required to Setup Job,,legacy
214,2026-07-30 10:03:26.975-05,2026-07-30 10:31:34.143-05,G,150,Run Production,,legacy
214,2026-07-30 10:31:34.143-05,2026-07-30 10:32:34.368-05,M,47,Make Ready - Time Required to Setup Job,,legacy
214,2026-07-30 10:32:34.368-05,2026-07-30 10:35:35.1-05,G,150,Run Production,,legacy
214,2026-07-30 10:35:35.1-05,2026-07-30 10:40:36.246-05,B,450,Non Productive,,legacy
214,2026-07-30 10:40:36.246-05,2026-07-30 12:47:11.418-05,M,48,Make Ready Sleeves,,legacy
214,2026-07-30 12:47:11.418-05,2026-07-30 13:17:18.351-05,M,47,Make Ready - Time Required to Setup Job,,legacy
214,2026-07-30 13:17:18.351-05,2026-07-30 13:37:22.727-05,B,145-6,Ink Spill,,legacy
214,2026-07-30 13:37:22.727-05,2026-07-30 14:25:34.736-05,M,47,Make Ready - Time Required to Setup Job,,legacy
214,2026-07-30 14:25:34.736-05,2026-07-30 14:37:37.409-05,G,150,Run Production,,legacy
214,2026-07-30 14:37:37.409-05,2026-07-30 15:14:46.889-05,B,145-4,Plate Wash,,legacy
214,2026-07-30 15:14:46.889-05,2026-07-30 15:16:47.406-05,G,150,Run Production,,legacy
214,2026-07-30 15:16:47.406-05,2026-07-30 15:23:49.317-05,B,145-4,Plate Wash,,legacy
214,2026-07-30 15:23:49.317-05,2026-07-30 16:02:58.634-05,G,150,Run Production,,legacy
214,2026-07-30 16:02:58.634-05,2026-07-30 16:07:59.819-05,B,450,Non Productive,,legacy
214,2026-07-30 16:07:59.819-05,2026-07-30 16:14:01.5-05,M,48,Make Ready Sleeves,,legacy
214,2026-07-30 16:14:01.5-05,2026-07-30 18:08:28.305-05,M,47,Make Ready - Time Required to Setup Job,,legacy
214,2026-07-30 18:08:28.305-05,2026-07-30 18:11:29.084-05,B,72,Operator - No Operator,,legacy
214,2026-07-30 18:11:29.084-05,2026-07-30 18:35:35.402-05,M,47,Make Ready - Time Required to Setup Job,,legacy
214,2026-07-30 18:35:35.402-05,2026-07-31 06:35:22.164-05,B,450,Non Productive,,legacy
214,2026-07-31 06:35:22.164-05,2026-07-31 08:05:43.642-05,M,47,Make Ready - Time Required to Setup Job,,legacy
214,2026-07-31 08:05:43.642-05,2026-07-31 08:27:48.543-05,M,80,Anilox: Change,,legacy
214,2026-07-31 08:27:48.543-05,2026-07-31 09:25:02.026-05,M,47,Make Ready - Time Required to Setup Job,,legacy
214,2026-07-31 09:25:02.026-05,2026-07-31 10:21:15.263-05,M,85,Make Ready - Color Match,,legacy
214,2026-07-31 10:21:15.263-05,2026-07-31 11:45:33.971-05,M,47,Make Ready - Time Required to Setup Job,,legacy
214,2026-07-31 11:45:33.971-05,2026-07-31 12:32:44.867-05,G,150,Run Production,,legacy
214,2026-07-31 12:32:44.867-05,2026-07-31 12:33:45.212-05,M,47,Make Ready - Time Required to Setup Job,,legacy
214,2026-07-31 12:33:45.212-05,2026-07-31 12:34:45.411-05,B,450,Non Productive,,legacy
214,2026-07-31 12:34:45.411-05,2026-07-31 12:40:46.861-05,M,48,Make Ready Sleeves,,legacy
214,2026-07-31 12:40:46.861-05,2026-07-31 14:32:10.916-05,G,150,Run Production,,legacy
214,2026-07-31 14:32:10.916-05,2026-07-31 14:35:11.559-05,B,450,Non Productive,,legacy
214,2026-07-31 14:35:11.559-05,2026-07-31 14:36:11.743-05,M,48,Make Ready Sleeves,,legacy
214,2026-07-31 14:36:11.743-05,2026-07-31 15:40:28.637-05,G,150,Run Production,,legacy
214,2026-07-31 15:40:28.637-05,2026-07-31 16:28:41.14-05,B,450,Non Productive,,legacy
214,2026-07-31 16:28:41.14-05,2026-07-31 20:36:39.76-05,M,47,Make Ready - Time Required to Setup Job,,legacy
214,2026-07-31 20:36:39.76-05,2026-07-31 21:52:55.895-05,M,47-4,Make Ready Bouncing,,legacy
214,2026-07-31 21:52:55.895-05,2026-07-31 22:12:00.392-05,M,47,Make Ready - Time Required to Setup Job,,legacy
214,2026-07-31 22:12:00.392-05,2026-08-01 01:39:46.104-05,M,47-4,Make Ready Bouncing,,legacy
214,2026-08-01 01:39:46.104-05,2026-08-01 02:09:52.589-05,M,47,Make Ready - Time Required to Setup Job,,legacy
214,2026-08-01 02:09:52.589-05,2026-08-01 02:49:01.308-05,M,85,Make Ready - Color Match,,legacy
214,2026-08-01 02:49:01.308-05,2026-08-01 02:52:02.339-05,M,47,Make Ready - Time Required to Setup Job,,legacy
214,2026-08-01 02:52:02.339-05,2026-08-01 03:51:14.447-05,B,99,Plates: Wash,,legacy
214,2026-08-01 03:51:14.447-05,2026-08-01 04:07:17.924-05,M,47,Make Ready - Time Required to Setup Job,,legacy
214,2026-08-01 04:07:17.924-05,2026-08-01 04:16:19.911-05,B,354,Housekeeping,,legacy
214,2026-08-01 04:16:19.911-05,2026-08-01 04:33:24.303-05,M,47,Make Ready - Time Required to Setup Job,,legacy
214,2026-08-01 04:33:24.303-05,2026-08-01 07:14:03.533-05,B,95,Press Problem / Impression,,legacy
214,2026-08-01 07:14:03.533-05,2026-08-01 07:54:12.421-05,G,150,Run Production,,legacy
214,2026-08-01 07:54:12.421-05,2026-08-01 07:56:12.871-05,B,450,Non Productive,,legacy
214,2026-08-01 07:56:12.871-05,2026-08-01 08:44:23.136-05,M,47,Make Ready - Time Required to Setup Job,,legacy
214,2026-08-01 08:44:23.136-05,2026-08-01 09:31:33.248-05,G,150,Run Production,,legacy
214,2026-08-01 09:31:33.248-05,2026-08-01 09:33:33.687-05,B,450,Non Productive,,legacy
214,2026-08-01 09:33:33.687-05,2026-08-01 09:34:33.94-05,M,48,Make Ready Sleeves,,legacy
214,2026-08-01 09:34:33.94-05,2026-08-01 10:22:44.585-05,G,150,Run Production,,legacy
214,2026-08-01 10:22:44.585-05,2026-08-01 11:13:55.924-05,M,48,Make Ready Sleeves,,legacy
214,2026-08-01 11:13:55.924-05,2026-08-01 14:19:37.754-05,M,47,Make Ready - Time Required to Setup Job,,legacy
214,2026-08-01 14:19:37.754-05,2026-08-01 15:05:47.625-05,G,150,Run Production,,legacy
214,2026-08-01 15:05:47.625-05,2026-08-01 15:06:47.83-05,B,450,Non Productive,,legacy
214,2026-08-01 15:06:47.83-05,2026-08-01 15:40:55.219-05,G,150,Run Production,,legacy
214,2026-08-01 15:40:55.219-05,2026-08-01 15:42:55.625-05,B,450,Non Productive,,legacy
214,2026-08-01 15:42:55.625-05,2026-08-01 16:57:11.85-05,M,48,Make Ready Sleeves,,legacy
214,2026-08-01 16:57:11.85-05,2026-08-01 19:18:44.565-05,M,47,Make Ready - Time Required to Setup Job,,legacy
214,2026-08-01 19:18:44.565-05,2026-08-01 20:06:55.016-05,B,93,Plates: Defective Pre-Press,,legacy
214,2026-08-01 20:06:55.016-05,2026-08-01 20:07:55.354-05,M,47,Make Ready - Time Required to Setup Job,,legacy
214,2026-08-01 20:07:55.354-05,2026-08-01 20:08:55.594-05,B,450,Non Productive,,legacy
214,2026-08-01 20:08:55.594-05,2026-08-01 20:09:55.811-05,M,47,Make Ready - Time Required to Setup Job,,legacy
214,2026-08-01 20:09:55.811-05,2026-08-01 21:28:12.518-05,M,47-1,Make-Ready Sleeves,,legacy
214,2026-08-01 21:28:12.518-05,2026-08-01 22:21:24.145-05,M,47,Make Ready - Time Required to Setup Job,,legacy
214,2026-08-01 22:21:24.145-05,2026-08-01 23:48:44.442-05,M,47-3,Make Ready Ghosting,,legacy
214,2026-08-01 23:48:44.442-05,2026-08-02 00:28:54.525-05,M,47,Make Ready - Time Required to Setup Job,,legacy
214,2026-08-02 00:28:54.525-05,2026-08-02 01:01:01.989-05,M,47-3,Make Ready Ghosting,,legacy
214,2026-08-02 01:01:01.989-05,2026-08-02 01:46:11.686-05,M,47,Make Ready - Time Required to Setup Job,,legacy
214,2026-08-02 01:46:11.686-05,2026-08-02 01:52:12.926-05,M,85,Make Ready - Color Match,,legacy
214,2026-08-02 01:52:12.926-05,2026-08-02 04:00:42.831-05,M,47,Make Ready - Time Required to Setup Job,,legacy
214,2026-08-02 04:00:42.831-05,2026-08-02 04:02:43.225-05,G,150,Run Production,,legacy
214,2026-08-02 04:02:43.225-05,2026-08-02 04:22:48.212-05,B,145-3,Drum Clean,,legacy
214,2026-08-02 04:22:48.212-05,2026-08-02 05:07:58.789-05,G,150,Run Production,,legacy
214,2026-08-02 05:07:58.789-05,2026-08-02 05:29:03.313-05,B,354,Housekeeping,,legacy
214,2026-08-02 05:29:03.313-05,2026-08-02 07:11:26.28-05,G,150,Run Production,,legacy
214,2026-08-02 07:11:26.28-05,2026-08-02 07:14:26.964-05,B,450,Non Productive,,legacy
214,2026-08-02 07:14:26.964-05,2026-08-02 07:15:27.179-05,M,47,Make Ready - Time Required to Setup Job,,legacy
214,2026-08-02 07:15:27.179-05,2026-08-02 08:20:41.455-05,G,150,Run Production,,legacy
214,2026-08-02 08:20:41.455-05,2026-08-02 08:32:44.28-05,B,95,Press Problem / Impression,,legacy
214,2026-08-02 08:32:44.28-05,2026-08-02 08:39:45.843-05,B,99,Plates: Wash,,legacy
214,2026-08-02 08:39:45.843-05,2026-08-02 10:19:07.762-05,G,150,Run Production,,legacy
214,2026-08-02 10:19:07.762-05,2026-08-02 10:20:08.097-05,B,450,Non Productive,,legacy
214,2026-08-02 10:20:08.097-05,2026-08-02 11:38:25.447-05,M,47-1,Make-Ready Sleeves,,legacy
214,2026-08-02 11:38:25.447-05,2026-08-02 12:40:39.284-05,B,450,Non Productive,,legacy
214,2026-08-02 12:40:39.284-05,2026-08-02 12:49:41.323-05,M,47,Make Ready - Time Required to Setup Job,,legacy
214,2026-08-02 12:49:41.323-05,2026-08-02 12:59:43.503-05,B,41-2,Maintenance - Electrical,,legacy
214,2026-08-02 12:59:43.503-05,2026-08-02 13:32:51.163-05,M,47,Make Ready - Time Required to Setup Job,,legacy
214,2026-08-02 13:32:51.163-05,2026-08-02 13:52:55.617-05,M,47-19,Make Ready Sleeve Low Spot,,legacy
214,2026-08-02 13:52:55.617-05,2026-08-02 14:50:08.331-05,M,47,Make Ready - Time Required to Setup Job,,legacy
214,2026-08-02 14:50:08.331-05,2026-08-02 15:27:17.012-05,M,85,Make Ready - Color Match,,legacy
214,2026-08-02 15:27:17.012-05,2026-08-02 15:48:22.035-05,M,47,Make Ready - Time Required to Setup Job,,legacy
214,2026-08-02 15:48:22.035-05,2026-08-02 17:26:43.499-05,M,47-20,Make Ready Out of Register,,legacy
214,2026-08-02 17:26:43.499-05,2026-08-02 17:27:43.673-05,B,95,Press Problem / Impression,,legacy
214,2026-08-02 17:27:43.673-05,2026-08-02 17:31:44.509-05,M,47-4,Make Ready Bouncing,,legacy
214,2026-08-02 17:31:44.509-05,2026-08-02 17:48:48.114-05,B,99,Plates: Wash,,legacy
214,2026-08-02 17:48:48.114-05,2026-08-02 23:10:00.141-05,B,95,Press Problem / Impression,,legacy
214,2026-08-02 23:10:00.141-05,2026-08-03 00:26:17.453-05,M,47-19,Make Ready Sleeve Low Spot,,legacy
214,2026-08-03 00:26:17.453-05,2026-08-03 00:30:18.27-05,M,47,Make Ready - Time Required to Setup Job,,legacy
214,2026-08-03 00:30:18.27-05,2026-08-03 00:31:18.479-05,B,450,Non Productive,,legacy
214,2026-08-03 00:31:18.479-05,2026-08-03 00:52:22.886-05,M,47-1,Make-Ready Sleeves,,legacy
214,2026-08-03 00:52:22.886-05,2026-08-03 06:37:38.694-05,M,47,Make Ready - Time Required to Setup Job,,legacy
214,2026-08-03 06:37:38.694-05,2026-08-03 06:58:43.349-05,B,41-2,Maintenance - Electrical,,legacy
214,2026-08-03 06:58:43.349-05,2026-08-03 08:03:57.743-05,G,150,Run Production,,legacy
214,2026-08-03 08:03:57.743-05,2026-08-03 08:35:04.835-05,M,47-1,Make-Ready Sleeves,,legacy
214,2026-08-03 08:35:04.835-05,2026-08-03 09:53:21.669-05,M,47,Make Ready - Time Required to Setup Job,,legacy
214,2026-08-03 09:53:21.669-05,2026-08-03 10:10:25.934-05,B,99,Plates: Wash,,legacy
214,2026-08-03 10:10:25.934-05,2026-08-03 11:09:39.26-05,M,47,Make Ready - Time Required to Setup Job,,legacy
214,2026-08-03 11:09:39.26-05,2026-08-03 11:18:41.497-05,M,85,Make Ready - Color Match,,legacy
214,2026-08-03 11:18:41.497-05,2026-08-03 11:40:46.211-05,M,47,Make Ready - Time Required to Setup Job,,legacy
214,2026-08-03 11:40:46.211-05,2026-08-03 11:49:48.455-05,G,150,Run Production,,legacy
214,2026-08-03 11:49:48.455-05,2026-08-03 12:10:53.38-05,B,95,Press Problem / Impression,,legacy
214,2026-08-03 12:10:53.38-05,2026-08-03 12:33:58.466-05,M,80,Anilox: Change,,legacy
214,2026-08-03 12:33:58.466-05,2026-08-03 12:39:59.771-05,G,150,Run Production,,legacy
214,2026-08-03 12:39:59.771-05,2026-08-03 12:54:02.754-05,B,99,Plates: Wash,,legacy
214,2026-08-03 12:54:02.754-05,2026-08-03 13:38:12.543-05,G,150,Run Production,,legacy
214,2026-08-03 13:38:12.543-05,2026-08-03 13:39:12.816-05,M,47,Make Ready - Time Required to Setup Job,,legacy
214,2026-08-03 13:39:12.816-05,2026-08-03 14:37:28.034-05,M,47-21,MR - Wait for Plates/Mounting,,legacy
214,2026-08-03 14:37:28.034-05,2026-08-03 14:48:30.945-05,M,47-1,Make-Ready Sleeves,,legacy
214,2026-08-03 14:48:30.945-05,2026-08-03 15:44:43.839-05,M,47,Make Ready - Time Required to Setup Job,,legacy
214,2026-08-03 15:44:43.839-05,2026-08-03 16:37:06.377-05,M,47-19,Make Ready Sleeve Low Spot,,legacy
214,2026-08-03 16:37:06.377-05,2026-08-03 17:08:13.412-05,M,47,Make Ready - Time Required to Setup Job,,legacy
214,2026-08-03 17:08:13.412-05,2026-08-03 17:23:16.529-05,B,99,Plates: Wash,,legacy
214,2026-08-03 17:23:16.529-05,2026-08-03 17:41:20.775-05,M,47,Make Ready - Time Required to Setup Job,,legacy
214,2026-08-03 17:41:20.775-05,2026-08-03 17:55:24.189-05,B,94,Plates: Plate Up (Obsolete),,legacy
214,2026-08-03 17:55:24.189-05,2026-08-03 18:33:33.297-05,M,47,Make Ready - Time Required to Setup Job,,legacy
214,2026-08-03 18:33:33.297-05,2026-08-03 18:50:37.149-05,B,145-4,Plate Wash,,legacy
214,2026-08-03 18:50:37.149-05,2026-08-03 19:27:45.996-05,M,47,Make Ready - Time Required to Setup Job,,legacy
214,2026-08-03 19:27:45.996-05,2026-08-03 19:59:53.329-05,G,150,Run Production,,legacy
214,2026-08-03 19:59:53.329-05,2026-08-03 20:16:57.362-05,B,99,Plates: Wash,,legacy
214,2026-08-03 20:16:57.362-05,2026-08-03 21:14:10.453-05,G,150,Run Production,,legacy
214,2026-08-03 21:14:10.453-05,2026-08-03 21:18:11.305-05,M,47,Make Ready - Time Required to Setup Job,,legacy
214,2026-08-03 21:18:11.305-05,2026-08-03 21:43:16.819-05,M,47-21,MR - Wait for Plates/Mounting,,legacy
214,2026-08-03 21:43:16.819-05,2026-08-03 23:13:38.218-05,M,021,Planning Error,,legacy
214,2026-08-03 23:13:38.218-05,2026-08-03 23:14:38.45-05,B,450,Non Productive,,legacy
214,2026-08-03 23:14:38.45-05,2026-08-03 23:49:46.344-05,M,47,Make Ready - Time Required to Setup Job,,legacy
214,2026-08-03 23:49:46.344-05,2026-08-04 00:27:54.855-05,M,47-1,Make-Ready Sleeves,,legacy
214,2026-08-04 00:27:54.855-05,2026-08-04 02:22:20.853-05,M,47,Make Ready - Time Required to Setup Job,,legacy
214,2026-08-04 02:22:20.853-05,2026-08-04 02:30:22.576-05,M,80,Anilox: Change,,legacy
214,2026-08-04 02:30:22.576-05,2026-08-04 03:06:30.86-05,M,47,Make Ready - Time Required to Setup Job,,legacy
214,2026-08-04 03:06:30.86-05,2026-08-04 03:39:38.338-05,M,85,Make Ready - Color Match,,legacy
214,2026-08-04 03:39:38.338-05,2026-08-04 03:40:38.556-05,M,47,Make Ready - Time Required to Setup Job,,legacy
214,2026-08-04 03:40:38.556-05,2026-08-04 04:31:50.971-05,G,150,Run Production,,legacy
214,2026-08-04 04:31:50.971-05,2026-08-04 04:44:54.101-05,B,354,Housekeeping,,legacy
214,2026-08-04 04:44:54.101-05,2026-08-04 05:29:03.921-05,G,150,Run Production,,legacy
214,2026-08-04 05:29:03.921-05,2026-08-04 05:38:06.095-05,B,145-4,Plate Wash,,legacy
214,2026-08-04 05:38:06.095-05,2026-08-04 06:32:18.534-05,G,150,Run Production,,legacy
214,2026-08-04 06:32:18.534-05,2026-08-04 07:38:35.501-05,B,145-7,Film Web Break,,legacy
214,2026-08-04 07:38:35.501-05,2026-08-04 09:35:02.899-05,G,150,Run Production,,legacy
214,2026-08-04 09:35:02.899-05,2026-08-04 09:37:03.302-05,B,450,Non Productive,,legacy
214,2026-08-04 09:37:03.302-05,2026-08-04 10:22:13.547-05,M,48,Make Ready Sleeves,,legacy
214,2026-08-04 10:22:13.547-05,2026-08-04 10:55:21.093-05,M,47,Make Ready - Time Required to Setup Job,,legacy
214,2026-08-04 10:55:21.093-05,2026-08-04 10:56:21.316-05,B,137,Customer Approval,,legacy
214,2026-08-04 10:56:21.316-05,2026-08-04 18:17:06.006-05,B,138,RD Trial,,legacy
214,2026-08-04 18:17:06.006-05,2026-08-04 20:13:32.256-05,M,47,Make Ready - Time Required to Setup Job,,legacy
214,2026-08-04 20:13:32.256-05,2026-08-04 22:29:03.698-05,M,47-3,Make Ready Ghosting,,legacy
214,2026-08-04 22:29:03.698-05,2026-08-04 22:40:06.154-05,G,150,Run Production,,legacy
214,2026-08-04 22:40:06.154-05,2026-08-04 22:44:07.049-05,B,112,Substrate - Baggy Film,,legacy
214,2026-08-04 22:44:07.049-05,2026-08-04 22:59:10.532-05,G,150,Run Production,,legacy
214,2026-08-04 22:59:10.532-05,2026-08-04 23:12:14.044-05,B,112,Substrate - Baggy Film,,legacy
214,2026-08-04 23:12:14.044-05,2026-08-04 23:30:18.011-05,G,150,Run Production,,legacy
214,2026-08-04 23:30:18.011-05,2026-08-04 23:57:24.866-05,B,112,Substrate - Baggy Film,,legacy
214,2026-08-04 23:57:24.866-05,2026-08-05 00:02:26.104-05,M,47,Make Ready - Time Required to Setup Job,,legacy
214,2026-08-05 00:02:26.104-05,2026-08-05 00:03:26.314-05,G,150,Run Production,,legacy
214,2026-08-05 00:03:26.314-05,2026-08-05 00:19:30.298-05,B,301,Cambio de Rollo,,legacy
214,2026-08-05 00:19:30.298-05,2026-08-05 00:39:34.83-05,G,150,Run Production,,legacy
214,2026-08-05 00:39:34.83-05,2026-08-05 00:59:39.125-05,B,350,Roll Change,,legacy
214,2026-08-05 00:59:39.125-05,2026-08-05 01:21:44.572-05,G,150,Run Production,,legacy
214,2026-08-05 01:21:44.572-05,2026-08-05 01:42:49.322-05,B,112,Substrate - Baggy Film,,legacy
214,2026-08-05 01:42:49.322-05,2026-08-05 02:19:57.636-05,B,145-98,Quality Hold,,legacy
214,2026-08-05 02:19:57.636-05,2026-08-05 02:37:01.482-05,B,145-4,Plate Wash,,legacy
214,2026-08-05 02:37:01.482-05,2026-08-05 03:17:10.569-05,G,150,Run Production,,legacy
214,2026-08-05 03:17:10.569-05,2026-08-05 03:34:14.636-05,M,80,Anilox: Change,,legacy
214,2026-08-05 03:34:14.636-05,2026-08-05 03:51:18.464-05,G,150,Run Production,,legacy
214,2026-08-05 03:51:18.464-05,2026-08-05 04:12:23.34-05,B,112,Substrate - Baggy Film,,legacy
214,2026-08-05 04:12:23.34-05,2026-08-05 04:24:26.449-05,G,150,Run Production,,legacy
214,2026-08-05 04:24:26.449-05,2026-08-05 04:27:27.073-05,B,145-99,Other,,legacy
214,2026-08-05 04:27:27.073-05,2026-08-05 05:20:39.306-05,G,150,Run Production,,legacy
214,2026-08-05 05:20:39.306-05,2026-08-05 05:31:41.757-05,B,145-4,Plate Wash,,legacy
214,2026-08-05 05:31:41.757-05,2026-08-05 05:47:45.902-05,G,150,Run Production,,legacy
214,2026-08-05 05:47:45.902-05,2026-08-05 06:18:53.899-05,B,112,Substrate - Baggy Film,,legacy
214,2026-08-05 06:18:53.899-05,2026-08-05 07:05:05.178-05,G,150,Run Production,,legacy
214,2026-08-05 07:05:05.178-05,2026-08-05 07:13:07.076-05,B,145-4,Plate Wash,,legacy
214,2026-08-05 07:13:07.076-05,2026-08-05 07:41:13.663-05,G,150,Run Production,,legacy
214,2026-08-05 07:41:13.663-05,2026-08-05 07:45:14.677-05,B,450,Non Productive,,legacy
214,2026-08-05 07:45:14.677-05,2026-08-05 08:44:28.238-05,M,47-1,Make-Ready Sleeves,,legacy
214,2026-08-05 08:44:28.238-05,2026-08-05 08:51:30.087-05,B,145-3,Drum Clean,,legacy
214,2026-08-05 08:51:30.087-05,2026-08-05 09:38:40.478-05,M,47,Make Ready - Time Required to Setup Job,,legacy
214,2026-08-05 09:38:40.478-05,2026-08-05 11:14:02.743-05,G,150,Run Production,,legacy
214,2026-08-05 11:14:02.743-05,2026-08-05 11:37:08.798-05,B,112,Substrate - Baggy Film,,legacy
214,2026-08-05 11:37:08.798-05,2026-08-05 13:29:34.507-05,G,150,Run Production,,legacy
214,2026-08-05 13:29:34.507-05,2026-08-05 13:31:34.946-05,B,450,Non Productive,,legacy
214,2026-08-05 13:31:34.946-05,2026-08-05 15:59:10.238-05,M,47,Make Ready - Time Required to Setup Job,,legacy
214,2026-08-05 15:59:10.238-05,2026-08-05 16:16:14.46-05,M,80,Anilox: Change,,legacy
214,2026-08-05 16:16:14.46-05,2026-08-05 16:25:16.901-05,B,145-8,Dr. Blade Change,,legacy
214,2026-08-05 16:25:16.901-05,2026-08-05 16:47:22.168-05,M,47-3,Make Ready Ghosting,,legacy
214,2026-08-05 16:47:22.168-05,2026-08-05 17:28:33.177-05,B,145-3,Drum Clean,,legacy
214,2026-08-05 17:28:33.177-05,2026-08-05 17:31:33.84-05,M,47,Make Ready - Time Required to Setup Job,,legacy
214,2026-08-05 17:31:33.84-05,2026-08-05 17:49:38.35-05,M,85,Make Ready - Color Match,,legacy
214,2026-08-05 17:49:38.35-05,2026-08-05 18:29:52.36-05,M,47,Make Ready - Time Required to Setup Job,,legacy
214,2026-08-05 18:29:52.36-05,2026-08-05 18:30:52.619-05,M,47-1,Make-Ready Sleeves,,legacy
214,2026-08-05 18:30:52.619-05,2026-08-05 18:55:58.655-05,M,47,Make Ready - Time Required to Setup Job,,legacy
214,2026-08-05 18:55:58.655-05,2026-08-05 19:20:04.266-05,B,145-8,Dr. Blade Change,,legacy
214,2026-08-05 19:20:04.266-05,2026-08-05 20:12:16.585-05,M,47,Make Ready - Time Required to Setup Job,,legacy
214,2026-08-05 20:12:16.585-05,2026-08-05 20:28:20.364-05,G,150,Run Production,,legacy
214,2026-08-05 20:28:20.364-05,2026-08-05 20:56:27.325-05,B,145-98,Quality Hold,,legacy
214,2026-08-05 20:56:27.325-05,2026-08-05 22:29:49.069-05,G,150,Run Production,,legacy
214,2026-08-05 22:29:49.069-05,2026-08-05 22:55:55.734-05,B,112,Substrate - Baggy Film,,legacy
214,2026-08-05 22:55:55.734-05,2026-08-05 22:56:55.926-05,G,150,Run Production,,legacy
214,2026-08-05 22:56:55.926-05,2026-08-05 23:00:56.864-05,B,112,Substrate - Baggy Film,,legacy
214,2026-08-05 23:00:56.864-05,2026-08-05 23:51:08.004-05,G,150,Run Production,,legacy
214,2026-08-05 23:51:08.004-05,2026-08-06 00:20:15.046-05,B,145-4,Plate Wash,,legacy
214,2026-08-06 00:20:15.046-05,2026-08-06 01:38:33.227-05,G,150,Run Production,,legacy
214,2026-08-06 01:38:33.227-05,2026-08-06 02:18:42.334-05,B,145-98,Quality Hold,,legacy
214,2026-08-06 02:18:42.334-05,2026-08-06 02:26:44.306-05,B,145-4,Plate Wash,,legacy
214,2026-08-06 02:26:44.306-05,2026-08-06 03:07:53.682-05,G,150,Run Production,,legacy
214,2026-08-06 03:07:53.682-05,2026-08-06 03:35:00.251-05,B,95,Press Problem / Impression,,legacy
214,2026-08-06 03:35:00.251-05,2026-08-06 03:53:04.45-05,G,150,Run Production,,legacy
214,2026-08-06 03:53:04.45-05,2026-08-06 04:10:08.042-05,B,145-4,Plate Wash,,legacy
214,2026-08-06 04:10:08.042-05,2026-08-06 04:24:11.712-05,G,150,Run Production,,legacy
214,2026-08-06 04:24:11.712-05,2026-08-06 04:25:11.978-05,B,321,Desperdicio de Rollo Danado,,legacy
214,2026-08-06 04:25:11.978-05,2026-08-06 05:09:22.16-05,G,150,Run Production,,legacy
214,2026-08-06 05:09:22.16-05,2026-08-06 05:32:27.584-05,B,354,Housekeeping,,legacy
214,2026-08-06 05:32:27.584-05,2026-08-06 05:35:28.242-05,G,150,Run Production,,legacy
214,2026-08-06 05:35:28.242-05,2026-08-06 05:44:30.178-05,B,350,Roll Change,,legacy
214,2026-08-06 05:44:30.178-05,2026-08-06 06:48:46.005-05,G,150,Run Production,,legacy
214,2026-08-06 06:48:46.005-05,2026-08-06 06:49:46.211-05,B,450,Non Productive,,legacy
214,2026-08-06 06:49:46.211-05,2026-08-06 07:24:54.33-05,M,48,Make Ready Sleeves,,legacy
214,2026-08-06 07:24:54.33-05,2026-08-06 07:47:59.556-05,B,145-8,Dr. Blade Change,,legacy
214,2026-08-06 07:47:59.556-05,2026-08-06 08:35:11.303-05,M,47,Make Ready - Time Required to Setup Job,,legacy
214,2026-08-06 08:35:11.303-05,2026-08-06 08:53:15.936-05,G,150,Run Production,,legacy
214,2026-08-06 08:53:15.936-05,2026-08-06 09:21:22.173-05,B,112,Substrate - Baggy Film,,legacy
214,2026-08-06 09:21:22.173-05,2026-08-06 10:29:39.111-05,G,150,Run Production,,legacy
214,2026-08-06 10:29:39.111-05,2026-08-06 10:45:43.025-05,B,112,Substrate - Baggy Film,,legacy
214,2026-08-06 10:45:43.025-05,2026-08-06 11:53:59.467-05,G,150,Run Production,,legacy
214,2026-08-06 11:53:59.467-05,2026-08-06 11:54:59.68-05,B,450,Non Productive,,legacy
214,2026-08-06 11:54:59.68-05,2026-08-06 12:00:00.86-05,M,48,Make Ready Sleeves,,legacy
214,2026-08-06 12:00:00.86-05,2026-08-06 12:34:08.18-05,M,47,Make Ready - Time Required to Setup Job,,legacy
214,2026-08-06 12:34:08.18-05,2026-08-06 13:56:28.023-05,G,150,Run Production,,legacy
214,2026-08-06 13:56:28.023-05,2026-08-06 13:57:28.24-05,B,450,Non Productive,,legacy
214,2026-08-06 13:57:28.24-05,2026-08-06 13:58:28.504-05,M,47,Make Ready - Time Required to Setup Job,,legacy
214,2026-08-06 13:58:28.504-05,2026-08-06 14:37:37.886-05,M,48,Make Ready Sleeves,,legacy
214,2026-08-06 14:37:37.886-05,2026-08-06 14:45:39.562-05,B,145-8,Dr. Blade Change,,legacy
214,2026-08-06 14:45:39.562-05,2026-08-06 15:12:45.419-05,M,47,Make Ready - Time Required to Setup Job,,legacy
214,2026-08-06 15:12:45.419-05,2026-08-06 15:38:51.003-05,G,150,Run Production,,legacy
214,2026-08-06 15:38:51.003-05,2026-08-06 15:39:51.129-05,M,47,Make Ready - Time Required to Setup Job,,legacy
214,2026-08-06 15:39:51.129-05,2026-08-06 15:53:45.562-05,B,145-2,Poor Print,,legacy
214,2026-08-06 15:53:45.562-05,2026-08-06 17:02:00.656-05,G,150,Run Production,,legacy
214,2026-08-06 17:02:00.656-05,2026-08-06 23:10:55.354-05,B,112,Substrate - Baggy Film,,legacy
214,2026-08-06 23:10:55.354-05,2026-08-06 23:41:51.444-05,B,125,Substrate - Other,,legacy
214,2026-08-06 23:41:51.444-05,2026-08-07 02:06:12.428-05,G,150,Run Production,,legacy
214,2026-08-07 02:06:12.428-05,2026-08-07 02:07:12.633-05,B,450,Non Productive,,legacy
214,2026-08-07 02:07:12.633-05,2026-08-07 02:12:14.348-05,M,47-1,Make-Ready Sleeves,,legacy
214,2026-08-07 02:12:14.348-05,2026-08-07 04:40:27.212-05,M,47,Make Ready - Time Required to Setup Job,,legacy
214,2026-08-07 04:40:27.212-05,2026-08-07 04:51:42.356-05,M,80,Anilox: Change,,legacy
214,2026-08-07 04:51:42.356-05,2026-08-07 05:13:54.59-05,M,47,Make Ready - Time Required to Setup Job,,legacy
214,2026-08-07 05:13:54.59-05,2026-08-07 17:50:34.639-05,G,150,Run Production,,legacy
214,2026-08-07 17:50:34.639-05,2026-08-07 17:56:36.183-05,B,450,Non Productive,,legacy
214,2026-08-07 17:56:36.183-05,2026-08-07 18:11:40.73-05,M,47,Make Ready - Time Required to Setup Job,,legacy
214,2026-08-07 18:11:40.73-05,2026-08-07 19:00:01.758-05,M,47-1,Make-Ready Sleeves,,legacy
214,2026-08-07 19:00:01.758-05,2026-08-07 19:14:07.955-05,B,145-8,Dr. Blade Change,,legacy
214,2026-08-07 19:14:07.955-05,2026-08-07 22:19:21.293-05,M,47,Make Ready - Time Required to Setup Job,,legacy
214,2026-08-07 22:19:21.293-05,2026-08-08 00:52:03.163-05,M,47-19,Make Ready Sleeve Low Spot,,legacy
214,2026-08-08 00:52:03.163-05,2026-08-08 02:14:27.673-05,M,47,Make Ready - Time Required to Setup Job,,legacy
214,2026-08-08 02:14:27.673-05,2026-08-08 02:24:31.069-05,M,85,Make Ready - Color Match,,legacy
214,2026-08-08 02:24:31.069-05,2026-08-08 03:21:47.86-05,M,47,Make Ready - Time Required to Setup Job,,legacy
214,2026-08-08 03:21:47.86-05,2026-08-08 04:09:01.488-05,M,47-3,Make Ready Ghosting,,legacy
214,2026-08-08 04:09:01.488-05,2026-08-08 04:23:04.957-05,B,354,Housekeeping,,legacy
214,2026-08-08 04:23:04.957-05,2026-08-08 04:40:09.007-05,B,145-3,Drum Clean,,legacy
214,2026-08-08 04:40:09.007-05,2026-08-08 06:29:38.592-05,M,47-3,Make Ready Ghosting,,legacy
214,2026-08-08 06:29:38.592-05,2026-08-08 06:49:44.474-05,B,145-8,Dr. Blade Change,,legacy
214,2026-08-08 06:49:44.474-05,2026-08-08 10:54:50.869-05,M,47-3,Make Ready Ghosting,,legacy
214,2026-08-08 10:54:50.869-05,2026-08-08 11:02:52.936-05,G,150,Run Production,,legacy
214,2026-08-08 11:02:52.936-05,2026-08-08 11:19:57.068-05,B,99,Plates: Wash,,legacy
214,2026-08-08 11:19:57.068-05,2026-08-08 12:02:07.08-05,G,150,Run Production,,legacy
214,2026-08-08 12:02:07.08-05,2026-08-08 12:10:08.88-05,B,99,Plates: Wash,,legacy
214,2026-08-08 12:10:08.88-05,2026-08-08 13:00:23.096-05,G,150,Run Production,,legacy
214,2026-08-08 13:00:23.096-05,2026-08-08 13:01:23.332-05,M,47,Make Ready - Time Required to Setup Job,,legacy
214,2026-08-08 13:01:23.332-05,2026-08-08 13:45:36.204-05,M,47-1,Make-Ready Sleeves,,legacy
214,2026-08-08 13:45:36.204-05,2026-08-08 14:41:52.437-05,M,47,Make Ready - Time Required to Setup Job,,legacy
214,2026-08-08 14:41:52.437-05,2026-08-08 15:29:04.82-05,M,47-19,Make Ready Sleeve Low Spot,,legacy
214,2026-08-08 15:29:04.82-05,2026-08-08 16:17:18.804-05,M,47,Make Ready - Time Required to Setup Job,,legacy
214,2026-08-08 16:17:18.804-05,2026-08-08 17:26:35.644-05,M,47-3,Make Ready Ghosting,,legacy
214,2026-08-08 17:26:35.644-05,2026-08-08 17:35:38.704-05,G,150,Run Production,,legacy
214,2026-08-08 17:35:38.704-05,2026-08-08 18:17:50.467-05,B,99,Plates: Wash,,legacy
214,2026-08-08 18:17:50.467-05,2026-08-08 20:47:25.227-05,M,47,Make Ready - Time Required to Setup Job,,legacy
214,2026-08-08 20:47:25.227-05,2026-08-08 21:15:32.517-05,G,150,Run Production,,legacy
214,2026-08-08 21:15:32.517-05,2026-08-08 21:46:40.293-05,B,145-4,Plate Wash,,legacy
214,2026-08-08 21:46:40.293-05,2026-08-09 00:01:16.07-05,G,150,Run Production,,legacy
214,2026-08-09 00:01:16.07-05,2026-08-09 00:16:19.54-05,B,145-4,Plate Wash,,legacy
214,2026-08-09 00:16:19.54-05,2026-08-09 02:37:53.236-05,G,150,Run Production,,legacy
214,2026-08-09 02:37:53.236-05,2026-08-09 02:38:53.423-05,B,145-2,Poor Print,,legacy
214,2026-08-09 02:38:53.423-05,2026-08-09 02:39:53.618-05,G,150,Run Production,,legacy
214,2026-08-09 02:39:53.618-05,2026-08-09 02:40:53.881-05,B,450,Non Productive,,legacy
214,2026-08-09 02:40:53.881-05,2026-08-09 03:02:59.289-05,M,47-1,Make-Ready Sleeves,,legacy
214,2026-08-09 03:02:59.289-05,2026-08-09 04:19:19.207-05,M,47,Make Ready - Time Required to Setup Job,,legacy
214,2026-08-09 04:19:19.207-05,2026-08-09 05:38:39.243-05,M,47-19,Make Ready Sleeve Low Spot,,legacy
214,2026-08-09 05:38:39.243-05,2026-08-09 06:17:49.823-05,M,47,Make Ready - Time Required to Setup Job,,legacy
214,2026-08-09 06:17:49.823-05,2026-08-09 06:48:57.845-05,M,85,Make Ready - Color Match,,legacy
214,2026-08-09 06:48:57.845-05,2026-08-09 07:01:00.984-05,M,47,Make Ready - Time Required to Setup Job,,legacy
214,2026-08-09 07:01:00.984-05,2026-08-09 07:17:05.032-05,B,99,Plates: Wash,,legacy
214,2026-08-09 07:17:05.032-05,2026-08-09 08:08:18.147-05,G,150,Run Production,,legacy
214,2026-08-09 08:08:18.147-05,2026-08-09 08:12:19.13-05,B,99,Plates: Wash,,legacy
214,2026-08-09 08:12:19.13-05,2026-08-09 08:48:28.436-05,G,150,Run Production,,legacy
214,2026-08-09 08:48:28.436-05,2026-08-09 09:20:36.714-05,B,450,Non Productive,,legacy
214,2026-08-09 09:20:36.714-05,2026-08-09 10:17:50.434-05,M,47-1,Make-Ready Sleeves,,legacy
214,2026-08-09 10:17:50.434-05,2026-08-09 10:44:56.591-05,M,47,Make Ready - Time Required to Setup Job,,legacy
214,2026-08-09 10:44:56.591-05,2026-08-09 11:47:14.054-05,M,47-99,Make Ready Other,,legacy
214,2026-08-09 11:47:14.054-05,2026-08-09 12:06:20.574-05,B,145-8,Dr. Blade Change,,legacy
214,2026-08-09 12:06:20.574-05,2026-08-09 14:19:57.498-05,M,47,Make Ready - Time Required to Setup Job,,legacy
214,2026-08-09 14:19:57.498-05,2026-08-09 16:54:35.177-05,M,47-3,Make Ready Ghosting,,legacy
214,2026-08-09 16:54:35.177-05,2026-08-09 17:49:50.993-05,B,354,Housekeeping,,legacy
214,2026-08-09 17:49:50.993-05,2026-08-09 19:19:13.079-05,M,47-3,Make Ready Ghosting,,legacy
214,2026-08-09 19:19:13.079-05,2026-08-09 19:57:22.536-05,M,47,Make Ready - Time Required to Setup Job,,legacy
214,2026-08-09 19:57:22.536-05,2026-08-09 20:29:30.608-05,B,145-8,Dr. Blade Change,,legacy
214,2026-08-09 20:29:30.608-05,2026-08-09 20:56:37.294-05,B,99,Plates: Wash,,legacy
214,2026-08-09 20:56:37.294-05,2026-08-10 00:53:35.026-05,M,47-3,Make Ready Ghosting,,legacy
214,2026-08-10 00:53:35.026-05,2026-08-10 01:20:41.589-05,M,80,Anilox: Change,,legacy
214,2026-08-10 01:20:41.589-05,2026-08-10 01:47:47.684-05,M,85,Make Ready - Color Match,,legacy
214,2026-08-10 01:47:47.684-05,2026-08-10 02:11:54.23-05,B,145-4,Plate Wash,,legacy
214,2026-08-10 02:11:54.23-05,2026-08-10 03:36:16.156-05,M,47,Make Ready - Time Required to Setup Job,,legacy
214,2026-08-10 03:36:16.156-05,2026-08-10 04:14:25.353-05,B,145-3,Drum Clean,,legacy
214,2026-08-10 04:14:25.353-05,2026-08-10 05:21:41.987-05,M,47-19,Make Ready Sleeve Low Spot,,legacy
214,2026-08-10 05:21:41.987-05,2026-08-10 06:30:00.622-05,M,47,Make Ready - Time Required to Setup Job,,legacy
214,2026-08-10 06:30:00.622-05,2026-08-10 06:39:03.584-05,G,150,Run Production,,legacy
214,2026-08-10 06:39:03.584-05,2026-08-10 07:03:09.234-05,B,145-4,Plate Wash,,legacy
214,2026-08-10 07:03:09.234-05,2026-08-10 07:12:11.52-05,M,47,Make Ready - Time Required to Setup Job,,legacy
214,2026-08-10 07:12:11.52-05,,G,150,Run Production,,legacy
215,2026-07-16 16:19:39.879-05,2026-07-16 18:27:02.35-05,M,47,Make Ready - Time Required to Setup Job,,legacy
215,2026-07-16 18:27:02.35-05,2026-07-16 18:34:03.81-05,B,64,Mech - Press Other,,legacy
215,2026-07-16 18:34:03.81-05,2026-07-16 18:35:04.043-05,G,150,Run Production,,legacy
215,2026-07-16 18:35:04.043-05,2026-07-16 19:21:14.138-05,M,47,Make Ready - Time Required to Setup Job,,legacy
215,2026-07-16 19:21:14.138-05,2026-07-16 19:40:18.195-05,B,126,Substrate - Web Break,,legacy
215,2026-07-16 19:40:18.195-05,2026-07-16 20:13:25.601-05,B,64,Mech - Press Other,,legacy
215,2026-07-16 20:13:25.601-05,2026-07-16 20:38:29.434-05,G,150,Run Production,,legacy
215,2026-07-16 20:38:29.434-05,2026-07-16 20:53:31.462-05,B,64,Mech - Press Other,,legacy
215,2026-07-16 20:53:31.462-05,2026-07-16 20:57:32.086-05,M,47,Make Ready - Time Required to Setup Job,,legacy
215,2026-07-16 20:57:32.086-05,2026-07-17 04:15:40.421-05,M,47-3,Make Ready Ghosting,,legacy
215,2026-07-17 04:15:40.421-05,2026-07-17 04:39:43.716-05,M,47-4,Make Ready Bouncing,,legacy
215,2026-07-17 04:39:43.716-05,2026-07-17 05:27:49.705-05,M,80,Anilox: Change,,legacy
215,2026-07-17 05:27:49.705-05,2026-07-17 07:01:07.343-05,G,150,Run Production,,legacy
215,2026-07-17 07:01:07.343-05,2026-07-17 09:58:38.698-05,B,95,Press Problem / Impression,,legacy
215,2026-07-17 09:58:38.698-05,2026-07-17 13:20:10.26-05,B,93,Plates: Defective Pre-Press,,legacy
215,2026-07-17 13:20:10.26-05,2026-07-17 14:37:26.927-05,G,150,Run Production,,legacy
215,2026-07-17 14:37:26.927-05,2026-07-17 14:38:27.024-05,B,450,Non Productive,,legacy
215,2026-07-17 14:38:27.024-05,2026-07-17 15:43:35.501-05,M,48,Make Ready Sleeves,,legacy
215,2026-07-17 15:43:35.501-05,2026-07-17 17:01:46.328-05,M,47,Make Ready - Time Required to Setup Job,,legacy
215,2026-07-17 17:01:46.328-05,2026-07-17 17:03:46.62-05,B,124,Substrate - Optics,,legacy
215,2026-07-17 17:03:46.62-05,2026-07-17 18:52:03.37-05,B,93,Plates: Defective Pre-Press,,legacy
215,2026-07-17 18:52:03.37-05,2026-07-17 18:54:03.784-05,B,450,Non Productive,,legacy
215,2026-07-17 18:54:03.784-05,2026-07-17 18:55:03.999-05,M,47,Make Ready - Time Required to Setup Job,,legacy
215,2026-07-17 18:55:03.999-05,2026-07-17 19:20:09.444-05,M,47-21,MR - Wait for Plates/Mounting,,legacy
215,2026-07-17 19:20:09.444-05,2026-07-17 19:24:10.25-05,M,48,Make Ready Sleeves,,legacy
215,2026-07-17 19:24:10.25-05,2026-07-17 20:52:28.592-05,M,47,Make Ready - Time Required to Setup Job,,legacy
215,2026-07-17 20:52:28.592-05,2026-07-17 21:07:30.389-05,M,80,Anilox: Change,,legacy
215,2026-07-17 21:07:30.389-05,2026-07-17 22:28:40.913-05,M,47,Make Ready - Time Required to Setup Job,,legacy
215,2026-07-17 22:28:40.913-05,2026-07-17 23:57:52.223-05,G,150,Run Production,,legacy
215,2026-07-17 23:57:52.223-05,2026-07-18 00:14:54.342-05,B,99,Plates: Wash,,legacy
215,2026-07-18 00:14:54.342-05,2026-07-18 04:33:42.909-05,G,150,Run Production,,legacy
215,2026-07-18 04:33:42.909-05,2026-07-18 04:52:45.346-05,B,354,Housekeeping,,legacy
215,2026-07-18 04:52:45.346-05,2026-07-18 05:01:46.444-05,B,99,Plates: Wash,,legacy
215,2026-07-18 05:01:46.444-05,2026-07-18 05:17:48.501-05,G,150,Run Production,,legacy
215,2026-07-18 05:17:48.501-05,2026-07-18 05:18:48.615-05,B,95,Press Problem / Impression,,legacy
215,2026-07-18 05:18:48.615-05,2026-07-18 07:22:10.356-05,G,150,Run Production,,legacy
215,2026-07-18 07:22:10.356-05,2026-07-19 10:07:30.946-05,B,450,Non Productive,,legacy
215,2026-07-19 10:07:30.946-05,2026-07-19 10:08:31.105-05,M,47,Make Ready - Time Required to Setup Job,,legacy
215,2026-07-19 10:08:31.105-05,2026-07-19 10:10:31.295-05,G,150,Run Production,,legacy
215,2026-07-19 10:10:31.295-05,2026-07-19 11:01:37.51-05,B,450,Non Productive,,legacy
215,2026-07-19 11:01:37.51-05,2026-07-19 12:55:52.103-05,M,47,Make Ready - Time Required to Setup Job,,legacy
215,2026-07-19 12:55:52.103-05,2026-07-19 15:39:22.974-05,M,47-3,Make Ready Ghosting,,legacy
215,2026-07-19 15:39:22.974-05,2026-07-19 15:49:25.052-05,B,450,Non Productive,,legacy
215,2026-07-19 15:49:25.052-05,2026-07-19 16:07:28.536-05,M,47,Make Ready - Time Required to Setup Job,,legacy
215,2026-07-19 16:07:28.536-05,2026-07-19 16:51:34.685-05,M,48,Make Ready Sleeves,,legacy
215,2026-07-19 16:51:34.685-05,2026-07-19 18:40:48.888-05,M,47,Make Ready - Time Required to Setup Job,,legacy
215,2026-07-19 18:40:48.888-05,2026-07-19 20:45:09.173-05,M,85,Make Ready - Color Match,,legacy
215,2026-07-19 20:45:09.173-05,2026-07-19 21:01:12.545-05,B,86,Ink: Contamination,,legacy
215,2026-07-19 21:01:12.545-05,2026-07-19 21:16:15.624-05,M,47,Make Ready - Time Required to Setup Job,,legacy
215,2026-07-19 21:16:15.624-05,2026-07-19 22:04:25.709-05,G,150,Run Production,,legacy
215,2026-07-19 22:04:25.709-05,2026-07-19 22:23:28.82-05,B,87,Ink: Off Color,,legacy
215,2026-07-19 22:23:28.82-05,2026-07-19 23:25:37.073-05,G,150,Run Production,,legacy
215,2026-07-19 23:25:37.073-05,2026-07-19 23:27:37.307-05,B,95,Press Problem / Impression,,legacy
215,2026-07-19 23:27:37.307-05,2026-07-20 00:13:42.783-05,G,150,Run Production,,legacy
215,2026-07-20 00:13:42.783-05,2026-07-20 00:38:45.758-05,M,80,Anilox: Change,,legacy
215,2026-07-20 00:38:45.758-05,2026-07-20 01:13:49.874-05,B,95,Press Problem / Impression,,legacy
215,2026-07-20 01:13:49.874-05,2026-07-20 01:14:49.996-05,B,102,Poor Print (Obsolete),,legacy
215,2026-07-20 01:14:49.996-05,2026-07-20 04:13:22.146-05,M,47-3,Make Ready Ghosting,,legacy
215,2026-07-20 04:13:22.146-05,2026-07-20 05:04:30.801-05,B,86,Ink: Contamination,,legacy
215,2026-07-20 05:04:30.801-05,2026-07-20 05:33:34.535-05,B,145-6,Ink Spill,,legacy
215,2026-07-20 05:33:34.535-05,2026-07-20 07:02:45.672-05,B,86,Ink: Contamination,,legacy
215,2026-07-20 07:02:45.672-05,2026-07-20 07:40:50.41-05,G,150,Run Production,,legacy
215,2026-07-20 07:40:50.41-05,2026-07-20 07:58:52.734-05,B,450,Non Productive,,legacy
215,2026-07-20 07:58:52.734-05,2026-07-20 08:08:53.91-05,M,47,Make Ready - Time Required to Setup Job,,legacy
215,2026-07-20 08:08:53.91-05,2026-07-20 08:29:56.419-05,M,48,Make Ready Sleeves,,legacy
215,2026-07-20 08:29:56.419-05,2026-07-20 08:30:56.464-05,M,47-20,Make Ready Out of Register,,legacy
215,2026-07-20 08:30:56.464-05,2026-07-20 09:27:08.17-05,M,47-18,MR Out of Stock of Sleeves,,legacy
215,2026-07-20 09:27:08.17-05,2026-07-20 10:17:18.872-05,M,48,Make Ready Sleeves,,legacy
215,2026-07-20 10:17:18.872-05,2026-07-20 11:02:28.099-05,M,47,Make Ready - Time Required to Setup Job,,legacy
215,2026-07-20 11:02:28.099-05,2026-07-20 11:16:30.071-05,M,85,Make Ready - Color Match,,legacy
215,2026-07-20 11:16:30.071-05,2026-07-20 11:22:30.783-05,M,47,Make Ready - Time Required to Setup Job,,legacy
215,2026-07-20 11:22:30.783-05,2026-07-20 11:52:34.555-05,G,150,Run Production,,legacy
215,2026-07-20 11:52:34.555-05,2026-07-20 11:55:34.939-05,B,145-4,Plate Wash,,legacy
215,2026-07-20 11:55:34.939-05,2026-07-20 13:17:45.364-05,G,150,Run Production,,legacy
215,2026-07-20 13:17:45.364-05,2026-07-20 13:48:49.427-05,B,450,Non Productive,,legacy
215,2026-07-20 13:48:49.427-05,2026-07-20 14:20:53.399-05,M,47,Make Ready - Time Required to Setup Job,,legacy
215,2026-07-20 14:20:53.399-05,2026-07-20 14:57:58.318-05,M,48,Make Ready Sleeves,,legacy
215,2026-07-20 14:57:58.318-05,2026-07-20 15:09:01.351-05,B,145-8,Dr. Blade Change,,legacy
215,2026-07-20 15:09:01.351-05,2026-07-20 15:50:09.731-05,M,47,Make Ready - Time Required to Setup Job,,legacy
215,2026-07-20 15:50:09.731-05,2026-07-20 16:20:16.701-05,M,47-16,MR Score Line (Anilox),,legacy
215,2026-07-20 16:20:16.701-05,2026-07-20 16:26:18.105-05,M,47,Make Ready - Time Required to Setup Job,,legacy
215,2026-07-20 16:26:18.105-05,2026-07-20 16:40:21.11-05,M,85,Make Ready - Color Match,,legacy
215,2026-07-20 16:40:21.11-05,2026-07-20 16:45:22.178-05,M,47,Make Ready - Time Required to Setup Job,,legacy
215,2026-07-20 16:45:22.178-05,2026-07-20 17:20:28.86-05,G,150,Run Production,,legacy
215,2026-07-20 17:20:28.86-05,2026-07-20 17:21:28.964-05,M,47-3,Make Ready Ghosting,,legacy
215,2026-07-20 17:21:28.964-05,2026-07-20 17:35:30.665-05,B,354,Housekeeping,,legacy
215,2026-07-20 17:35:30.665-05,2026-07-20 18:59:41.472-05,M,47-3,Make Ready Ghosting,,legacy
215,2026-07-20 18:59:41.472-05,2026-07-20 20:10:50.524-05,B,450,Non Productive,,legacy
215,2026-07-20 20:10:50.524-05,2026-07-20 20:24:52.32-05,B,64,Mech - Press Other,,legacy
215,2026-07-20 20:24:52.32-05,2026-07-20 21:54:08.853-05,B,145-7,Film Web Break,,legacy
215,2026-07-20 21:54:08.853-05,2026-07-20 22:39:18.825-05,M,47,Make Ready - Time Required to Setup Job,,legacy
215,2026-07-20 22:39:18.825-05,2026-07-20 23:51:31.915-05,M,80,Anilox: Change,,legacy
215,2026-07-20 23:51:31.915-05,2026-07-21 01:32:44.637-05,M,47-3,Make Ready Ghosting,,legacy
215,2026-07-21 01:32:44.637-05,2026-07-21 03:29:00.8-05,M,47-23,MR Plate Damage in Pre Press,,legacy
215,2026-07-21 03:29:00.8-05,2026-07-21 06:02:31.766-05,M,47-3,Make Ready Ghosting,,legacy
215,2026-07-21 06:02:31.766-05,2026-07-21 06:11:33.351-05,M,47,Make Ready - Time Required to Setup Job,,legacy
215,2026-07-21 06:11:33.351-05,2026-07-21 07:55:47.854-05,G,150,Run Production,,legacy
215,2026-07-21 07:55:47.854-05,2026-07-21 08:03:48.962-05,B,450,Non Productive,,legacy
215,2026-07-21 08:03:48.962-05,2026-07-21 08:23:51.924-05,M,48,Make Ready Sleeves,,legacy
215,2026-07-21 08:23:51.924-05,2026-07-21 09:22:15.276-05,M,47,Make Ready - Time Required to Setup Job,,legacy
215,2026-07-21 09:22:15.276-05,2026-07-21 09:56:23.522-05,M,47-20,Make Ready Out of Register,,legacy
215,2026-07-21 09:56:23.522-05,2026-07-21 11:30:38.295-05,M,47-3,Make Ready Ghosting,,legacy
215,2026-07-21 11:30:38.295-05,2026-07-21 11:47:40.611-05,M,47,Make Ready - Time Required to Setup Job,,legacy
215,2026-07-21 11:47:40.611-05,2026-07-21 12:38:47.837-05,M,47-7,Make Ready Ink Contamination,,legacy
215,2026-07-21 12:38:47.837-05,2026-07-21 12:46:48.768-05,M,85,Make Ready - Color Match,,legacy
215,2026-07-21 12:46:48.768-05,2026-07-21 12:56:50.59-05,M,47,Make Ready - Time Required to Setup Job,,legacy
215,2026-07-21 12:56:50.59-05,2026-07-21 15:14:16.145-05,M,85,Make Ready - Color Match,,legacy
215,2026-07-21 15:14:16.145-05,2026-07-21 15:27:19.044-05,G,150,Run Production,,legacy
215,2026-07-21 15:27:19.044-05,2026-07-21 15:57:25.31-05,B,350,Roll Change,,legacy
215,2026-07-21 15:57:25.31-05,2026-07-21 16:18:29.251-05,M,47,Make Ready - Time Required to Setup Job,,legacy
215,2026-07-21 16:18:29.251-05,2026-07-21 16:46:32.974-05,G,150,Run Production,,legacy
215,2026-07-21 16:46:32.974-05,2026-07-21 16:55:34.107-05,B,354,Housekeeping,,legacy
215,2026-07-21 16:55:34.107-05,2026-07-21 17:43:40.952-05,G,150,Run Production,,legacy
215,2026-07-21 17:43:40.952-05,2026-07-21 17:49:41.664-05,M,47,Make Ready - Time Required to Setup Job,,legacy
215,2026-07-21 17:49:41.664-05,2026-07-21 18:08:43.92-05,G,150,Run Production,,legacy
215,2026-07-21 18:08:43.92-05,2026-07-21 18:09:44.071-05,B,145-4,Plate Wash,,legacy
215,2026-07-21 18:09:44.071-05,2026-07-21 19:01:51.641-05,G,150,Run Production,,legacy
215,2026-07-21 19:01:51.641-05,2026-07-21 19:14:53.28-05,B,145-4,Plate Wash,,legacy
215,2026-07-21 19:14:53.28-05,2026-07-21 20:12:02.055-05,G,150,Run Production,,legacy
215,2026-07-21 20:12:02.055-05,2026-07-21 20:13:02.238-05,B,450,Non Productive,,legacy
215,2026-07-21 20:13:02.238-05,2026-07-21 20:44:09.082-05,M,48,Make Ready Sleeves,,legacy
215,2026-07-21 20:44:09.082-05,2026-07-21 22:46:33.22-05,M,47,Make Ready - Time Required to Setup Job,,legacy
215,2026-07-21 22:46:33.22-05,2026-07-22 00:46:49.724-05,M,47-6,Make Ready Wrong Sequence,,legacy
215,2026-07-22 00:46:49.724-05,2026-07-22 00:54:50.872-05,M,85,Make Ready - Color Match,,legacy
215,2026-07-22 00:54:50.872-05,2026-07-22 01:14:53.486-05,M,47-6,Make Ready Wrong Sequence,,legacy
215,2026-07-22 01:14:53.486-05,2026-07-22 02:51:13.178-05,M,47-24,MR Sticky Back Change,,legacy
215,2026-07-22 02:51:13.178-05,2026-07-22 02:52:13.408-05,M,47,Make Ready - Time Required to Setup Job,,legacy
215,2026-07-22 02:52:13.408-05,2026-07-22 03:23:20.223-05,M,47-23,MR Plate Damage in Pre Press,,legacy
215,2026-07-22 03:23:20.223-05,2026-07-22 07:51:06.519-05,M,47-22,MR Plate Damage in Press,,legacy
215,2026-07-22 07:51:06.519-05,2026-07-22 08:12:11.816-05,M,47,Make Ready - Time Required to Setup Job,,legacy
215,2026-07-22 08:12:11.816-05,2026-07-22 08:56:23.329-05,G,150,Run Production,,legacy
215,2026-07-22 08:56:23.329-05,2026-07-22 09:28:30.321-05,M,80,Anilox: Change,,legacy
215,2026-07-22 09:28:30.321-05,2026-07-22 09:46:33.223-05,B,145-6,Ink Spill,,legacy
215,2026-07-22 09:46:33.223-05,2026-07-22 10:14:38.419-05,B,145-99,Other,,legacy
215,2026-07-22 10:14:38.419-05,2026-07-22 10:54:44.945-05,G,150,Run Production,,legacy
215,2026-07-22 10:54:44.945-05,2026-07-22 11:14:48.875-05,M,80,Anilox: Change,,legacy
215,2026-07-22 11:14:48.875-05,2026-07-22 12:35:05.437-05,G,150,Run Production,,legacy
215,2026-07-22 12:35:05.437-05,2026-07-22 13:25:17.91-05,B,41-1,Maintenance - Mechanical,,legacy
215,2026-07-22 13:25:17.91-05,2026-07-22 14:22:30.615-05,B,450,Non Productive,,legacy
215,2026-07-22 14:22:30.615-05,2026-07-22 15:52:44.161-05,G,150,Run Production,,legacy
215,2026-07-22 15:52:44.161-05,2026-07-22 17:15:56.864-05,B,41-1,Maintenance - Mechanical,,legacy
215,2026-07-22 17:15:56.864-05,2026-07-22 17:16:57.004-05,B,41-2,Maintenance - Electrical,,legacy
215,2026-07-22 17:16:57.004-05,2026-07-22 18:04:07.572-05,B,41-1,Maintenance - Mechanical,,legacy
215,2026-07-22 18:04:07.572-05,2026-07-22 18:26:12.848-05,B,145-4,Plate Wash,,legacy
215,2026-07-22 18:26:12.848-05,2026-07-22 18:42:16.543-05,G,150,Run Production,,legacy
215,2026-07-22 18:42:16.543-05,2026-07-22 18:46:17.549-05,B,29,Electrical: Press Other,,legacy
215,2026-07-22 18:46:17.549-05,2026-07-22 19:17:24.298-05,G,150,Run Production,,legacy
215,2026-07-22 19:17:24.298-05,2026-07-22 19:21:25.255-05,B,145-4,Plate Wash,,legacy
215,2026-07-22 19:21:25.255-05,2026-07-22 20:12:35.05-05,G,150,Run Production,,legacy
215,2026-07-22 20:12:35.05-05,2026-07-22 20:27:37.069-05,B,450,Non Productive,,legacy
215,2026-07-22 20:27:37.069-05,2026-07-22 20:37:38.631-05,M,48,Make Ready Sleeves,,legacy
215,2026-07-22 20:37:38.631-05,2026-07-22 22:02:50.852-05,M,47,Make Ready - Time Required to Setup Job,,legacy
215,2026-07-22 22:02:50.852-05,2026-07-22 22:52:57.592-05,B,145-8,Dr. Blade Change,,legacy
215,2026-07-22 22:52:57.592-05,2026-07-23 01:01:27.537-05,M,47,Make Ready - Time Required to Setup Job,,legacy
215,2026-07-23 01:01:27.537-05,2026-07-23 01:56:35.313-05,M,80,Anilox: Change,,legacy
215,2026-07-23 01:56:35.313-05,2026-07-24 14:32:32.917-05,M,47,Make Ready - Time Required to Setup Job,,legacy
215,2026-07-24 14:32:32.917-05,2026-07-24 15:36:47.502-05,M,48,Make Ready Sleeves,,legacy
215,2026-07-24 15:36:47.502-05,2026-07-24 18:27:24.576-05,M,47,Make Ready - Time Required to Setup Job,,legacy
215,2026-07-24 18:27:24.576-05,2026-07-24 19:14:35.91-05,B,145-4,Plate Wash,,legacy
215,2026-07-24 19:14:35.91-05,2026-07-24 19:15:36.133-05,M,47,Make Ready - Time Required to Setup Job,,legacy
215,2026-07-24 19:15:36.133-05,2026-07-24 20:06:47.187-05,M,80,Anilox: Change,,legacy
215,2026-07-24 20:06:47.187-05,2026-07-24 20:56:59.417-05,M,47,Make Ready - Time Required to Setup Job,,legacy
215,2026-07-24 20:56:59.417-05,2026-07-24 22:16:18.35-05,G,150,Run Production,,legacy
215,2026-07-24 22:16:18.35-05,2026-07-24 22:40:23.645-05,B,29,Electrical: Press Other,,legacy
215,2026-07-24 22:40:23.645-05,2026-07-24 23:10:30.298-05,B,145-99,Other,,legacy
215,2026-07-24 23:10:30.298-05,2026-07-24 23:32:35.164-05,B,301,Cambio de Rollo,,legacy
215,2026-07-24 23:32:35.164-05,2026-07-24 23:33:35.367-05,B,124,Substrate - Optics,,legacy
215,2026-07-24 23:33:35.367-05,2026-07-24 23:36:36.289-05,M,47-12,Make Ready Wait for Film,,legacy
215,2026-07-24 23:36:36.289-05,2026-07-24 23:58:41.597-05,B,301,Cambio de Rollo,,legacy
215,2026-07-24 23:58:41.597-05,2026-07-25 01:06:56.134-05,B,145-4,Plate Wash,,legacy
215,2026-07-25 01:06:56.134-05,2026-07-25 02:17:11.503-05,G,150,Run Production,,legacy
215,2026-07-25 02:17:11.503-05,2026-07-25 02:26:13.453-05,M,47-12,Make Ready Wait for Film,,legacy
215,2026-07-25 02:26:13.453-05,2026-07-25 02:27:13.694-05,B,124,Substrate - Optics,,legacy
215,2026-07-25 02:27:13.694-05,2026-07-25 02:28:13.91-05,M,47,Make Ready - Time Required to Setup Job,,legacy
215,2026-07-25 02:28:13.91-05,2026-07-25 03:32:28.263-05,B,145-99,Other,,legacy
215,2026-07-25 03:32:28.263-05,2026-07-25 03:41:30.342-05,G,150,Run Production,,legacy
215,2026-07-25 03:41:30.342-05,2026-07-25 03:45:31.316-05,B,145-4,Plate Wash,,legacy
215,2026-07-25 03:45:31.316-05,2026-07-25 03:56:33.804-05,M,80,Anilox: Change,,legacy
215,2026-07-25 03:56:33.804-05,2026-07-25 04:40:43.45-05,G,150,Run Production,,legacy
215,2026-07-25 04:40:43.45-05,2026-07-25 05:39:56.931-05,B,145-4,Plate Wash,,legacy
215,2026-07-25 05:39:56.931-05,2026-07-25 05:40:57.151-05,B,145-2,Poor Print,,legacy
215,2026-07-25 05:40:57.151-05,2026-07-25 06:04:02.891-05,B,145-3,Drum Clean,,legacy
215,2026-07-25 06:04:02.891-05,2026-07-25 07:01:15.847-05,G,150,Run Production,,legacy
215,2026-07-25 07:01:15.847-05,2026-07-25 07:13:18.433-05,B,450,Non Productive,,legacy
215,2026-07-25 07:13:18.433-05,2026-07-25 07:33:23.14-05,M,48,Make Ready Sleeves,,legacy
215,2026-07-25 07:33:23.14-05,2026-07-25 08:13:33.341-05,M,47,Make Ready - Time Required to Setup Job,,legacy
215,2026-07-25 08:13:33.341-05,2026-07-25 08:24:36.105-05,B,145-3,Drum Clean,,legacy
215,2026-07-25 08:24:36.105-05,2026-07-25 08:35:38.43-05,M,47,Make Ready - Time Required to Setup Job,,legacy
215,2026-07-25 08:35:38.43-05,2026-07-25 08:51:41.958-05,M,47-16,MR Score Line (Anilox),,legacy
215,2026-07-25 08:51:41.958-05,2026-07-25 09:18:47.911-05,M,47,Make Ready - Time Required to Setup Job,,legacy
215,2026-07-25 09:18:47.911-05,2026-07-25 09:43:53.593-05,M,80,Anilox: Change,,legacy
215,2026-07-25 09:43:53.593-05,2026-07-25 09:46:54.475-05,M,47,Make Ready - Time Required to Setup Job,,legacy
215,2026-07-25 09:46:54.475-05,2026-07-25 10:13:00.208-05,G,150,Run Production,,legacy
215,2026-07-25 10:13:00.208-05,2026-07-25 10:22:02.13-05,B,112,Substrate - Baggy Film,,legacy
215,2026-07-25 10:22:02.13-05,2026-07-25 10:39:05.604-05,G,150,Run Production,,legacy
215,2026-07-25 10:39:05.604-05,2026-07-25 10:56:09.532-05,B,112,Substrate - Baggy Film,,legacy
215,2026-07-25 10:56:09.532-05,2026-07-25 11:17:14.159-05,G,150,Run Production,,legacy
215,2026-07-25 11:17:14.159-05,2026-07-25 11:35:17.925-05,B,99,Plates: Wash,,legacy
215,2026-07-25 11:35:17.925-05,2026-07-25 12:22:28.696-05,G,150,Run Production,,legacy
215,2026-07-25 12:22:28.696-05,2026-07-25 12:33:31.38-05,B,450,Non Productive,,legacy
215,2026-07-25 12:33:31.38-05,2026-07-25 13:59:50.519-05,M,48,Make Ready Sleeves,,legacy
215,2026-07-25 13:59:50.519-05,2026-07-25 14:00:50.728-05,M,47,Make Ready - Time Required to Setup Job,,legacy
215,2026-07-25 14:00:50.728-05,2026-07-25 14:16:54.261-05,B,145-8,Dr. Blade Change,,legacy
215,2026-07-25 14:16:54.261-05,2026-07-25 15:26:10.199-05,M,47,Make Ready - Time Required to Setup Job,,legacy
215,2026-07-25 15:26:10.199-05,2026-07-25 15:29:10.872-05,B,99,Plates: Wash,,legacy
215,2026-07-25 15:29:10.872-05,2026-07-25 15:35:12.137-05,G,150,Run Production,,legacy
215,2026-07-25 15:35:12.137-05,2026-07-25 15:41:13.903-05,B,112,Substrate - Baggy Film,,legacy
215,2026-07-25 15:41:13.903-05,2026-07-25 15:56:17.141-05,G,150,Run Production,,legacy
215,2026-07-25 15:56:17.141-05,2026-07-25 15:57:17.428-05,M,47,Make Ready - Time Required to Setup Job,,legacy
215,2026-07-25 15:57:17.428-05,2026-07-25 16:26:23.722-05,G,150,Run Production,,legacy
215,2026-07-25 16:26:23.722-05,2026-07-25 16:42:27.652-05,B,354,Housekeeping,,legacy
215,2026-07-25 16:42:27.652-05,2026-07-25 17:32:41.848-05,G,150,Run Production,,legacy
215,2026-07-25 17:32:41.848-05,2026-07-25 17:57:47.452-05,B,112,Substrate - Baggy Film,,legacy
215,2026-07-25 17:57:47.452-05,2026-07-25 18:35:56.136-05,M,47-19,Make Ready Sleeve Low Spot,,legacy
215,2026-07-25 18:35:56.136-05,2026-07-25 18:42:57.897-05,G,150,Run Production,,legacy
215,2026-07-25 18:42:57.897-05,2026-07-25 19:09:03.924-05,B,145-4,Plate Wash,,legacy
215,2026-07-25 19:09:03.924-05,2026-07-25 21:11:31.881-05,G,150,Run Production,,legacy
215,2026-07-25 21:11:31.881-05,2026-07-25 21:35:37.055-05,B,145-3,Drum Clean,,legacy
215,2026-07-25 21:35:37.055-05,2026-07-25 21:47:39.663-05,B,99,Plates: Wash,,legacy
215,2026-07-25 21:47:39.663-05,2026-07-26 01:41:32.619-05,G,150,Run Production,,legacy
215,2026-07-26 01:41:32.619-05,2026-07-26 01:49:34.356-05,B,145-4,Plate Wash,,legacy
215,2026-07-26 01:49:34.356-05,2026-07-26 03:44:59.768-05,G,150,Run Production,,legacy
215,2026-07-26 03:44:59.768-05,2026-07-26 04:03:04.142-05,M,48,Make Ready Sleeves,,legacy
215,2026-07-26 04:03:04.142-05,2026-07-26 04:57:16.399-05,M,47,Make Ready - Time Required to Setup Job,,legacy
215,2026-07-26 04:57:16.399-05,2026-07-26 05:52:29.127-05,M,47-19,Make Ready Sleeve Low Spot,,legacy
215,2026-07-26 05:52:29.127-05,2026-07-26 05:57:30.205-05,M,47,Make Ready - Time Required to Setup Job,,legacy
215,2026-07-26 05:57:30.205-05,2026-07-26 06:42:40.564-05,B,99,Plates: Wash,,legacy
215,2026-07-26 06:42:40.564-05,2026-07-26 06:50:42.436-05,M,47,Make Ready - Time Required to Setup Job,,legacy
215,2026-07-26 06:50:42.436-05,2026-07-26 08:29:04.093-05,G,150,Run Production,,legacy
215,2026-07-26 08:29:04.093-05,2026-07-26 08:53:09.401-05,B,112,Substrate - Baggy Film,,legacy
215,2026-07-26 08:53:09.401-05,2026-07-26 10:20:27.807-05,G,150,Run Production,,legacy
215,2026-07-26 10:20:27.807-05,2026-07-26 10:29:29.985-05,B,99,Plates: Wash,,legacy
215,2026-07-26 10:29:29.985-05,2026-07-26 11:31:43.995-05,G,150,Run Production,,legacy
215,2026-07-26 11:31:43.995-05,2026-07-26 12:19:55.305-05,M,48,Make Ready Sleeves,,legacy
215,2026-07-26 12:19:55.305-05,2026-07-26 13:06:05.68-05,M,47-21,MR - Wait for Plates/Mounting,,legacy
215,2026-07-26 13:06:05.68-05,2026-07-26 13:07:05.908-05,B,450,Non Productive,,legacy
215,2026-07-26 13:07:05.908-05,2026-07-26 13:14:07.627-05,M,47,Make Ready - Time Required to Setup Job,,legacy
215,2026-07-26 13:14:07.627-05,2026-07-26 13:25:10.223-05,M,48,Make Ready Sleeves,,legacy
215,2026-07-26 13:25:10.223-05,2026-07-26 14:11:19.888-05,M,47,Make Ready - Time Required to Setup Job,,legacy
215,2026-07-26 14:11:19.888-05,2026-07-26 14:39:26.393-05,M,47-20,Make Ready Out of Register,,legacy
215,2026-07-26 14:39:26.393-05,2026-07-26 16:11:47.155-05,G,150,Run Production,,legacy
215,2026-07-26 16:11:47.155-05,2026-07-26 16:18:48.709-05,B,145-2,Poor Print,,legacy
215,2026-07-26 16:18:48.709-05,2026-07-26 16:36:52.57-05,B,354,Housekeeping,,legacy
215,2026-07-26 16:36:52.57-05,2026-07-26 16:50:56.223-05,B,450,Non Productive,,legacy
215,2026-07-26 16:50:56.223-05,2026-07-26 17:10:00.708-05,M,48,Make Ready Sleeves,,legacy
215,2026-07-26 17:10:00.708-05,2026-07-26 18:20:16.235-05,M,47,Make Ready - Time Required to Setup Job,,legacy
215,2026-07-26 18:20:16.235-05,2026-07-26 20:39:49.219-05,M,47-20,Make Ready Out of Register,,legacy
215,2026-07-26 20:39:49.219-05,2026-07-26 23:12:23.017-05,B,145-7,Film Web Break,,legacy
215,2026-07-26 23:12:23.017-05,2026-07-27 00:00:34.312-05,M,47,Make Ready - Time Required to Setup Job,,legacy
215,2026-07-27 00:00:34.312-05,2026-07-27 00:59:47.701-05,M,47-20,Make Ready Out of Register,,legacy
215,2026-07-27 00:59:47.701-05,2026-07-27 02:02:01.604-05,M,47,Make Ready - Time Required to Setup Job,,legacy
215,2026-07-27 02:02:01.604-05,2026-07-27 02:33:08.595-05,G,150,Run Production,,legacy
215,2026-07-27 02:33:08.595-05,2026-07-27 02:45:11.122-05,B,450,Non Productive,,legacy
215,2026-07-27 02:45:11.122-05,2026-07-27 02:46:11.316-05,M,47,Make Ready - Time Required to Setup Job,,legacy
215,2026-07-27 02:46:11.316-05,2026-07-27 03:51:26.518-05,M,48,Make Ready Sleeves,,legacy
215,2026-07-27 03:51:26.518-05,2026-07-27 05:08:45.123-05,M,47-20,Make Ready Out of Register,,legacy
215,2026-07-27 05:08:45.123-05,2026-07-27 05:14:46.498-05,B,354,Housekeeping,,legacy
215,2026-07-27 05:14:46.498-05,2026-07-27 06:53:08.35-05,M,47-20,Make Ready Out of Register,,legacy
215,2026-07-27 06:53:08.35-05,2026-07-27 07:17:13.656-05,B,145-8,Dr. Blade Change,,legacy
215,2026-07-27 07:17:13.656-05,2026-07-27 07:21:14.671-05,M,47,Make Ready - Time Required to Setup Job,,legacy
215,2026-07-27 07:21:14.671-05,2026-07-27 11:32:11.815-05,M,47-20,Make Ready Out of Register,,legacy
215,2026-07-27 11:32:11.815-05,2026-07-27 11:34:12.22-05,B,450,Non Productive,,legacy
215,2026-07-27 11:34:12.22-05,2026-07-27 11:45:14.6-05,M,48,Make Ready Sleeves,,legacy
215,2026-07-27 11:45:14.6-05,2026-07-27 12:41:27.422-05,M,47-21,MR - Wait for Plates/Mounting,,legacy
215,2026-07-27 12:41:27.422-05,2026-07-27 13:11:34.557-05,M,48,Make Ready Sleeves,,legacy
215,2026-07-27 13:11:34.557-05,2026-07-27 14:18:49.672-05,M,47,Make Ready - Time Required to Setup Job,,legacy
215,2026-07-27 14:18:49.672-05,2026-07-27 15:08:00.977-05,G,150,Run Production,,legacy
215,2026-07-27 15:08:00.977-05,2026-07-27 15:23:04.691-05,B,41-2,Maintenance - Electrical,,legacy
215,2026-07-27 15:23:04.691-05,2026-07-27 16:12:16.082-05,G,150,Run Production,,legacy
215,2026-07-27 16:12:16.082-05,2026-07-27 17:08:28.791-05,M,48,Make Ready Sleeves,,legacy
215,2026-07-27 17:08:28.791-05,2026-07-27 19:19:57.692-05,M,47,Make Ready - Time Required to Setup Job,,legacy
215,2026-07-27 19:19:57.692-05,2026-07-27 19:44:03.347-05,G,150,Run Production,,legacy
215,2026-07-27 19:44:03.347-05,2026-07-27 19:50:04.694-05,B,450,Non Productive,,legacy
215,2026-07-27 19:50:04.694-05,2026-07-27 21:28:27.372-05,M,48,Make Ready Sleeves,,legacy
215,2026-07-27 21:28:27.372-05,2026-07-27 22:28:41.213-05,M,47,Make Ready - Time Required to Setup Job,,legacy
215,2026-07-27 22:28:41.213-05,2026-07-27 23:21:53.6-05,M,47-3,Make Ready Ghosting,,legacy
215,2026-07-27 23:21:53.6-05,2026-07-28 00:33:09.247-05,G,150,Run Production,,legacy
215,2026-07-28 00:33:09.247-05,2026-07-28 00:34:09.447-05,B,29,Electrical: Press Other,,legacy
215,2026-07-28 00:34:09.447-05,2026-07-28 00:49:12.434-05,B,41-5,Maintenance - CI Section,,legacy
215,2026-07-28 00:49:12.434-05,2026-07-28 01:03:15.453-05,G,150,Run Production,,legacy
215,2026-07-28 01:03:15.453-05,2026-07-28 01:04:15.674-05,B,139,Rewind Material,,legacy
215,2026-07-28 01:04:15.674-05,2026-07-28 01:05:15.892-05,M,47,Make Ready - Time Required to Setup Job,,legacy
215,2026-07-28 01:05:15.892-05,2026-07-28 01:47:25.326-05,M,47-6,Make Ready Wrong Sequence,,legacy
215,2026-07-28 01:47:25.326-05,2026-07-28 04:02:55.766-05,G,150,Run Production,,legacy
215,2026-07-28 04:02:55.766-05,2026-07-28 04:29:01.7-05,B,99,Plates: Wash,,legacy
215,2026-07-28 04:29:01.7-05,2026-07-28 07:33:44.055-05,G,150,Run Production,,legacy
215,2026-07-28 07:33:44.055-05,2026-07-28 07:51:47.968-05,M,48,Make Ready Sleeves,,legacy
215,2026-07-28 07:51:47.968-05,2026-07-28 08:02:50.528-05,B,145-8,Dr. Blade Change,,legacy
215,2026-07-28 08:02:50.528-05,2026-07-28 09:02:03.398-05,M,47,Make Ready - Time Required to Setup Job,,legacy
215,2026-07-28 09:02:03.398-05,2026-07-28 10:26:21.53-05,G,150,Run Production,,legacy
215,2026-07-28 10:26:21.53-05,2026-07-28 11:23:34.758-05,B,41-2,Maintenance - Electrical,,legacy
215,2026-07-28 11:23:34.758-05,2026-07-28 11:28:36.041-05,M,47,Make Ready - Time Required to Setup Job,,legacy
215,2026-07-28 11:28:36.041-05,2026-07-28 11:36:37.829-05,G,150,Run Production,,legacy
215,2026-07-28 11:36:37.829-05,2026-07-28 11:46:40.104-05,B,99,Plates: Wash,,legacy
215,2026-07-28 11:46:40.104-05,2026-07-28 13:16:00.079-05,G,150,Run Production,,legacy
215,2026-07-28 13:16:00.079-05,2026-07-28 13:39:05.245-05,B,99,Plates: Wash,,legacy
215,2026-07-28 13:39:05.245-05,2026-07-28 14:08:11.724-05,G,150,Run Production,,legacy
215,2026-07-28 14:08:11.724-05,2026-07-28 14:50:20.78-05,M,48,Make Ready Sleeves,,legacy
215,2026-07-28 14:50:20.78-05,2026-07-28 18:25:10.421-05,M,47,Make Ready - Time Required to Setup Job,,legacy
215,2026-07-28 18:25:10.421-05,2026-07-28 18:36:12.82-05,B,145-4,Plate Wash,,legacy
215,2026-07-28 18:36:12.82-05,2026-07-28 19:37:26.264-05,M,47,Make Ready - Time Required to Setup Job,,legacy
215,2026-07-28 19:37:26.264-05,2026-07-28 20:01:32.016-05,G,150,Run Production,,legacy
215,2026-07-28 20:01:32.016-05,2026-07-28 20:41:41.392-05,B,112,Substrate - Baggy Film,,legacy
215,2026-07-28 20:41:41.392-05,2026-07-28 21:28:51.782-05,B,145-99,Other,,legacy
215,2026-07-28 21:28:51.782-05,2026-07-29 01:13:43.558-05,G,150,Run Production,,legacy
215,2026-07-29 01:13:43.558-05,2026-07-29 01:35:48.336-05,B,112,Substrate - Baggy Film,,legacy
215,2026-07-29 01:35:48.336-05,2026-07-29 02:22:58.949-05,B,64,Mech - Press Other,,legacy
215,2026-07-29 02:22:58.949-05,2026-07-29 03:08:08.823-05,M,47,Make Ready - Time Required to Setup Job,,legacy
215,2026-07-29 03:08:08.823-05,2026-07-29 06:29:56.533-05,G,150,Run Production,,legacy
215,2026-07-29 06:29:56.533-05,2026-07-29 06:34:57.638-05,B,145-4,Plate Wash,,legacy
215,2026-07-29 06:34:57.638-05,2026-07-29 07:22:08.636-05,G,150,Run Production,,legacy
215,2026-07-29 07:22:08.636-05,2026-07-29 07:59:17.251-05,B,145-7,Film Web Break,,legacy
215,2026-07-29 07:59:17.251-05,2026-07-29 09:59:45.135-05,G,150,Run Production,,legacy
215,2026-07-29 09:59:45.135-05,2026-07-29 10:13:48.19-05,B,99,Plates: Wash,,legacy
215,2026-07-29 10:13:48.19-05,2026-07-29 10:31:52.074-05,G,150,Run Production,,legacy
215,2026-07-29 10:31:52.074-05,2026-07-29 11:11:01.216-05,B,145-99,Other,,legacy
215,2026-07-29 11:11:01.216-05,2026-07-29 11:35:06.953-05,G,150,Run Production,,legacy
215,2026-07-29 11:35:06.953-05,2026-07-29 11:47:09.714-05,B,99,Plates: Wash,,legacy
215,2026-07-29 11:47:09.714-05,2026-07-29 13:10:29.28-05,G,150,Run Production,,legacy
215,2026-07-29 13:10:29.28-05,2026-07-29 13:20:31.629-05,B,139,Rewind Material,,legacy
215,2026-07-29 13:20:31.629-05,2026-07-29 13:51:38.517-05,B,41-1,Maintenance - Mechanical,,legacy
215,2026-07-29 13:51:38.517-05,2026-07-29 18:55:51.605-05,G,150,Run Production,,legacy
215,2026-07-29 18:55:51.605-05,2026-07-29 19:25:58.646-05,B,139,Rewind Material,,legacy
215,2026-07-29 19:25:58.646-05,2026-07-29 20:32:13.889-05,G,150,Run Production,,legacy
215,2026-07-29 20:32:13.889-05,2026-07-29 20:42:16.354-05,B,145-4,Plate Wash,,legacy
215,2026-07-29 20:42:16.354-05,2026-07-29 21:22:25.771-05,G,150,Run Production,,legacy
215,2026-07-29 21:22:25.771-05,2026-07-29 21:30:27.805-05,B,450,Non Productive,,legacy
215,2026-07-29 21:30:27.805-05,2026-07-29 22:46:44.899-05,M,48,Make Ready Sleeves,,legacy
215,2026-07-29 22:46:44.899-05,2026-07-29 23:20:52.224-05,M,47-5,Make Ready Chamber Malfunction,,legacy
215,2026-07-29 23:20:52.224-05,2026-07-30 00:47:12.264-05,M,47,Make Ready - Time Required to Setup Job,,legacy
215,2026-07-30 00:47:12.264-05,2026-07-30 01:19:19.743-05,M,47-99,Make Ready Other,,legacy
215,2026-07-30 01:19:19.743-05,2026-07-30 01:45:25.599-05,M,47,Make Ready - Time Required to Setup Job,,legacy
215,2026-07-30 01:45:25.599-05,2026-07-30 02:31:35.813-05,M,80,Anilox: Change,,legacy
215,2026-07-30 02:31:35.813-05,2026-07-30 02:36:37.076-05,M,47,Make Ready - Time Required to Setup Job,,legacy
215,2026-07-30 02:36:37.076-05,2026-07-30 03:02:43.181-05,B,145-8,Dr. Blade Change,,legacy
215,2026-07-30 03:02:43.181-05,2026-07-30 04:53:12.382-05,M,47-4,Make Ready Bouncing,,legacy
215,2026-07-30 04:53:12.382-05,2026-07-30 05:02:14.279-05,B,354,Housekeeping,,legacy
215,2026-07-30 05:02:14.279-05,2026-07-30 05:11:16.35-05,M,47-4,Make Ready Bouncing,,legacy
215,2026-07-30 05:11:16.35-05,2026-07-30 05:21:18.446-05,G,150,Run Production,,legacy
215,2026-07-30 05:21:18.446-05,2026-07-30 06:16:31.287-05,B,95,Press Problem / Impression,,legacy
215,2026-07-30 06:16:31.287-05,2026-07-30 07:22:46.233-05,M,47,Make Ready - Time Required to Setup Job,,legacy
215,2026-07-30 07:22:46.233-05,2026-07-30 07:29:47.871-05,M,47-19,Make Ready Sleeve Low Spot,,legacy
215,2026-07-30 07:29:47.871-05,2026-07-30 07:51:52.857-05,G,150,Run Production,,legacy
215,2026-07-30 07:51:52.857-05,2026-07-30 09:25:17.602-05,M,47-20,Make Ready Out of Register,,legacy
215,2026-07-30 09:25:17.602-05,2026-07-30 11:10:43.656-05,G,150,Run Production,,legacy
215,2026-07-30 11:10:43.656-05,2026-07-30 12:01:56.237-05,B,41-2,Maintenance - Electrical,,legacy
215,2026-07-30 12:01:56.237-05,2026-07-30 13:26:20.367-05,G,150,Run Production,,legacy
215,2026-07-30 13:26:20.367-05,2026-07-30 13:43:24.162-05,B,99,Plates: Wash,,legacy
215,2026-07-30 13:43:24.162-05,2026-07-30 14:08:30.827-05,G,150,Run Production,,legacy
215,2026-07-30 14:08:30.827-05,2026-07-30 14:27:35.228-05,B,301,Cambio de Rollo,,legacy
215,2026-07-30 14:27:35.228-05,2026-07-30 16:02:58.634-05,G,150,Run Production,,legacy
215,2026-07-30 16:02:58.634-05,2026-07-30 16:17:02.255-05,B,354,Housekeeping,,legacy
215,2026-07-30 16:17:02.255-05,2026-07-30 17:15:15.994-05,G,150,Run Production,,legacy
215,2026-07-30 17:15:15.994-05,2026-07-30 17:42:22.077-05,B,41-2,Maintenance - Electrical,,legacy
215,2026-07-30 17:42:22.077-05,2026-07-30 17:43:22.274-05,B,145-1,Film Core Waste,,legacy
215,2026-07-30 17:43:22.274-05,2026-07-30 17:48:23.503-05,B,41-2,Maintenance - Electrical,,legacy
215,2026-07-30 17:48:23.503-05,2026-07-30 18:16:30.267-05,G,150,Run Production,,legacy
215,2026-07-30 18:16:30.267-05,2026-07-30 18:32:34.754-05,B,145-4,Plate Wash,,legacy
215,2026-07-30 18:32:34.754-05,2026-07-30 18:48:38.248-05,G,150,Run Production,,legacy
215,2026-07-30 18:48:38.248-05,2026-07-30 18:57:40.457-05,B,95,Press Problem / Impression,,legacy
215,2026-07-30 18:57:40.457-05,2026-07-30 20:22:59.423-05,G,150,Run Production,,legacy
215,2026-07-30 20:22:59.423-05,2026-07-30 20:29:00.658-05,B,145-4,Plate Wash,,legacy
215,2026-07-30 20:29:00.658-05,2026-07-30 20:55:06.344-05,B,145-98,Quality Hold,,legacy
215,2026-07-30 20:55:06.344-05,2026-07-30 21:16:11.257-05,G,150,Run Production,,legacy
215,2026-07-30 21:16:11.257-05,2026-07-30 21:33:15.265-05,B,95,Press Problem / Impression,,legacy
215,2026-07-30 21:33:15.265-05,2026-07-30 21:47:18.539-05,G,150,Run Production,,legacy
215,2026-07-30 21:47:18.539-05,2026-07-30 22:54:34.586-05,B,95,Press Problem / Impression,,legacy
215,2026-07-30 22:54:34.586-05,2026-07-30 23:50:47.226-05,G,150,Run Production,,legacy
215,2026-07-30 23:50:47.226-05,2026-07-31 00:05:50.895-05,B,95,Press Problem / Impression,,legacy
215,2026-07-31 00:05:50.895-05,2026-07-31 00:09:51.815-05,G,150,Run Production,,legacy
215,2026-07-31 00:09:51.815-05,2026-07-31 00:37:58.637-05,B,95,Press Problem / Impression,,legacy
215,2026-07-31 00:37:58.637-05,2026-07-31 01:05:05.02-05,B,145-98,Quality Hold,,legacy
215,2026-07-31 01:05:05.02-05,2026-07-31 02:19:22.991-05,G,150,Run Production,,legacy
215,2026-07-31 02:19:22.991-05,2026-07-31 02:27:24.938-05,B,99,Plates: Wash,,legacy
215,2026-07-31 02:27:24.938-05,2026-07-31 02:37:27.382-05,B,145-4,Plate Wash,,legacy
215,2026-07-31 02:37:27.382-05,2026-07-31 03:28:39.536-05,G,150,Run Production,,legacy
215,2026-07-31 03:28:39.536-05,2026-07-31 03:37:41.953-05,B,145-4,Plate Wash,,legacy
215,2026-07-31 03:37:41.953-05,2026-07-31 04:24:53.37-05,G,150,Run Production,,legacy
215,2026-07-31 04:24:53.37-05,2026-07-31 04:43:57.425-05,B,354,Housekeeping,,legacy
215,2026-07-31 04:43:57.425-05,2026-07-31 04:51:59.086-05,G,150,Run Production,,legacy
215,2026-07-31 04:51:59.086-05,2026-07-31 05:23:05.755-05,B,145-8,Dr. Blade Change,,legacy
215,2026-07-31 05:23:05.755-05,2026-07-31 06:07:15.586-05,B,145-4,Plate Wash,,legacy
215,2026-07-31 06:07:15.586-05,2026-07-31 06:08:15.987-05,G,150,Run Production,,legacy
215,2026-07-31 06:08:15.987-05,2026-07-31 06:09:16.233-05,B,125,Substrate - Other,,legacy
215,2026-07-31 06:09:16.233-05,2026-07-31 07:22:33.904-05,G,150,Run Production,,legacy
215,2026-07-31 07:22:33.904-05,2026-07-31 07:36:36.942-05,B,64,Mech - Press Other,,legacy
215,2026-07-31 07:36:36.942-05,2026-07-31 07:55:41.288-05,B,29,Electrical: Press Other,,legacy
215,2026-07-31 07:55:41.288-05,2026-07-31 08:03:43.142-05,G,150,Run Production,,legacy
215,2026-07-31 08:03:43.142-05,2026-07-31 08:12:45.043-05,B,99,Plates: Wash,,legacy
215,2026-07-31 08:12:45.043-05,2026-07-31 08:42:52-05,G,150,Run Production,,legacy
215,2026-07-31 08:42:52-05,2026-07-31 08:51:53.847-05,B,64,Mech - Press Other,,legacy
215,2026-07-31 08:51:53.847-05,2026-07-31 09:09:58.592-05,B,95,Press Problem / Impression,,legacy
215,2026-07-31 09:09:58.592-05,2026-07-31 09:10:58.86-05,B,450,Non Productive,,legacy
215,2026-07-31 09:10:58.86-05,2026-07-31 09:21:01.158-05,M,47-21,MR - Wait for Plates/Mounting,,legacy
215,2026-07-31 09:21:01.158-05,2026-07-31 09:32:03.561-05,M,48,Make Ready Sleeves,,legacy
215,2026-07-31 09:32:03.561-05,2026-07-31 10:51:21.492-05,M,47-18,MR Out of Stock of Sleeves,,legacy
215,2026-07-31 10:51:21.492-05,2026-07-31 12:48:48.77-05,M,47,Make Ready - Time Required to Setup Job,,legacy
215,2026-07-31 12:48:48.77-05,2026-07-31 12:56:50.552-05,B,145-6,Ink Spill,,legacy
215,2026-07-31 12:56:50.552-05,2026-07-31 13:54:02.723-05,G,150,Run Production,,legacy
215,2026-07-31 13:54:02.723-05,2026-07-31 14:01:04.243-05,B,99,Plates: Wash,,legacy
215,2026-07-31 14:01:04.243-05,2026-07-31 14:31:10.668-05,G,150,Run Production,,legacy
215,2026-07-31 14:31:10.668-05,2026-07-31 14:33:11.144-05,M,16,Make Ready,,legacy
215,2026-07-31 14:33:11.144-05,2026-07-31 14:43:13.281-05,B,95,Press Problem / Impression,,legacy
215,2026-07-31 14:43:13.281-05,2026-07-31 15:03:17.866-05,G,150,Run Production,,legacy
215,2026-07-31 15:03:17.866-05,2026-07-31 15:08:19.109-05,G,20,Run,,legacy
215,2026-07-31 15:08:19.109-05,2026-07-31 15:35:27.414-05,G,150,Run Production,,legacy
215,2026-07-31 15:35:27.414-05,2026-07-31 15:39:28.409-05,B,99,Plates: Wash,,legacy
215,2026-07-31 15:39:28.409-05,2026-07-31 15:48:30.696-05,G,20,Run,,legacy
215,2026-07-31 15:48:30.696-05,2026-07-31 16:11:36.915-05,G,150,Run Production,,legacy
215,2026-07-31 16:11:36.915-05,2026-07-31 16:23:39.987-05,B,354,Housekeeping,,legacy
215,2026-07-31 16:23:39.987-05,2026-07-31 16:42:44.43-05,G,20,Run,,legacy
215,2026-07-31 16:42:44.43-05,2026-07-31 16:45:45.228-05,G,150,Run Production,,legacy
215,2026-07-31 16:45:45.228-05,2026-07-31 17:17:52.191-05,H,,,,legacy
215,2026-07-31 17:17:52.191-05,2026-07-31 17:29:54.736-05,G,150,Run Production,,legacy
215,2026-07-31 17:29:54.736-05,2026-07-31 17:34:56.088-05,B,145-8,Dr. Blade Change,,legacy
215,2026-07-31 17:34:56.088-05,2026-07-31 19:41:26.808-05,G,150,Run Production,,legacy
215,2026-07-31 19:41:26.808-05,2026-07-31 19:55:30.581-05,B,145-4,Plate Wash,,legacy
215,2026-07-31 19:55:30.581-05,2026-07-31 20:16:35.494-05,B,145-8,Dr. Blade Change,,legacy
215,2026-07-31 20:16:35.494-05,2026-07-31 20:52:43.028-05,G,150,Run Production,,legacy
215,2026-07-31 20:52:43.028-05,2026-07-31 21:09:46.627-05,B,145-3,Drum Clean,,legacy
215,2026-07-31 21:09:46.627-05,2026-07-31 21:35:52.175-05,B,99,Plates: Wash,,legacy
215,2026-07-31 21:35:52.175-05,2026-07-31 21:37:52.565-05,G,150,Run Production,,legacy
215,2026-07-31 21:37:52.565-05,2026-07-31 21:50:55.516-05,B,145-4,Plate Wash,,legacy
215,2026-07-31 21:50:55.516-05,2026-07-31 22:56:10.192-05,G,150,Run Production,,legacy
215,2026-07-31 22:56:10.192-05,2026-07-31 23:41:19.929-05,B,64,Mech - Press Other,,legacy
215,2026-07-31 23:41:19.929-05,2026-08-01 00:10:26.568-05,G,150,Run Production,,legacy
215,2026-08-01 00:10:26.568-05,2026-08-01 00:35:32.105-05,B,145-99,Other,,legacy
215,2026-08-01 00:35:32.105-05,2026-08-01 02:27:56.298-05,G,150,Run Production,,legacy
215,2026-08-01 02:27:56.298-05,2026-08-01 02:31:57.5-05,B,450,Non Productive,,legacy
215,2026-08-01 02:31:57.5-05,2026-08-01 04:39:30.051-05,M,48,Make Ready Sleeves,,legacy
215,2026-08-01 04:39:30.051-05,2026-08-01 06:23:52.421-05,M,47,Make Ready - Time Required to Setup Job,,legacy
215,2026-08-01 06:23:52.421-05,2026-08-01 06:24:52.602-05,B,125,Substrate - Other,,legacy
215,2026-08-01 06:24:52.602-05,2026-08-01 07:44:10.332-05,G,150,Run Production,,legacy
215,2026-08-01 07:44:10.332-05,2026-08-01 08:00:13.633-05,B,99,Plates: Wash,,legacy
215,2026-08-01 08:00:13.633-05,2026-08-01 10:19:43.952-05,G,150,Run Production,,legacy
215,2026-08-01 10:19:43.952-05,2026-08-01 10:35:47.496-05,B,99,Plates: Wash,,legacy
215,2026-08-01 10:35:47.496-05,2026-08-01 11:06:54.214-05,G,150,Run Production,,legacy
215,2026-08-01 11:06:54.214-05,2026-08-01 12:06:07.472-05,M,47-12,Make Ready Wait for Film,,legacy
215,2026-08-01 12:06:07.472-05,2026-08-01 13:17:23.39-05,G,150,Run Production,,legacy
215,2026-08-01 13:17:23.39-05,2026-08-01 13:40:28.999-05,B,145-4,Plate Wash,,legacy
215,2026-08-01 13:40:28.999-05,2026-08-01 14:01:33.849-05,G,150,Run Production,,legacy
215,2026-08-01 14:01:33.849-05,2026-08-01 14:03:34.235-05,B,29,Electrical: Press Other,,legacy
215,2026-08-01 14:03:34.235-05,2026-08-01 14:23:38.604-05,G,150,Run Production,,legacy
215,2026-08-01 14:23:38.604-05,2026-08-01 14:38:41.896-05,B,99,Plates: Wash,,legacy
215,2026-08-01 14:38:41.896-05,2026-08-01 15:09:48.498-05,G,150,Run Production,,legacy
215,2026-08-01 15:09:48.498-05,2026-08-01 16:42:08.398-05,M,47-12,Make Ready Wait for Film,,legacy
215,2026-08-01 16:42:08.398-05,2026-08-01 18:39:36.059-05,G,150,Run Production,,legacy
215,2026-08-01 18:39:36.059-05,2026-08-01 20:13:56.626-05,M,48,Make Ready Sleeves,,legacy
215,2026-08-01 20:13:56.626-05,2026-08-01 21:28:12.518-05,M,47,Make Ready - Time Required to Setup Job,,legacy
215,2026-08-01 21:28:12.518-05,2026-08-01 21:45:16.203-05,B,29,Electrical: Press Other,,legacy
215,2026-08-01 21:45:16.203-05,2026-08-01 22:37:28.74-05,M,47,Make Ready - Time Required to Setup Job,,legacy
215,2026-08-01 22:37:28.74-05,2026-08-01 23:11:36.429-05,M,80,Anilox: Change,,legacy
215,2026-08-01 23:11:36.429-05,2026-08-01 23:41:42.999-05,M,47,Make Ready - Time Required to Setup Job,,legacy
215,2026-08-01 23:41:42.999-05,2026-08-02 00:08:49.656-05,M,85,Make Ready - Color Match,,legacy
215,2026-08-02 00:08:49.656-05,2026-08-02 00:22:53.195-05,M,80,Anilox: Change,,legacy
215,2026-08-02 00:22:53.195-05,2026-08-02 01:06:03.151-05,M,47,Make Ready - Time Required to Setup Job,,legacy
215,2026-08-02 01:06:03.151-05,2026-08-02 01:56:13.786-05,G,150,Run Production,,legacy
215,2026-08-02 01:56:13.786-05,2026-08-02 03:17:32.43-05,M,47,Make Ready - Time Required to Setup Job,,legacy
215,2026-08-02 03:17:32.43-05,2026-08-02 03:53:41.17-05,G,150,Run Production,,legacy
215,2026-08-02 03:53:41.17-05,2026-08-02 03:58:42.372-05,B,450,Non Productive,,legacy
215,2026-08-02 03:58:42.372-05,2026-08-02 04:01:43.04-05,M,47,Make Ready - Time Required to Setup Job,,legacy
215,2026-08-02 04:01:43.04-05,2026-08-02 04:16:46.671-05,G,150,Run Production,,legacy
215,2026-08-02 04:16:46.671-05,2026-08-02 04:25:48.799-05,M,47-12,Make Ready Wait for Film,,legacy
215,2026-08-02 04:25:48.799-05,2026-08-02 04:26:49.018-05,M,47,Make Ready - Time Required to Setup Job,,legacy
215,2026-08-02 04:26:49.018-05,2026-08-02 04:50:54.407-05,B,301,Cambio de Rollo,,legacy
215,2026-08-02 04:50:54.407-05,2026-08-02 05:16:00.59-05,G,150,Run Production,,legacy
215,2026-08-02 05:16:00.59-05,2026-08-02 05:37:04.834-05,B,450,Non Productive,,legacy
215,2026-08-02 05:37:04.834-05,2026-08-02 06:21:14.453-05,M,48,Make Ready Sleeves,,legacy
215,2026-08-02 06:21:14.453-05,2026-08-02 07:40:32.374-05,M,47,Make Ready - Time Required to Setup Job,,legacy
215,2026-08-02 07:40:32.374-05,2026-08-02 08:09:39.174-05,M,47-3,Make Ready Ghosting,,legacy
215,2026-08-02 08:09:39.174-05,2026-08-02 08:46:47.255-05,M,47,Make Ready - Time Required to Setup Job,,legacy
215,2026-08-02 08:46:47.255-05,2026-08-02 08:57:49.621-05,M,85,Make Ready - Color Match,,legacy
215,2026-08-02 08:57:49.621-05,2026-08-02 09:07:51.787-05,M,47,Make Ready - Time Required to Setup Job,,legacy
215,2026-08-02 09:07:51.787-05,2026-08-02 09:22:54.927-05,B,145-99,Other,,legacy
215,2026-08-02 09:22:54.927-05,2026-08-02 09:54:02.096-05,G,150,Run Production,,legacy
215,2026-08-02 09:54:02.096-05,2026-08-02 09:55:02.325-05,M,47,Make Ready - Time Required to Setup Job,,legacy
215,2026-08-02 09:55:02.325-05,2026-08-02 09:59:03.142-05,G,150,Run Production,,legacy
215,2026-08-02 09:59:03.142-05,2026-08-02 10:00:03.404-05,B,450,Non Productive,,legacy
215,2026-08-02 10:00:03.404-05,2026-08-02 10:45:13.563-05,G,150,Run Production,,legacy
215,2026-08-02 10:45:13.563-05,2026-08-02 10:50:14.697-05,B,450,Non Productive,,legacy
215,2026-08-02 10:50:14.697-05,2026-08-02 10:54:15.623-05,M,48,Make Ready Sleeves,,legacy
215,2026-08-02 10:54:15.623-05,2026-08-02 11:36:25.045-05,M,47,Make Ready - Time Required to Setup Job,,legacy
215,2026-08-02 11:36:25.045-05,2026-08-02 12:29:36.79-05,B,450,Non Productive,,legacy
215,2026-08-02 12:29:36.79-05,2026-08-02 13:47:54.557-05,M,47,Make Ready - Time Required to Setup Job,,legacy
215,2026-08-02 13:47:54.557-05,2026-08-02 14:05:58.42-05,M,85,Make Ready - Color Match,,legacy
215,2026-08-02 14:05:58.42-05,2026-08-02 15:46:21.62-05,M,47,Make Ready - Time Required to Setup Job,,legacy
215,2026-08-02 15:46:21.62-05,2026-08-02 15:47:21.827-05,M,85,Make Ready - Color Match,,legacy
215,2026-08-02 15:47:21.827-05,2026-08-02 15:58:24.261-05,G,150,Run Production,,legacy
215,2026-08-02 15:58:24.261-05,2026-08-02 16:43:34.176-05,M,47,Make Ready - Time Required to Setup Job,,legacy
215,2026-08-02 16:43:34.176-05,2026-08-02 17:15:41.187-05,G,150,Run Production,,legacy
215,2026-08-02 17:15:41.187-05,2026-08-02 17:21:42.47-05,B,450,Non Productive,,legacy
215,2026-08-02 17:21:42.47-05,2026-08-02 17:22:42.66-05,M,47,Make Ready - Time Required to Setup Job,,legacy
215,2026-08-02 17:22:42.66-05,2026-08-02 17:38:46.002-05,M,48,Make Ready Sleeves,,legacy
215,2026-08-02 17:38:46.002-05,2026-08-02 18:59:04.656-05,M,47,Make Ready - Time Required to Setup Job,,legacy
215,2026-08-02 18:59:04.656-05,2026-08-02 19:29:11.278-05,B,29,Electrical: Press Other,,legacy
215,2026-08-02 19:29:11.278-05,2026-08-02 19:43:14.338-05,M,47,Make Ready - Time Required to Setup Job,,legacy
215,2026-08-02 19:43:14.338-05,2026-08-02 19:45:14.74-05,B,29,Electrical: Press Other,,legacy
215,2026-08-02 19:45:14.74-05,2026-08-02 20:42:27.498-05,M,47,Make Ready - Time Required to Setup Job,,legacy
215,2026-08-02 20:42:27.498-05,2026-08-02 21:09:33.399-05,B,145-3,Drum Clean,,legacy
215,2026-08-02 21:09:33.399-05,2026-08-02 21:25:37.234-05,B,145-4,Plate Wash,,legacy
215,2026-08-02 21:25:37.234-05,2026-08-02 21:28:37.903-05,M,47,Make Ready - Time Required to Setup Job,,legacy
215,2026-08-02 21:28:37.903-05,2026-08-02 21:52:43.06-05,M,47-4,Make Ready Bouncing,,legacy
215,2026-08-02 21:52:43.06-05,2026-08-02 21:57:44.187-05,G,150,Run Production,,legacy
215,2026-08-02 21:57:44.187-05,2026-08-02 22:03:45.395-05,B,450,Non Productive,,legacy
215,2026-08-02 22:03:45.395-05,2026-08-02 22:46:54.827-05,G,150,Run Production,,legacy
215,2026-08-02 22:46:54.827-05,2026-08-02 22:47:55.011-05,B,450,Non Productive,,legacy
215,2026-08-02 22:47:55.011-05,2026-08-02 22:48:55.242-05,M,47,Make Ready - Time Required to Setup Job,,legacy
215,2026-08-02 22:48:55.242-05,2026-08-02 22:54:56.762-05,B,450,Non Productive,,legacy
215,2026-08-02 22:54:56.762-05,2026-08-02 22:55:57.028-05,M,47,Make Ready - Time Required to Setup Job,,legacy
215,2026-08-02 22:55:57.028-05,2026-08-03 00:56:23.798-05,M,48,Make Ready Sleeves,,legacy
215,2026-08-03 00:56:23.798-05,2026-08-03 01:32:31.729-05,M,47,Make Ready - Time Required to Setup Job,,legacy
215,2026-08-03 01:32:31.729-05,2026-08-03 04:03:04.769-05,M,47-4,Make Ready Bouncing,,legacy
215,2026-08-03 04:03:04.769-05,2026-08-03 04:31:10.782-05,G,150,Run Production,,legacy
215,2026-08-03 04:31:10.782-05,2026-08-03 04:32:10.933-05,B,450,Non Productive,,legacy
215,2026-08-03 04:32:10.933-05,2026-08-03 05:34:24.977-05,M,47-21,MR - Wait for Plates/Mounting,,legacy
215,2026-08-03 05:34:24.977-05,2026-08-03 06:49:41.304-05,M,47-1,Make-Ready Sleeves,,legacy
215,2026-08-03 06:49:41.304-05,2026-08-03 07:34:51.281-05,M,47,Make Ready - Time Required to Setup Job,,legacy
215,2026-08-03 07:34:51.281-05,2026-08-03 07:40:52.511-05,M,85,Make Ready - Color Match,,legacy
215,2026-08-03 07:40:52.511-05,2026-08-03 07:50:54.836-05,M,47,Make Ready - Time Required to Setup Job,,legacy
215,2026-08-03 07:50:54.836-05,2026-08-03 08:21:01.539-05,M,47-3,Make Ready Ghosting,,legacy
215,2026-08-03 08:21:01.539-05,2026-08-03 08:56:09.267-05,M,47-24,MR Sticky Back Change,,legacy
215,2026-08-03 08:56:09.267-05,2026-08-03 09:06:11.503-05,M,47,Make Ready - Time Required to Setup Job,,legacy
215,2026-08-03 09:06:11.503-05,2026-08-03 09:54:21.858-05,G,150,Run Production,,legacy
215,2026-08-03 09:54:21.858-05,2026-08-03 09:57:22.518-05,B,450,Non Productive,,legacy
215,2026-08-03 09:57:22.518-05,2026-08-03 11:36:45.393-05,M,47-18,MR Out of Stock of Sleeves,,legacy
215,2026-08-03 11:36:45.393-05,2026-08-03 12:10:53.38-05,M,48,Make Ready Sleeves,,legacy
215,2026-08-03 12:10:53.38-05,2026-08-03 14:43:29.445-05,M,47,Make Ready - Time Required to Setup Job,,legacy
215,2026-08-03 14:43:29.445-05,2026-08-03 15:19:37.975-05,B,145-99,Other,,legacy
215,2026-08-03 15:19:37.975-05,2026-08-03 15:42:43.424-05,G,150,Run Production,,legacy
215,2026-08-03 15:42:43.424-05,2026-08-03 15:43:43.627-05,M,85,Make Ready - Color Match,,legacy
215,2026-08-03 15:43:43.627-05,2026-08-03 15:52:45.672-05,G,150,Run Production,,legacy
215,2026-08-03 15:52:45.672-05,2026-08-03 15:54:46.144-05,B,450,Non Productive,,legacy
215,2026-08-03 15:54:46.144-05,2026-08-03 15:55:46.342-05,M,47,Make Ready - Time Required to Setup Job,,legacy
215,2026-08-03 15:55:46.342-05,2026-08-03 16:04:58.622-05,M,48,Make Ready Sleeves,,legacy
215,2026-08-03 16:04:58.622-05,2026-08-03 19:46:50.366-05,M,47,Make Ready - Time Required to Setup Job,,legacy
215,2026-08-03 19:46:50.366-05,2026-08-03 20:00:53.534-05,G,150,Run Production,,legacy
215,2026-08-03 20:00:53.534-05,2026-08-03 20:10:55.954-05,M,48,Make Ready Sleeves,,legacy
215,2026-08-03 20:10:55.954-05,2026-08-03 20:17:57.591-05,M,47,Make Ready - Time Required to Setup Job,,legacy
215,2026-08-03 20:17:57.591-05,2026-08-03 21:14:10.453-05,B,64,Mech - Press Other,,legacy
215,2026-08-03 21:14:10.453-05,2026-08-03 21:41:16.391-05,B,145-8,Dr. Blade Change,,legacy
215,2026-08-03 21:41:16.391-05,2026-08-03 22:35:29.381-05,M,47,Make Ready - Time Required to Setup Job,,legacy
215,2026-08-03 22:35:29.381-05,2026-08-03 23:47:45.915-05,M,47-19,Make Ready Sleeve Low Spot,,legacy
215,2026-08-03 23:47:45.915-05,2026-08-04 01:01:02.178-05,M,47,Make Ready - Time Required to Setup Job,,legacy
215,2026-08-04 01:01:02.178-05,2026-08-04 01:10:04.575-05,M,85,Make Ready - Color Match,,legacy
215,2026-08-04 01:10:04.575-05,2026-08-04 01:12:05.055-05,G,150,Run Production,,legacy
215,2026-08-04 01:12:05.055-05,2026-08-04 01:38:11.46-05,M,47,Make Ready - Time Required to Setup Job,,legacy
215,2026-08-04 01:38:11.46-05,2026-08-04 01:58:15.617-05,G,150,Run Production,,legacy
215,2026-08-04 01:58:15.617-05,2026-08-04 02:09:17.938-05,M,48,Make Ready Sleeves,,legacy
215,2026-08-04 02:09:17.938-05,2026-08-04 02:53:27.943-05,M,47-21,MR - Wait for Plates/Mounting,,legacy
215,2026-08-04 02:53:27.943-05,2026-08-04 03:03:30.221-05,M,47,Make Ready - Time Required to Setup Job,,legacy
215,2026-08-04 03:03:30.221-05,2026-08-04 04:00:43.863-05,M,48,Make Ready Sleeves,,legacy
215,2026-08-04 04:00:43.863-05,2026-08-04 06:33:18.742-05,M,47-4,Make Ready Bouncing,,legacy
215,2026-08-04 06:33:18.742-05,2026-08-04 08:53:52.789-05,M,47,Make Ready - Time Required to Setup Job,,legacy
215,2026-08-04 08:53:52.789-05,2026-08-04 09:01:54.749-05,B,450,Non Productive,,legacy
215,2026-08-04 09:01:54.749-05,2026-08-04 09:32:02.2-05,M,48,Make Ready Sleeves,,legacy
215,2026-08-04 09:32:02.2-05,2026-08-04 12:08:38.61-05,M,47,Make Ready - Time Required to Setup Job,,legacy
215,2026-08-04 12:08:38.61-05,2026-08-04 12:49:48.126-05,M,47-19,Make Ready Sleeve Low Spot,,legacy
215,2026-08-04 12:49:48.126-05,2026-08-04 13:59:04.103-05,M,47,Make Ready - Time Required to Setup Job,,legacy
215,2026-08-04 13:59:04.103-05,2026-08-04 14:32:11.947-05,M,85,Make Ready - Color Match,,legacy
215,2026-08-04 14:32:11.947-05,2026-08-04 14:47:15.495-05,M,47,Make Ready - Time Required to Setup Job,,legacy
215,2026-08-04 14:47:15.495-05,2026-08-04 15:14:21.512-05,G,150,Run Production,,legacy
215,2026-08-04 15:14:21.512-05,2026-08-04 15:59:32.945-05,M,80,Anilox: Change,,legacy
215,2026-08-04 15:59:32.945-05,2026-08-04 16:23:39.168-05,G,150,Run Production,,legacy
215,2026-08-04 16:23:39.168-05,2026-08-04 16:25:39.617-05,M,47-4,Make Ready Bouncing,,legacy
215,2026-08-04 16:25:39.617-05,2026-08-04 16:30:40.714-05,B,450,Non Productive,,legacy
215,2026-08-04 16:30:40.714-05,2026-08-04 16:50:45.941-05,M,47,Make Ready - Time Required to Setup Job,,legacy
215,2026-08-04 16:50:45.941-05,2026-08-04 17:17:52.489-05,B,354,Housekeeping,,legacy
215,2026-08-04 17:17:52.489-05,2026-08-04 20:29:35.997-05,M,47,Make Ready - Time Required to Setup Job,,legacy
215,2026-08-04 20:29:35.997-05,2026-08-04 21:07:44.471-05,M,80,Anilox: Change,,legacy
215,2026-08-04 21:07:44.471-05,2026-08-04 21:38:52.103-05,B,145-8,Dr. Blade Change,,legacy
215,2026-08-04 21:38:52.103-05,2026-08-04 21:45:53.611-05,M,47,Make Ready - Time Required to Setup Job,,legacy
215,2026-08-04 21:45:53.611-05,2026-08-04 22:21:01.821-05,B,145-98,Quality Hold,,legacy
215,2026-08-04 22:21:01.821-05,2026-08-04 22:39:05.937-05,M,47,Make Ready - Time Required to Setup Job,,legacy
215,2026-08-04 22:39:05.937-05,2026-08-04 22:40:06.154-05,M,85,Make Ready - Color Match,,legacy
215,2026-08-04 22:40:06.154-05,2026-08-04 22:51:08.609-05,M,47,Make Ready - Time Required to Setup Job,,legacy
215,2026-08-04 22:51:08.609-05,2026-08-04 23:02:11.241-05,M,85,Make Ready - Color Match,,legacy
215,2026-08-04 23:02:11.241-05,2026-08-04 23:07:12.454-05,M,47,Make Ready - Time Required to Setup Job,,legacy
215,2026-08-04 23:07:12.454-05,2026-08-04 23:20:15.781-05,M,85,Make Ready - Color Match,,legacy
215,2026-08-04 23:20:15.781-05,2026-08-04 23:53:23.865-05,B,145-8,Dr. Blade Change,,legacy
215,2026-08-04 23:53:23.865-05,2026-08-05 00:25:31.708-05,B,145-3,Drum Clean,,legacy
215,2026-08-05 00:25:31.708-05,2026-08-05 00:29:32.611-05,M,47,Make Ready - Time Required to Setup Job,,legacy
215,2026-08-05 00:29:32.611-05,2026-08-05 00:59:39.125-05,M,47-4,Make Ready Bouncing,,legacy
215,2026-08-05 00:59:39.125-05,2026-08-05 01:37:48.203-05,M,47,Make Ready - Time Required to Setup Job,,legacy
215,2026-08-05 01:37:48.203-05,2026-08-05 02:14:56.497-05,G,150,Run Production,,legacy
215,2026-08-05 02:14:56.497-05,2026-08-05 02:15:56.72-05,M,47,Make Ready - Time Required to Setup Job,,legacy
215,2026-08-05 02:15:56.72-05,2026-08-05 02:27:59.355-05,G,150,Run Production,,legacy
215,2026-08-05 02:27:59.355-05,2026-08-05 02:45:03.211-05,B,450,Non Productive,,legacy
215,2026-08-05 02:45:03.211-05,2026-08-05 03:21:11.62-05,M,48,Make Ready Sleeves,,legacy
215,2026-08-05 03:21:11.62-05,2026-08-05 03:26:12.833-05,B,64,Mech - Press Other,,legacy
215,2026-08-05 03:26:12.833-05,2026-08-05 04:50:32.482-05,M,47,Make Ready - Time Required to Setup Job,,legacy
215,2026-08-05 04:50:32.482-05,2026-08-05 05:03:35.415-05,B,354,Housekeeping,,legacy
215,2026-08-05 05:03:35.415-05,2026-08-05 06:37:58.119-05,M,47,Make Ready - Time Required to Setup Job,,legacy
215,2026-08-05 06:37:58.119-05,2026-08-05 09:03:32.89-05,M,47-20,Make Ready Out of Register,,legacy
215,2026-08-05 09:03:32.89-05,2026-08-05 09:20:36.521-05,M,85,Make Ready - Color Match,,legacy
215,2026-08-05 09:20:36.521-05,2026-08-05 09:23:37.138-05,M,47,Make Ready - Time Required to Setup Job,,legacy
215,2026-08-05 09:23:37.138-05,2026-08-05 09:29:38.437-05,B,145-4,Plate Wash,,legacy
215,2026-08-05 09:29:38.437-05,2026-08-05 09:33:39.365-05,G,150,Run Production,,legacy
215,2026-08-05 09:33:39.365-05,2026-08-05 09:42:41.365-05,B,99,Plates: Wash,,legacy
215,2026-08-05 09:42:41.365-05,2026-08-05 10:26:51.487-05,G,150,Run Production,,legacy
215,2026-08-05 10:26:51.487-05,2026-08-05 10:27:51.758-05,B,450,Non Productive,,legacy
215,2026-08-05 10:27:51.758-05,2026-08-05 11:33:07.751-05,M,48,Make Ready Sleeves,,legacy
215,2026-08-05 11:33:07.751-05,2026-08-05 12:10:15.911-05,M,47,Make Ready - Time Required to Setup Job,,legacy
215,2026-08-05 12:10:15.911-05,2026-08-05 13:08:29.535-05,B,29,Electrical: Press Other,,legacy
215,2026-08-05 13:08:29.535-05,2026-08-05 13:34:35.635-05,M,47,Make Ready - Time Required to Setup Job,,legacy
215,2026-08-05 13:34:35.635-05,2026-08-05 14:12:45.279-05,B,29,Electrical: Press Other,,legacy
215,2026-08-05 14:12:45.279-05,2026-08-05 14:15:45.936-05,M,47,Make Ready - Time Required to Setup Job,,legacy
215,2026-08-05 14:15:45.936-05,2026-08-05 14:34:50.19-05,M,80,Anilox: Change,,legacy
215,2026-08-05 14:34:50.19-05,2026-08-05 16:17:14.656-05,M,47,Make Ready - Time Required to Setup Job,,legacy
215,2026-08-05 16:17:14.656-05,2026-08-05 17:17:30.268-05,M,47-4,Make Ready Bouncing,,legacy
215,2026-08-05 17:17:30.268-05,2026-08-05 18:44:56.098-05,M,47,Make Ready - Time Required to Setup Job,,legacy
215,2026-08-05 18:44:56.098-05,2026-08-05 19:33:07.38-05,G,150,Run Production,,legacy
215,2026-08-05 19:33:07.38-05,2026-08-05 21:01:28.354-05,B,95,Press Problem / Impression,,legacy
215,2026-08-05 21:01:28.354-05,2026-08-05 21:16:31.752-05,M,80,Anilox: Change,,legacy
215,2026-08-05 21:16:31.752-05,2026-08-06 02:54:50.844-05,G,150,Run Production,,legacy
215,2026-08-06 02:54:50.844-05,2026-08-06 03:13:55.003-05,B,145-4,Plate Wash,,legacy
215,2026-08-06 03:13:55.003-05,2026-08-06 03:43:02.205-05,G,150,Run Production,,legacy
215,2026-08-06 03:43:02.205-05,2026-08-06 04:28:12.65-05,B,354,Housekeeping,,legacy
215,2026-08-06 04:28:12.65-05,2026-08-06 06:03:34.902-05,G,150,Run Production,,legacy
215,2026-08-06 06:03:34.902-05,2026-08-06 06:12:37.073-05,B,95,Press Problem / Impression,,legacy
215,2026-08-06 06:12:37.073-05,2026-08-06 08:13:05.083-05,G,150,Run Production,,legacy
215,2026-08-06 08:13:05.083-05,2026-08-06 08:27:08.627-05,B,112,Substrate - Baggy Film,,legacy
215,2026-08-06 08:27:08.627-05,2026-08-06 12:05:01.98-05,G,150,Run Production,,legacy
215,2026-08-06 12:05:01.98-05,2026-08-06 12:27:06.692-05,B,145-2,Poor Print,,legacy
215,2026-08-06 12:27:06.692-05,2026-08-06 12:31:07.482-05,B,450,Non Productive,,legacy
215,2026-08-06 12:31:07.482-05,2026-08-06 12:32:07.713-05,M,47,Make Ready - Time Required to Setup Job,,legacy
215,2026-08-06 12:32:07.713-05,2026-08-06 12:45:10.75-05,M,48,Make Ready Sleeves,,legacy
215,2026-08-06 12:45:10.75-05,2026-08-06 13:19:18.858-05,B,64,Mech - Press Other,,legacy
215,2026-08-06 13:19:18.858-05,2026-08-06 13:25:20.123-05,B,29,Electrical: Press Other,,legacy
215,2026-08-06 13:25:20.123-05,2026-08-06 13:50:26.65-05,M,47,Make Ready - Time Required to Setup Job,,legacy
215,2026-08-06 13:50:26.65-05,2026-08-06 15:05:43.885-05,M,47-3,Make Ready Ghosting,,legacy
215,2026-08-06 15:05:43.885-05,2026-08-06 16:09:49.909-05,G,150,Run Production,,legacy
215,2026-08-06 16:09:49.909-05,2026-08-06 23:10:55.354-05,B,133,Substrate - Wind/Edge Profile,,legacy
215,2026-08-06 23:10:55.354-05,2026-08-07 02:26:24.743-05,G,150,Run Production,,legacy
215,2026-08-07 02:26:24.743-05,2026-08-07 02:27:25.025-05,B,450,Non Productive,,legacy
215,2026-08-07 02:27:25.025-05,2026-08-07 02:31:25.914-05,M,47-21,MR - Wait for Plates/Mounting,,legacy
215,2026-08-07 02:31:25.914-05,2026-08-07 05:23:59.437-05,M,47-18,MR Out of Stock of Sleeves,,legacy
215,2026-08-07 05:23:59.437-05,2026-08-07 11:59:48.456-05,M,48,Make Ready Sleeves,,legacy
215,2026-08-07 11:59:48.456-05,2026-08-07 17:45:33.403-05,G,150,Run Production,,legacy
215,2026-08-07 17:45:33.403-05,2026-08-07 17:46:33.646-05,M,47,Make Ready - Time Required to Setup Job,,legacy
215,2026-08-07 17:46:33.646-05,2026-08-07 18:33:50.225-05,G,150,Run Production,,legacy
215,2026-08-07 18:33:50.225-05,2026-08-07 18:51:57.648-05,B,145-4,Plate Wash,,legacy
215,2026-08-07 18:51:57.648-05,2026-08-08 06:33:39.915-05,G,150,Run Production,,legacy
215,2026-08-08 06:33:39.915-05,2026-08-08 06:57:47.048-05,B,99,Plates: Wash,,legacy
215,2026-08-08 06:57:47.048-05,2026-08-08 07:26:55.42-05,B,145-99,Other,,legacy
215,2026-08-08 07:26:55.42-05,2026-08-08 09:04:22.552-05,G,150,Run Production,,legacy
215,2026-08-08 09:04:22.552-05,2026-08-08 09:27:28.421-05,B,145-99,Other,,legacy
215,2026-08-08 09:27:28.421-05,2026-08-08 15:34:06.413-05,G,150,Run Production,,legacy
215,2026-08-08 15:34:06.413-05,2026-08-08 16:27:20.897-05,B,145-7,Film Web Break,,legacy
215,2026-08-08 16:27:20.897-05,2026-08-08 17:06:30.21-05,G,150,Run Production,,legacy
215,2026-08-08 17:06:30.21-05,2026-08-08 17:07:30.471-05,B,145-1,Film Core Waste,,legacy
215,2026-08-08 17:07:30.471-05,2026-08-08 18:20:51.181-05,G,150,Run Production,,legacy
215,2026-08-08 18:20:51.181-05,2026-08-08 18:31:53.755-05,B,145-4,Plate Wash,,legacy
215,2026-08-08 18:31:53.755-05,2026-08-08 19:55:13.15-05,G,150,Run Production,,legacy
215,2026-08-08 19:55:13.15-05,2026-08-08 20:05:15.502-05,B,99,Plates: Wash,,legacy
215,2026-08-08 20:05:15.502-05,2026-08-08 20:59:28.37-05,G,150,Run Production,,legacy
215,2026-08-08 20:59:28.37-05,2026-08-08 21:20:33.844-05,B,145-4,Plate Wash,,legacy
215,2026-08-08 21:20:33.844-05,2026-08-09 00:47:27.186-05,G,150,Run Production,,legacy
215,2026-08-09 00:47:27.186-05,2026-08-09 01:40:40.3-05,B,145-7,Film Web Break,,legacy
215,2026-08-09 01:40:40.3-05,2026-08-09 01:41:40.654-05,G,150,Run Production,,legacy
215,2026-08-09 01:41:40.654-05,2026-08-09 01:56:44.143-05,B,99,Plates: Wash,,legacy
215,2026-08-09 01:56:44.143-05,2026-08-09 04:31:22.04-05,G,150,Run Production,,legacy
215,2026-08-09 04:31:22.04-05,2026-08-09 04:33:22.473-05,B,450,Non Productive,,legacy
215,2026-08-09 04:33:22.473-05,2026-08-09 06:33:53.845-05,M,48,Make Ready Sleeves,,legacy
215,2026-08-09 06:33:53.845-05,2026-08-09 09:41:42.298-05,M,47,Make Ready - Time Required to Setup Job,,legacy
215,2026-08-09 09:41:42.298-05,2026-08-09 09:49:44.131-05,G,150,Run Production,,legacy
215,2026-08-09 09:49:44.131-05,2026-08-09 10:01:46.81-05,M,47-16,MR Score Line (Anilox),,legacy
215,2026-08-09 10:01:46.81-05,2026-08-09 15:06:08.575-05,G,150,Run Production,,legacy
215,2026-08-09 15:06:08.575-05,2026-08-09 15:31:14.768-05,B,145-4,Plate Wash,,legacy
215,2026-08-09 15:31:14.768-05,2026-08-09 15:41:17.211-05,G,150,Run Production,,legacy
215,2026-08-09 15:41:17.211-05,2026-08-09 16:21:27.252-05,B,145-7,Film Web Break,,legacy
215,2026-08-09 16:21:27.252-05,2026-08-09 16:51:34.445-05,B,354,Housekeeping,,legacy
215,2026-08-09 16:51:34.445-05,2026-08-09 16:52:34.669-05,G,150,Run Production,,legacy
215,2026-08-09 16:52:34.669-05,2026-08-09 16:53:34.934-05,B,145-1,Film Core Waste,,legacy
215,2026-08-09 16:53:34.934-05,2026-08-09 19:59:23.057-05,G,150,Run Production,,legacy
215,2026-08-09 19:59:23.057-05,2026-08-09 20:00:23.312-05,B,301,Cambio de Rollo,,legacy
215,2026-08-09 20:00:23.312-05,2026-08-09 20:01:23.509-05,G,150,Run Production,,legacy
215,2026-08-09 20:01:23.509-05,2026-08-09 20:05:24.601-05,B,301,Cambio de Rollo,,legacy
215,2026-08-09 20:05:24.601-05,2026-08-09 21:33:46.16-05,G,150,Run Production,,legacy
215,2026-08-09 21:33:46.16-05,2026-08-09 21:47:49.543-05,B,99,Plates: Wash,,legacy
215,2026-08-09 21:47:49.543-05,2026-08-10 07:10:11.08-05,G,150,Run Production,,legacy
215,2026-08-10 07:10:11.08-05,2026-08-10 07:11:11.288-05,B,145-5,Plate Up,,legacy
215,2026-08-10 07:11:11.288-05,2026-08-10 07:33:16.438-05,G,150,Run Production,,legacy
215,2026-08-10 07:33:16.438-05,2026-08-10 08:27:30.129-05,M,47-12,Make Ready Wait for Film,,legacy
215,2026-08-10 08:27:30.129-05,,G,150,Run Production,,legacy
